transaction_id,date,year,month,quarter,day_of_week,product_category,region,channel,salesperson_id,quantity,unit_price,discount,revenue,profit,customer_churned,revenue_band,is_discounted
TXN003471,2021-01-01,2021,1,1,Friday,Electronics,West,Retail Store,SP_015,8,511.84,0.1,3685.25,1022.55,1,L,1
TXN002112,2021-01-01,2021,1,1,Friday,Electronics,Central,Online,SP_001,7,465.43,0.15,2769.31,862.26,0,L,1
TXN002998,2021-01-02,2021,1,1,Saturday,Books,Central,Retail Store,SP_003,9,26.85,0.0,241.65,151.72,0,S,0
TXN000845,2021-01-02,2021,1,1,Saturday,Books,East,Online,SP_019,6,26.81,0.15,136.73,98.0,0,XS,1
TXN002956,2021-01-02,2021,1,1,Saturday,Electronics,West,Retail Store,SP_037,6,418.11,0.15,2132.36,538.61,0,L,1
TXN003777,2021-01-02,2021,1,1,Saturday,Electronics,North,Wholesale,SP_019,9,492.33,0.0,4430.97,1129.78,0,L,0
TXN001768,2021-01-02,2021,1,1,Saturday,Clothing,South,Retail Store,SP_020,5,69.96,0.0,349.8,208.68,1,S,0
TXN001901,2021-01-02,2021,1,1,Saturday,Home Goods,West,Mobile App,SP_017,6,103.63,0.0,621.78,220.05,0,M,0
TXN000021,2021-01-02,2021,1,1,Saturday,Books,East,Mobile App,SP_002,5,28.21,0.0,141.05,89.05,0,XS,0
TXN002779,2021-01-03,2021,1,1,Sunday,Electronics,South,Retail Store,SP_040,10,425.76,0.0,4257.6,1291.53,1,L,0
TXN004476,2021-01-03,2021,1,1,Sunday,Home Goods,East,Wholesale,SP_017,8,136.87,0.0,1094.96,449.82,1,L,0
TXN004412,2021-01-03,2021,1,1,Sunday,Electronics,East,Retail Store,SP_025,7,389.62,0.05,2590.97,635.99,0,L,1
TXN002936,2021-01-04,2021,1,1,Monday,Books,South,Retail Store,SP_019,6,21.57,0.0,129.42,94.29,0,XS,0
TXN001775,2021-01-04,2021,1,1,Monday,Books,Central,Mobile App,SP_005,4,26.84,0.05,101.99,70.17,1,XS,1
TXN001360,2021-01-05,2021,1,1,Tuesday,Books,West,Retail Store,SP_020,6,24.64,0.15,125.66,89.34,0,XS,1
TXN003362,2021-01-05,2021,1,1,Tuesday,Sports,Central,Online,SP_039,7,98.05,0.15,583.4,190.34,0,M,1
TXN004388,2021-01-05,2021,1,1,Tuesday,Home Goods,East,Mobile App,SP_003,3,125.46,0.05,357.56,169.57,0,S,1
TXN002681,2021-01-05,2021,1,1,Tuesday,Electronics,North,Mobile App,SP_030,4,399.04,0.05,1516.35,490.7,1,L,1
TXN002366,2021-01-06,2021,1,1,Wednesday,Home Goods,South,Mobile App,SP_023,6,122.66,0.05,699.16,277.97,1,M,1
TXN002709,2021-01-06,2021,1,1,Wednesday,Books,South,Retail Store,SP_024,9,26.9,0.05,229.99,123.19,1,S,1
TXN003133,2021-01-06,2021,1,1,Wednesday,Electronics,Central,Online,SP_025,7,388.58,0.05,2584.06,683.09,0,L,1
TXN004149,2021-01-06,2021,1,1,Wednesday,Sports,Central,Online,SP_031,11,106.47,0.1,1054.05,355.32,1,L,1
TXN004518,2021-01-06,2021,1,1,Wednesday,Sports,Central,Retail Store,SP_025,24,85.01,0.05,1938.23,839.04,1,L,1
TXN004464,2021-01-06,2021,1,1,Wednesday,Sports,South,Online,SP_005,9,102.67,0.05,877.83,376.83,0,M,1
TXN004067,2021-01-06,2021,1,1,Wednesday,Clothing,East,Wholesale,SP_019,5,85.49,0.0,427.45,271.47,0,S,0
TXN002281,2021-01-07,2021,1,1,Thursday,Clothing,North,Wholesale,SP_012,6,70.92,0.0,425.52,237.08,0,S,0
TXN001683,2021-01-07,2021,1,1,Thursday,Sports,North,Mobile App,SP_036,8,104.59,0.05,794.88,277.31,0,M,1
TXN003132,2021-01-07,2021,1,1,Thursday,Books,Central,Online,SP_008,4,24.31,0.0,97.24,58.51,0,XS,0
TXN002747,2021-01-07,2021,1,1,Thursday,Home Goods,East,Retail Store,SP_003,9,123.26,0.15,942.94,399.03,0,M,1
TXN003831,2021-01-08,2021,1,1,Friday,Home Goods,Central,Online,SP_012,9,129.9,0.05,1110.64,399.49,0,L,1
TXN003454,2021-01-09,2021,1,1,Saturday,Electronics,West,Retail Store,SP_006,4,418.18,0.05,1589.08,401.81,0,L,1
TXN003795,2021-01-09,2021,1,1,Saturday,Clothing,North,Retail Store,SP_033,5,78.1,0.0,390.5,180.42,1,S,0
TXN003396,2021-01-09,2021,1,1,Saturday,Electronics,West,Wholesale,SP_016,1,432.36,0.05,410.74,130.23,1,S,1
TXN003881,2021-01-10,2021,1,1,Sunday,Clothing,Central,Online,SP_005,7,78.27,0.05,520.5,235.13,0,M,1
TXN000536,2021-01-10,2021,1,1,Sunday,Electronics,Central,Retail Store,SP_024,4,479.32,0.2,1533.82,436.01,0,L,1
TXN004227,2021-01-10,2021,1,1,Sunday,Home Goods,North,Mobile App,SP_017,10,107.2,0.05,1018.4,497.95,0,L,1
TXN002720,2021-01-10,2021,1,1,Sunday,Sports,East,Online,SP_033,7,98.21,0.05,653.1,244.49,0,M,1
TXN003799,2021-01-10,2021,1,1,Sunday,Books,West,Retail Store,SP_001,11,23.09,0.05,241.29,129.16,0,S,1
TXN003685,2021-01-11,2021,1,1,Monday,Electronics,West,Mobile App,SP_035,8,406.33,0.05,3088.11,818.62,0,L,1
TXN004695,2021-01-11,2021,1,1,Monday,Books,West,Retail Store,SP_010,4,26.9,0.05,102.22,76.42,0,XS,1
TXN004138,2021-01-11,2021,1,1,Monday,Electronics,East,Retail Store,SP_029,5,484.72,0.1,2181.24,689.57,0,L,1
TXN003464,2021-01-13,2021,1,1,Wednesday,Electronics,Central,Retail Store,SP_011,5,512.2,0.0,2561.0,720.59,0,L,0
TXN002507,2021-01-13,2021,1,1,Wednesday,Electronics,North,Retail Store,SP_020,6,428.93,0.0,2573.58,827.73,1,L,0
TXN001577,2021-01-14,2021,1,1,Thursday,Sports,Central,Retail Store,SP_008,21,86.2,0.0,1810.2,663.64,1,L,0
TXN002764,2021-01-14,2021,1,1,Thursday,Home Goods,East,Mobile App,SP_022,5,136.88,0.1,615.96,264.44,0,M,1
TXN000902,2021-01-14,2021,1,1,Thursday,Electronics,South,Online,SP_038,13,442.49,0.15,4889.51,1417.77,0,L,1
TXN000340,2021-01-14,2021,1,1,Thursday,Sports,South,Retail Store,SP_005,16,98.4,0.1,1416.96,519.32,1,L,1
TXN001195,2021-01-14,2021,1,1,Thursday,Home Goods,North,Online,SP_023,4,127.25,0.0,509.0,255.37,1,M,0
TXN003430,2021-01-15,2021,1,1,Friday,Sports,West,Wholesale,SP_024,14,100.57,0.1,1267.18,462.1,0,L,1
TXN001355,2021-01-15,2021,1,1,Friday,Sports,Central,Wholesale,SP_016,18,85.24,0.2,1227.46,532.88,0,L,1
TXN000647,2021-01-15,2021,1,1,Friday,Books,Central,Online,SP_034,5,25.69,0.0,128.45,69.21,0,XS,0
TXN004791,2021-01-15,2021,1,1,Friday,Clothing,Central,Wholesale,SP_021,3,75.52,0.1,203.9,124.75,0,S,1
TXN003504,2021-01-16,2021,1,1,Saturday,Electronics,West,Wholesale,SP_023,4,453.06,0.15,1540.4,516.91,0,L,1
TXN004725,2021-01-16,2021,1,1,Saturday,Electronics,North,Mobile App,SP_005,2,391.94,0.05,744.69,239.98,0,M,1
TXN003283,2021-01-16,2021,1,1,Saturday,Home Goods,Central,Mobile App,SP_032,8,134.24,0.0,1073.92,429.97,0,L,0
TXN003878,2021-01-17,2021,1,1,Sunday,Electronics,West,Retail Store,SP_018,2,402.25,0.0,804.5,258.83,0,M,0
TXN002889,2021-01-17,2021,1,1,Sunday,Books,West,Retail Store,SP_004,10,21.94,0.1,197.46,125.9,1,XS,1
TXN004132,2021-01-17,2021,1,1,Sunday,Electronics,Central,Retail Store,SP_023,7,508.97,0.1,3206.51,796.27,0,L,1
TXN002517,2021-01-17,2021,1,1,Sunday,Electronics,Central,Retail Store,SP_027,13,506.95,0.0,6590.35,2162.59,1,XL,0
TXN002813,2021-01-17,2021,1,1,Sunday,Books,East,Wholesale,SP_033,9,23.48,0.0,211.32,131.12,0,S,0
TXN003438,2021-01-18,2021,1,1,Monday,Home Goods,North,Retail Store,SP_034,5,122.66,0.15,521.3,219.69,1,M,1
TXN000675,2021-01-18,2021,1,1,Monday,Electronics,South,Mobile App,SP_038,6,425.02,0.0,2550.12,608.06,0,L,0
TXN002027,2021-01-18,2021,1,1,Monday,Electronics,East,Online,SP_021,11,507.09,0.15,4741.29,1564.95,0,L,1
TXN004691,2021-01-19,2021,1,1,Tuesday,Electronics,Central,Mobile App,SP_005,4,505.68,0.0,2022.72,586.16,1,L,0
TXN002986,2021-01-19,2021,1,1,Tuesday,Sports,East,Retail Store,SP_038,6,107.58,0.15,548.66,240.92,1,M,1
TXN001395,2021-01-19,2021,1,1,Tuesday,Books,West,Wholesale,SP_020,10,25.89,0.15,220.06,133.98,0,S,1
TXN000596,2021-01-19,2021,1,1,Tuesday,Electronics,East,Mobile App,SP_016,10,434.21,0.15,3690.78,1128.3,0,L,1
TXN002734,2021-01-20,2021,1,1,Wednesday,Books,North,Wholesale,SP_021,7,28.12,0.0,196.84,125.52,0,XS,0
TXN000348,2021-01-20,2021,1,1,Wednesday,Clothing,North,Mobile App,SP_028,4,68.65,0.05,260.87,152.77,0,S,1
TXN004761,2021-01-21,2021,1,1,Thursday,Books,North,Mobile App,SP_017,11,22.22,0.1,219.98,153.64,1,S,1
TXN003918,2021-01-22,2021,1,1,Friday,Clothing,North,Retail Store,SP_025,5,75.24,0.1,338.58,163.01,0,S,1
TXN004085,2021-01-22,2021,1,1,Friday,Sports,West,Online,SP_007,16,91.71,0.15,1247.26,543.22,0,L,1
TXN002042,2021-01-22,2021,1,1,Friday,Books,North,Wholesale,SP_025,11,23.37,0.0,257.07,140.96,0,S,0
TXN001245,2021-01-23,2021,1,1,Saturday,Home Goods,South,Mobile App,SP_023,13,106.44,0.0,1383.72,625.38,0,L,0
TXN001925,2021-01-23,2021,1,1,Saturday,Electronics,Central,Wholesale,SP_034,9,416.51,0.0,3748.59,849.03,0,L,0
TXN002757,2021-01-23,2021,1,1,Saturday,Electronics,West,Retail Store,SP_025,2,485.14,0.0,970.28,310.23,1,M,0
TXN004973,2021-01-24,2021,1,1,Sunday,Sports,Central,Online,SP_003,7,91.28,0.05,607.01,187.6,0,M,1
TXN001781,2021-01-24,2021,1,1,Sunday,Sports,West,Mobile App,SP_004,15,100.19,0.0,1502.85,464.25,0,L,0
TXN000303,2021-01-24,2021,1,1,Sunday,Home Goods,East,Retail Store,SP_004,6,115.48,0.1,623.59,293.1,0,M,1
TXN004343,2021-01-25,2021,1,1,Monday,Sports,South,Mobile App,SP_011,9,87.29,0.1,707.05,291.69,0,M,1
TXN003783,2021-01-25,2021,1,1,Monday,Electronics,West,Wholesale,SP_025,6,497.16,0.0,2982.96,710.48,1,L,0
TXN004403,2021-01-25,2021,1,1,Monday,Clothing,West,Online,SP_002,5,84.64,0.2,338.56,186.33,0,S,1
TXN003517,2021-01-25,2021,1,1,Monday,Books,West,Online,SP_039,4,25.03,0.05,95.11,68.87,0,XS,1
TXN001838,2021-01-25,2021,1,1,Monday,Books,South,Retail Store,SP_024,9,28.45,0.1,230.45,129.72,0,S,1
TXN000457,2021-01-25,2021,1,1,Monday,Electronics,South,Retail Store,SP_013,8,434.65,0.1,3129.48,824.9,0,L,1
TXN002667,2021-01-25,2021,1,1,Monday,Electronics,North,Online,SP_026,6,506.77,0.05,2888.59,780.43,0,L,1
TXN002938,2021-01-25,2021,1,1,Monday,Home Goods,West,Online,SP_011,9,126.98,0.0,1142.82,457.3,0,L,0
TXN002158,2021-01-25,2021,1,1,Monday,Electronics,Central,Wholesale,SP_038,4,420.38,0.05,1597.44,466.07,0,L,1
TXN001217,2021-01-25,2021,1,1,Monday,Sports,Central,Retail Store,SP_026,13,82.84,0.0,1076.92,393.72,0,L,0
TXN003610,2021-01-26,2021,1,1,Tuesday,Sports,North,Online,SP_012,6,105.61,0.0,633.66,234.1,1,M,0
TXN003415,2021-01-26,2021,1,1,Tuesday,Home Goods,East,Wholesale,SP_008,8,117.57,0.05,893.53,439.23,0,M,1
TXN001780,2021-01-26,2021,1,1,Tuesday,Clothing,East,Retail Store,SP_037,8,65.3,0.05,496.28,294.93,0,S,1
TXN004929,2021-01-27,2021,1,1,Wednesday,Electronics,North,Mobile App,SP_007,4,502.34,0.1,1808.42,489.54,0,L,1
TXN000970,2021-01-27,2021,1,1,Wednesday,Clothing,Central,Wholesale,SP_024,6,80.09,0.1,432.49,220.22,0,S,1
TXN002783,2021-01-27,2021,1,1,Wednesday,Clothing,North,Retail Store,SP_004,6,77.88,0.0,467.28,222.4,0,S,0
TXN001432,2021-01-28,2021,1,1,Thursday,Home Goods,North,Retail Store,SP_004,12,118.41,0.15,1207.78,608.15,1,L,1
TXN003813,2021-01-28,2021,1,1,Thursday,Sports,North,Wholesale,SP_019,10,91.6,0.05,870.2,292.8,0,M,1
TXN001372,2021-01-28,2021,1,1,Thursday,Clothing,North,Wholesale,SP_028,7,71.52,0.2,400.51,177.77,0,S,1
TXN001384,2021-01-28,2021,1,1,Thursday,Books,South,Wholesale,SP_024,8,27.35,0.1,196.92,103.74,0,XS,1
TXN001084,2021-01-28,2021,1,1,Thursday,Clothing,West,Mobile App,SP_026,8,85.35,0.15,580.38,321.77,0,M,1
TXN003555,2021-01-28,2021,1,1,Thursday,Sports,West,Retail Store,SP_007,19,96.89,0.1,1656.82,754.46,0,L,1
TXN001907,2021-01-30,2021,1,1,Saturday,Clothing,North,Retail Store,SP_011,4,68.77,0.0,275.08,137.49,1,S,0
TXN004530,2021-01-30,2021,1,1,Saturday,Sports,East,Online,SP_029,9,96.34,0.1,780.35,252.45,1,M,1
TXN000034,2021-01-31,2021,1,1,Sunday,Electronics,South,Retail Store,SP_027,9,394.82,0.05,3375.71,876.88,0,L,1
TXN000166,2021-01-31,2021,1,1,Sunday,Home Goods,South,Wholesale,SP_002,5,117.73,0.0,588.65,269.93,1,M,0
TXN002696,2021-02-01,2021,2,1,Monday,Books,South,Mobile App,SP_036,6,21.92,0.05,124.94,79.9,0,XS,1
TXN000660,2021-02-01,2021,2,1,Monday,Electronics,North,Wholesale,SP_036,4,508.98,0.15,1730.53,419.53,0,L,1
TXN000925,2021-02-02,2021,2,1,Tuesday,Sports,East,Retail Store,SP_030,7,86.52,0.15,514.79,226.15,0,M,1
TXN002218,2021-02-02,2021,2,1,Tuesday,Clothing,West,Retail Store,SP_029,4,66.43,0.15,225.86,148.77,0,S,1
TXN000319,2021-02-02,2021,2,1,Tuesday,Clothing,South,Online,SP_007,5,64.48,0.05,306.28,179.15,0,S,1
TXN003321,2021-02-02,2021,2,1,Tuesday,Electronics,Central,Retail Store,SP_031,6,457.17,0.05,2605.87,813.55,0,L,1
TXN004059,2021-02-02,2021,2,1,Tuesday,Home Goods,South,Wholesale,SP_026,3,129.51,0.0,388.53,155.77,0,S,0
TXN001479,2021-02-03,2021,2,1,Wednesday,Books,West,Online,SP_032,7,24.5,0.1,154.35,107.53,0,XS,1
TXN003447,2021-02-03,2021,2,1,Wednesday,Books,North,Mobile App,SP_023,8,21.66,0.05,164.62,119.72,0,XS,1
TXN003374,2021-02-03,2021,2,1,Wednesday,Clothing,West,Wholesale,SP_033,8,67.14,0.05,510.26,248.93,1,M,1
TXN000641,2021-02-03,2021,2,1,Wednesday,Clothing,Central,Mobile App,SP_010,5,72.62,0.05,344.94,151.87,1,S,1
TXN003587,2021-02-03,2021,2,1,Wednesday,Electronics,West,Mobile App,SP_040,9,507.97,0.0,4571.73,1061.05,1,L,0
TXN004112,2021-02-04,2021,2,1,Thursday,Clothing,East,Online,SP_017,7,80.33,0.15,477.96,238.29,0,S,1
TXN003210,2021-02-04,2021,2,1,Thursday,Electronics,East,Mobile App,SP_027,7,395.9,0.0,2771.3,800.41,0,L,0
TXN000426,2021-02-04,2021,2,1,Thursday,Books,North,Online,SP_017,10,25.21,0.0,252.1,153.01,0,S,0
TXN001425,2021-02-05,2021,2,1,Friday,Home Goods,Central,Mobile App,SP_009,7,105.29,0.15,626.48,231.95,1,M,1
TXN004062,2021-02-05,2021,2,1,Friday,Home Goods,East,Mobile App,SP_016,4,123.61,0.05,469.72,214.95,0,S,1
TXN002943,2021-02-05,2021,2,1,Friday,Sports,North,Mobile App,SP_023,7,84.59,0.05,562.52,246.94,1,M,1
TXN003810,2021-02-05,2021,2,1,Friday,Books,East,Retail Store,SP_011,7,22.49,0.15,133.82,73.98,0,XS,1
TXN003172,2021-02-05,2021,2,1,Friday,Sports,East,Wholesale,SP_006,5,90.0,0.1,405.0,183.72,1,S,1
TXN002405,2021-02-06,2021,2,1,Saturday,Electronics,South,Online,SP_034,6,500.3,0.15,2551.53,768.22,0,L,1
TXN002820,2021-02-07,2021,2,1,Sunday,Electronics,Central,Online,SP_032,7,501.16,0.15,2981.9,903.69,0,L,1
TXN004468,2021-02-07,2021,2,1,Sunday,Home Goods,North,Online,SP_033,8,127.21,0.0,1017.68,374.2,0,L,0
TXN001614,2021-02-07,2021,2,1,Sunday,Books,West,Online,SP_025,12,26.6,0.1,287.28,207.46,0,S,1
TXN004197,2021-02-07,2021,2,1,Sunday,Home Goods,South,Online,SP_014,13,123.24,0.05,1522.01,595.4,0,L,1
TXN002937,2021-02-07,2021,2,1,Sunday,Home Goods,Central,Mobile App,SP_033,6,118.26,0.05,674.08,294.58,0,M,1
TXN000224,2021-02-08,2021,2,1,Monday,Home Goods,South,Retail Store,SP_036,4,111.63,0.15,379.54,180.8,0,S,1
TXN002902,2021-02-08,2021,2,1,Monday,Home Goods,South,Mobile App,SP_038,9,105.23,0.05,899.72,409.68,0,M,1
TXN004746,2021-02-09,2021,2,1,Tuesday,Clothing,Central,Mobile App,SP_024,4,84.25,0.15,286.45,167.76,0,S,1
TXN001860,2021-02-09,2021,2,1,Tuesday,Clothing,South,Wholesale,SP_019,7,76.76,0.1,483.59,313.92,1,S,1
TXN002752,2021-02-09,2021,2,1,Tuesday,Sports,Central,Mobile App,SP_036,7,99.89,0.0,699.23,235.25,0,M,0
TXN004552,2021-02-09,2021,2,1,Tuesday,Sports,East,Mobile App,SP_010,6,84.49,0.1,456.25,203.16,0,S,1
TXN002099,2021-02-09,2021,2,1,Tuesday,Books,East,Mobile App,SP_002,11,21.69,0.1,214.73,150.5,0,S,1
TXN002584,2021-02-10,2021,2,1,Wednesday,Home Goods,Central,Retail Store,SP_035,10,119.86,0.1,1078.74,401.02,0,L,1
TXN002327,2021-02-10,2021,2,1,Wednesday,Home Goods,Central,Mobile App,SP_037,5,113.75,0.0,568.75,256.18,0,M,0
TXN004019,2021-02-10,2021,2,1,Wednesday,Electronics,West,Mobile App,SP_019,5,401.7,0.0,2008.5,500.1,0,L,0
TXN004317,2021-02-10,2021,2,1,Wednesday,Sports,South,Wholesale,SP_022,6,88.54,0.0,531.24,211.92,0,M,0
TXN002350,2021-02-11,2021,2,1,Thursday,Clothing,West,Wholesale,SP_025,5,75.18,0.1,338.31,184.41,0,S,1
TXN001008,2021-02-11,2021,2,1,Thursday,Sports,Central,Online,SP_021,7,94.03,0.0,658.21,223.98,0,M,0
TXN003720,2021-02-11,2021,2,1,Thursday,Clothing,Central,Mobile App,SP_026,4,81.05,0.0,324.2,156.0,0,S,0
TXN000517,2021-02-11,2021,2,1,Thursday,Electronics,West,Retail Store,SP_012,4,514.33,0.05,1954.45,520.16,1,L,1
TXN003899,2021-02-11,2021,2,1,Thursday,Clothing,Central,Wholesale,SP_005,3,74.51,0.05,212.35,123.55,0,S,1
TXN003954,2021-02-11,2021,2,1,Thursday,Electronics,Central,Online,SP_029,3,497.28,0.1,1342.66,434.07,0,L,1
TXN001547,2021-02-12,2021,2,1,Friday,Clothing,East,Online,SP_011,11,64.88,0.1,642.31,407.24,0,M,1
TXN001952,2021-02-12,2021,2,1,Friday,Books,West,Mobile App,SP_027,9,28.23,0.05,241.37,181.78,0,S,1
TXN001553,2021-02-12,2021,2,1,Friday,Clothing,West,Retail Store,SP_010,11,66.24,0.0,728.64,354.61,1,M,0
TXN001408,2021-02-12,2021,2,1,Friday,Electronics,North,Online,SP_009,10,511.39,0.0,5113.9,1550.01,1,XL,0
TXN002152,2021-02-12,2021,2,1,Friday,Books,East,Online,SP_027,4,24.17,0.05,91.85,55.08,0,XS,1
TXN002278,2021-02-12,2021,2,1,Friday,Electronics,South,Wholesale,SP_011,8,429.21,0.1,3090.31,885.61,0,L,1
TXN001031,2021-02-13,2021,2,1,Saturday,Books,North,Online,SP_016,7,25.61,0.0,179.27,109.62,0,XS,0
TXN004269,2021-02-13,2021,2,1,Saturday,Clothing,South,Online,SP_006,12,69.16,0.1,746.93,450.99,0,M,1
TXN001694,2021-02-13,2021,2,1,Saturday,Sports,North,Wholesale,SP_023,10,87.33,0.1,785.97,348.88,0,M,1
TXN001391,2021-02-14,2021,2,1,Sunday,Clothing,Central,Wholesale,SP_009,7,74.82,0.0,523.74,314.94,0,M,0
TXN001762,2021-02-14,2021,2,1,Sunday,Sports,Central,Mobile App,SP_038,4,97.36,0.05,369.97,152.17,0,S,1
TXN002622,2021-02-14,2021,2,1,Sunday,Clothing,East,Wholesale,SP_020,5,66.43,0.05,315.54,162.66,0,S,1
TXN004965,2021-02-14,2021,2,1,Sunday,Sports,North,Wholesale,SP_017,6,108.61,0.0,651.66,224.27,0,M,0
TXN003948,2021-02-14,2021,2,1,Sunday,Clothing,West,Retail Store,SP_001,7,71.16,0.0,498.12,327.17,0,S,0
TXN003729,2021-02-14,2021,2,1,Sunday,Clothing,Central,Wholesale,SP_028,9,74.07,0.0,666.63,333.19,1,M,0
TXN004664,2021-02-15,2021,2,1,Monday,Books,East,Online,SP_012,7,27.86,0.1,175.52,93.3,1,XS,1
TXN004989,2021-02-15,2021,2,1,Monday,Home Goods,South,Retail Store,SP_006,7,126.27,0.1,795.5,346.23,0,M,1
TXN004015,2021-02-15,2021,2,1,Monday,Sports,Central,Online,SP_006,5,89.67,0.1,403.52,167.43,0,S,1
TXN003053,2021-02-16,2021,2,1,Tuesday,Books,Central,Retail Store,SP_007,5,23.6,0.05,112.1,74.27,0,XS,1
TXN002296,2021-02-16,2021,2,1,Tuesday,Electronics,East,Wholesale,SP_012,8,459.4,0.1,3307.68,1067.01,0,L,1
TXN003088,2021-02-17,2021,2,1,Wednesday,Clothing,Central,Retail Store,SP_026,5,83.5,0.0,417.5,248.71,0,S,0
TXN004802,2021-02-17,2021,2,1,Wednesday,Books,South,Mobile App,SP_007,9,21.36,0.15,163.4,111.81,0,XS,1
TXN001501,2021-02-17,2021,2,1,Wednesday,Books,Central,Retail Store,SP_014,6,24.85,0.15,126.74,80.86,1,XS,1
TXN003537,2021-02-17,2021,2,1,Wednesday,Sports,South,Retail Store,SP_009,8,100.05,0.05,760.38,295.63,1,M,1
TXN001806,2021-02-17,2021,2,1,Wednesday,Home Goods,Central,Mobile App,SP_016,5,129.04,0.0,645.2,238.0,0,M,0
TXN002382,2021-02-17,2021,2,1,Wednesday,Electronics,West,Mobile App,SP_020,7,435.71,0.05,2897.47,701.9,0,L,1
TXN003255,2021-02-17,2021,2,1,Wednesday,Sports,North,Mobile App,SP_020,4,89.46,0.1,322.06,134.46,0,S,1
TXN001143,2021-02-17,2021,2,1,Wednesday,Home Goods,West,Retail Store,SP_027,9,108.72,0.0,978.48,361.38,0,M,0
TXN001170,2021-02-17,2021,2,1,Wednesday,Books,Central,Wholesale,SP_036,7,23.1,0.15,137.45,76.59,1,XS,1
TXN002039,2021-02-18,2021,2,1,Thursday,Sports,East,Retail Store,SP_004,5,98.32,0.05,467.02,181.98,0,S,1
TXN002197,2021-02-19,2021,2,1,Friday,Books,South,Online,SP_029,7,23.68,0.1,149.18,107.17,1,XS,1
TXN001699,2021-02-19,2021,2,1,Friday,Clothing,South,Online,SP_018,5,70.1,0.1,315.45,185.33,0,S,1
TXN000926,2021-02-19,2021,2,1,Friday,Sports,West,Retail Store,SP_026,5,81.47,0.0,407.35,170.28,0,S,0
TXN004447,2021-02-20,2021,2,1,Saturday,Home Goods,Central,Mobile App,SP_031,6,134.64,0.0,807.84,382.34,0,M,0
TXN003852,2021-02-20,2021,2,1,Saturday,Home Goods,North,Online,SP_019,4,111.91,0.0,447.64,206.51,0,S,0
TXN002825,2021-02-21,2021,2,1,Sunday,Books,West,Wholesale,SP_010,8,28.55,0.0,228.4,148.59,0,S,0
TXN004217,2021-02-21,2021,2,1,Sunday,Books,Central,Mobile App,SP_024,11,25.26,0.1,250.07,194.26,0,S,1
TXN000582,2021-02-21,2021,2,1,Sunday,Sports,South,Online,SP_004,6,107.63,0.0,645.78,287.77,0,M,0
TXN004188,2021-02-21,2021,2,1,Sunday,Books,South,Wholesale,SP_012,3,23.5,0.15,59.92,35.36,0,XS,1
TXN001897,2021-02-22,2021,2,1,Monday,Home Goods,North,Mobile App,SP_003,8,123.69,0.1,890.57,445.2,1,M,1
TXN001881,2021-02-23,2021,2,1,Tuesday,Books,Central,Online,SP_009,11,25.43,0.05,265.74,163.51,0,S,1
TXN004823,2021-02-23,2021,2,1,Tuesday,Clothing,Central,Wholesale,SP_031,9,82.48,0.0,742.32,411.46,0,M,0
TXN001240,2021-02-24,2021,2,1,Wednesday,Electronics,West,Mobile App,SP_022,12,473.47,0.1,5113.48,1266.08,0,XL,1
TXN004932,2021-02-24,2021,2,1,Wednesday,Sports,West,Mobile App,SP_030,11,96.29,0.1,953.27,354.7,0,M,1
TXN004225,2021-02-24,2021,2,1,Wednesday,Clothing,North,Wholesale,SP_027,3,70.61,0.05,201.24,106.15,0,S,1
TXN003549,2021-02-24,2021,2,1,Wednesday,Sports,North,Mobile App,SP_025,9,92.57,0.1,749.82,335.35,0,M,1
TXN001087,2021-02-24,2021,2,1,Wednesday,Clothing,West,Retail Store,SP_016,10,69.86,0.05,663.67,297.71,0,M,1
TXN002394,2021-02-24,2021,2,1,Wednesday,Electronics,Central,Online,SP_022,6,436.64,0.1,2357.86,608.2,1,L,1
TXN004950,2021-02-25,2021,2,1,Thursday,Clothing,West,Wholesale,SP_018,8,76.51,0.05,581.48,287.69,0,M,1
TXN004712,2021-02-25,2021,2,1,Thursday,Clothing,East,Wholesale,SP_021,6,66.57,0.0,399.42,240.8,0,S,0
TXN003234,2021-02-26,2021,2,1,Friday,Clothing,Central,Wholesale,SP_010,11,66.75,0.1,660.83,309.81,0,M,1
TXN002596,2021-02-26,2021,2,1,Friday,Home Goods,North,Online,SP_016,5,108.86,0.0,544.3,211.84,0,M,0
TXN001962,2021-02-26,2021,2,1,Friday,Books,West,Mobile App,SP_009,7,28.7,0.2,160.72,103.99,0,XS,1
TXN002894,2021-02-26,2021,2,1,Friday,Clothing,East,Online,SP_009,4,68.7,0.1,247.32,156.37,0,S,1
TXN002865,2021-02-27,2021,2,1,Saturday,Sports,East,Mobile App,SP_035,6,108.95,0.05,621.01,254.01,0,M,1
TXN001249,2021-02-27,2021,2,1,Saturday,Electronics,East,Retail Store,SP_005,2,404.17,0.0,808.34,188.03,0,M,0
TXN004322,2021-02-28,2021,2,1,Sunday,Sports,North,Wholesale,SP_023,7,91.67,0.0,641.69,253.84,0,M,0
TXN004346,2021-02-28,2021,2,1,Sunday,Books,South,Online,SP_026,10,27.03,0.05,256.79,149.51,0,S,1
TXN000139,2021-03-01,2021,3,1,Monday,Electronics,East,Online,SP_019,8,508.13,0.0,4065.04,963.55,0,L,0
TXN003695,2021-03-01,2021,3,1,Monday,Clothing,Central,Online,SP_005,6,78.86,0.0,473.16,225.82,0,S,0
TXN002085,2021-03-01,2021,3,1,Monday,Sports,North,Wholesale,SP_030,2,83.82,0.1,150.88,60.71,0,XS,1
TXN004954,2021-03-01,2021,3,1,Monday,Sports,South,Mobile App,SP_014,4,104.2,0.0,416.8,172.79,0,S,0
TXN000384,2021-03-01,2021,3,1,Monday,Books,South,Mobile App,SP_038,5,21.35,0.05,101.41,69.86,1,XS,1
TXN003241,2021-03-02,2021,3,1,Tuesday,Clothing,West,Online,SP_007,7,77.07,0.2,431.59,194.01,0,S,1
TXN001596,2021-03-02,2021,3,1,Tuesday,Clothing,East,Online,SP_029,10,80.34,0.0,803.4,512.92,0,M,0
TXN003179,2021-03-02,2021,3,1,Tuesday,Electronics,West,Online,SP_020,9,499.73,0.05,4272.69,983.96,0,L,1
TXN003476,2021-03-02,2021,3,1,Tuesday,Electronics,West,Wholesale,SP_016,5,392.26,0.0,1961.3,562.72,1,L,0
TXN000767,2021-03-02,2021,3,1,Tuesday,Books,East,Retail Store,SP_010,8,21.64,0.0,173.12,101.43,0,XS,0
TXN003346,2021-03-03,2021,3,1,Wednesday,Clothing,Central,Retail Store,SP_006,10,82.3,0.1,740.7,426.22,0,M,1
TXN004681,2021-03-03,2021,3,1,Wednesday,Electronics,South,Retail Store,SP_011,2,437.9,0.0,875.8,270.57,0,M,0
TXN003360,2021-03-03,2021,3,1,Wednesday,Electronics,West,Retail Store,SP_034,15,443.82,0.05,6324.43,1683.37,0,XL,1
TXN004474,2021-03-03,2021,3,1,Wednesday,Books,North,Mobile App,SP_026,7,22.69,0.0,158.83,110.61,0,XS,0
TXN003104,2021-03-03,2021,3,1,Wednesday,Electronics,North,Mobile App,SP_016,9,431.82,0.0,3886.38,1065.62,0,L,0
TXN002682,2021-03-03,2021,3,1,Wednesday,Books,Central,Mobile App,SP_025,10,24.68,0.0,246.8,172.55,0,S,0
TXN000183,2021-03-04,2021,3,1,Thursday,Electronics,Central,Retail Store,SP_025,10,514.37,0.05,4886.51,1155.17,0,L,1
TXN001818,2021-03-05,2021,3,1,Friday,Clothing,Central,Mobile App,SP_030,14,83.05,0.0,1162.7,680.48,0,L,0
TXN000242,2021-03-05,2021,3,1,Friday,Clothing,Central,Mobile App,SP_003,8,75.16,0.0,601.28,318.72,0,M,0
TXN000084,2021-03-05,2021,3,1,Friday,Clothing,South,Online,SP_040,11,81.74,0.0,899.14,533.04,1,M,0
TXN000622,2021-03-05,2021,3,1,Friday,Books,Central,Mobile App,SP_038,9,25.33,0.0,227.97,128.53,1,S,0
TXN000347,2021-03-06,2021,3,1,Saturday,Electronics,West,Mobile App,SP_025,6,476.71,0.05,2717.25,882.64,1,L,1
TXN002139,2021-03-06,2021,3,1,Saturday,Sports,East,Wholesale,SP_002,10,90.66,0.0,906.6,348.72,0,M,0
TXN004360,2021-03-06,2021,3,1,Saturday,Books,North,Retail Store,SP_037,6,21.61,0.1,116.69,71.24,0,XS,1
TXN003876,2021-03-06,2021,3,1,Saturday,Home Goods,North,Wholesale,SP_021,4,107.37,0.1,386.53,190.85,0,S,1
TXN001369,2021-03-06,2021,3,1,Saturday,Clothing,South,Mobile App,SP_018,6,80.75,0.0,484.5,214.19,0,S,0
TXN003877,2021-03-07,2021,3,1,Sunday,Books,South,Wholesale,SP_026,8,22.9,0.05,174.04,106.04,0,XS,1
TXN002743,2021-03-07,2021,3,1,Sunday,Sports,East,Online,SP_032,5,102.58,0.0,512.9,227.59,0,M,0
TXN001102,2021-03-07,2021,3,1,Sunday,Electronics,East,Mobile App,SP_008,5,427.01,0.05,2028.3,559.21,1,L,1
TXN002253,2021-03-07,2021,3,1,Sunday,Sports,East,Retail Store,SP_031,5,83.04,0.1,373.68,127.03,0,S,1
TXN004991,2021-03-08,2021,3,1,Monday,Books,South,Online,SP_023,6,27.51,0.0,165.06,98.08,0,XS,0
TXN000111,2021-03-08,2021,3,1,Monday,Clothing,East,Wholesale,SP_030,18,69.31,0.0,1247.58,592.73,0,L,0
TXN004354,2021-03-08,2021,3,1,Monday,Clothing,East,Wholesale,SP_028,12,85.68,0.0,1028.16,671.27,0,L,0
TXN003660,2021-03-09,2021,3,1,Tuesday,Electronics,Central,Online,SP_016,11,411.26,0.0,4523.86,1392.92,1,L,0
TXN004299,2021-03-09,2021,3,1,Tuesday,Clothing,West,Retail Store,SP_004,6,81.65,0.05,465.41,250.64,1,S,1
TXN004719,2021-03-09,2021,3,1,Tuesday,Books,North,Online,SP_013,9,28.45,0.05,243.25,176.71,0,S,1
TXN004575,2021-03-09,2021,3,1,Tuesday,Electronics,North,Retail Store,SP_040,7,406.33,0.15,2417.66,573.24,0,L,1
TXN002359,2021-03-09,2021,3,1,Tuesday,Electronics,North,Online,SP_002,9,464.66,0.0,4181.94,969.79,1,L,0
TXN004926,2021-03-09,2021,3,1,Tuesday,Electronics,North,Online,SP_015,7,402.32,0.05,2675.43,749.82,0,L,1
TXN004048,2021-03-10,2021,3,1,Wednesday,Sports,East,Mobile App,SP_023,8,94.73,0.1,682.06,297.03,1,M,1
TXN000853,2021-03-10,2021,3,1,Wednesday,Electronics,Central,Mobile App,SP_024,7,515.5,0.0,3608.5,1135.63,0,L,0
TXN002751,2021-03-10,2021,3,1,Wednesday,Electronics,West,Mobile App,SP_037,2,492.47,0.15,837.2,271.35,1,M,1
TXN001627,2021-03-11,2021,3,1,Thursday,Home Goods,East,Mobile App,SP_020,7,104.49,0.1,658.29,303.59,1,M,1
TXN001760,2021-03-11,2021,3,1,Thursday,Home Goods,North,Wholesale,SP_001,4,135.61,0.0,542.44,210.56,0,M,0
TXN001323,2021-03-11,2021,3,1,Thursday,Electronics,South,Mobile App,SP_032,7,469.7,0.0,3287.9,897.22,0,L,0
TXN002874,2021-03-11,2021,3,1,Thursday,Home Goods,East,Online,SP_002,5,111.66,0.05,530.38,253.16,0,M,1
TXN000462,2021-03-12,2021,3,1,Friday,Books,Central,Retail Store,SP_019,7,26.4,0.05,175.56,105.57,0,XS,1
TXN003106,2021-03-12,2021,3,1,Friday,Sports,South,Retail Store,SP_006,6,86.37,0.0,518.22,168.71,0,M,0
TXN003259,2021-03-12,2021,3,1,Friday,Books,South,Retail Store,SP_011,3,28.16,0.0,84.48,47.49,1,XS,0
TXN001312,2021-03-12,2021,3,1,Friday,Books,East,Wholesale,SP_033,6,24.09,0.2,115.63,81.02,1,XS,1
TXN004611,2021-03-13,2021,3,1,Saturday,Clothing,South,Mobile App,SP_020,21,72.24,0.0,1517.04,773.2,1,L,0
TXN003083,2021-03-13,2021,3,1,Saturday,Clothing,East,Retail Store,SP_038,21,76.81,0.05,1532.36,809.62,0,L,1
TXN001778,2021-03-13,2021,3,1,Saturday,Home Goods,West,Retail Store,SP_011,8,115.0,0.0,920.0,312.12,0,M,0
TXN003006,2021-03-13,2021,3,1,Saturday,Electronics,North,Retail Store,SP_028,8,501.95,0.0,4015.6,1220.65,0,L,0
TXN002115,2021-03-13,2021,3,1,Saturday,Electronics,East,Retail Store,SP_017,5,437.5,0.05,2078.12,677.67,0,L,1
TXN002807,2021-03-13,2021,3,1,Saturday,Clothing,North,Online,SP_024,17,70.49,0.1,1078.5,660.5,0,L,1
TXN003099,2021-03-14,2021,3,1,Sunday,Clothing,East,Mobile App,SP_034,20,69.98,0.05,1329.62,681.47,0,L,1
TXN004326,2021-03-14,2021,3,1,Sunday,Sports,Central,Online,SP_038,6,100.3,0.0,601.8,186.68,0,M,0
TXN001610,2021-03-14,2021,3,1,Sunday,Home Goods,North,Mobile App,SP_039,8,104.77,0.1,754.34,303.94,0,M,1
TXN001680,2021-03-14,2021,3,1,Sunday,Electronics,South,Retail Store,SP_038,7,473.08,0.0,3311.56,963.6,0,L,0
TXN004176,2021-03-14,2021,3,1,Sunday,Sports,West,Wholesale,SP_037,8,103.12,0.0,824.96,304.77,0,M,0
TXN000439,2021-03-14,2021,3,1,Sunday,Books,West,Retail Store,SP_021,9,26.07,0.0,234.63,165.79,0,S,0
TXN004769,2021-03-14,2021,3,1,Sunday,Clothing,South,Mobile App,SP_004,21,73.91,0.0,1552.11,989.64,0,L,0
TXN002930,2021-03-15,2021,3,1,Monday,Clothing,Central,Retail Store,SP_023,10,66.28,0.0,662.8,416.62,0,M,0
TXN001060,2021-03-15,2021,3,1,Monday,Sports,East,Retail Store,SP_030,10,100.08,0.05,950.76,419.41,0,M,1
TXN000799,2021-03-15,2021,3,1,Monday,Electronics,East,Wholesale,SP_024,4,413.86,0.15,1407.12,399.48,0,L,1
TXN002216,2021-03-16,2021,3,1,Tuesday,Clothing,North,Wholesale,SP_020,15,65.1,0.0,976.5,563.01,0,M,0
TXN000296,2021-03-16,2021,3,1,Tuesday,Sports,West,Retail Store,SP_019,4,88.4,0.15,300.56,95.98,1,S,1
TXN001336,2021-03-17,2021,3,1,Wednesday,Clothing,South,Wholesale,SP_014,14,83.53,0.2,935.54,443.45,0,M,1
TXN004406,2021-03-17,2021,3,1,Wednesday,Sports,Central,Online,SP_008,7,97.48,0.15,580.01,225.14,1,M,1
TXN001638,2021-03-17,2021,3,1,Wednesday,Home Goods,West,Retail Store,SP_027,7,103.54,0.0,724.78,293.34,0,M,0
TXN003028,2021-03-17,2021,3,1,Wednesday,Home Goods,South,Mobile App,SP_033,7,126.47,0.05,841.03,409.11,0,M,1
TXN004737,2021-03-18,2021,3,1,Thursday,Books,Central,Wholesale,SP_005,4,23.35,0.15,79.39,44.82,0,XS,1
TXN004400,2021-03-18,2021,3,1,Thursday,Sports,East,Online,SP_004,2,102.61,0.0,205.22,71.43,0,S,0
TXN003616,2021-03-18,2021,3,1,Thursday,Electronics,East,Retail Store,SP_038,8,387.31,0.0,3098.48,809.4,0,L,0
TXN000817,2021-03-18,2021,3,1,Thursday,Clothing,North,Mobile App,SP_033,19,65.36,0.0,1241.84,652.87,0,L,0
TXN002906,2021-03-18,2021,3,1,Thursday,Home Goods,South,Wholesale,SP_004,5,116.31,0.0,581.55,287.62,0,M,0
TXN001445,2021-03-18,2021,3,1,Thursday,Home Goods,South,Retail Store,SP_030,4,130.65,0.0,522.6,175.69,0,M,0
TXN000883,2021-03-19,2021,3,1,Friday,Sports,East,Retail Store,SP_022,4,97.58,0.15,331.77,131.63,0,S,1
TXN004984,2021-03-19,2021,3,1,Friday,Clothing,Central,Mobile App,SP_025,11,65.84,0.0,724.24,390.56,1,M,0
TXN003830,2021-03-19,2021,3,1,Friday,Books,North,Retail Store,SP_005,4,26.35,0.05,100.13,74.03,0,XS,1
TXN000201,2021-03-19,2021,3,1,Friday,Electronics,East,Wholesale,SP_005,7,443.79,0.05,2951.2,888.57,0,L,1
TXN003903,2021-03-20,2021,3,1,Saturday,Home Goods,Central,Wholesale,SP_006,4,105.72,0.1,380.59,159.01,0,S,1
TXN004849,2021-03-20,2021,3,1,Saturday,Books,South,Wholesale,SP_028,7,21.76,0.05,144.7,96.85,0,XS,1
TXN004990,2021-03-21,2021,3,1,Sunday,Sports,Central,Retail Store,SP_004,9,89.41,0.0,804.69,364.22,0,M,0
TXN001684,2021-03-21,2021,3,1,Sunday,Sports,East,Mobile App,SP_038,11,90.25,0.0,992.75,368.21,0,M,0
TXN000330,2021-03-22,2021,3,1,Monday,Electronics,South,Retail Store,SP_031,8,406.96,0.0,3255.68,956.35,0,L,0
TXN001397,2021-03-22,2021,3,1,Monday,Clothing,East,Retail Store,SP_018,18,65.0,0.15,994.5,470.12,1,M,1
TXN002391,2021-03-22,2021,3,1,Monday,Sports,North,Online,SP_006,8,83.19,0.15,565.69,195.03,0,M,1
TXN000721,2021-03-22,2021,3,1,Monday,Sports,West,Wholesale,SP_035,5,107.19,0.1,482.36,214.98,0,S,1
TXN002996,2021-03-22,2021,3,1,Monday,Sports,West,Wholesale,SP_036,6,89.31,0.05,509.07,190.31,1,M,1
TXN001262,2021-03-23,2021,3,1,Tuesday,Books,West,Wholesale,SP_002,3,21.94,0.0,65.82,38.33,0,XS,0
TXN003418,2021-03-23,2021,3,1,Tuesday,Clothing,Central,Wholesale,SP_035,13,64.9,0.05,801.51,433.22,0,M,1
TXN000275,2021-03-24,2021,3,1,Wednesday,Electronics,North,Retail Store,SP_022,3,467.34,0.1,1261.82,379.97,0,L,1
TXN000950,2021-03-24,2021,3,1,Wednesday,Clothing,Central,Online,SP_020,15,75.65,0.0,1134.75,718.03,0,L,0
TXN002224,2021-03-24,2021,3,1,Wednesday,Sports,North,Wholesale,SP_022,5,83.07,0.0,415.35,175.4,0,S,0
TXN004810,2021-03-25,2021,3,1,Thursday,Sports,South,Wholesale,SP_004,9,103.15,0.0,928.35,344.65,1,M,0
TXN000930,2021-03-25,2021,3,1,Thursday,Home Goods,East,Retail Store,SP_036,6,116.07,0.1,626.78,310.27,0,M,1
TXN001950,2021-03-25,2021,3,1,Thursday,Clothing,Central,Retail Store,SP_018,19,75.24,0.0,1429.56,701.7,1,L,0
TXN004141,2021-03-25,2021,3,1,Thursday,Books,West,Mobile App,SP_018,11,22.19,0.15,207.48,130.46,0,S,1
TXN000732,2021-03-25,2021,3,1,Thursday,Electronics,East,Online,SP_014,3,516.96,0.2,1240.7,302.93,1,L,1
TXN000869,2021-03-26,2021,3,1,Friday,Electronics,Central,Wholesale,SP_028,10,411.39,0.05,3908.2,1083.58,0,L,1
TXN004268,2021-03-26,2021,3,1,Friday,Clothing,Central,Mobile App,SP_020,22,75.92,0.0,1670.24,1043.8,1,L,0
TXN000203,2021-03-26,2021,3,1,Friday,Sports,Central,Retail Store,SP_021,5,89.7,0.05,426.07,187.06,0,S,1
TXN003789,2021-03-27,2021,3,1,Saturday,Home Goods,North,Wholesale,SP_035,6,118.96,0.0,713.76,344.78,1,M,0
TXN001291,2021-03-27,2021,3,1,Saturday,Electronics,South,Online,SP_025,7,490.8,0.05,3263.82,924.65,0,L,1
TXN002548,2021-03-27,2021,3,1,Saturday,Electronics,Central,Online,SP_029,6,386.72,0.0,2320.32,717.57,0,L,0
TXN000051,2021-03-27,2021,3,1,Saturday,Home Goods,East,Online,SP_023,6,115.34,0.0,692.04,288.86,0,M,0
TXN000780,2021-03-27,2021,3,1,Saturday,Books,West,Wholesale,SP_026,5,24.31,0.05,115.47,63.47,0,XS,1
TXN001193,2021-03-28,2021,3,1,Sunday,Sports,South,Online,SP_015,8,83.56,0.1,601.63,189.26,0,M,1
TXN000782,2021-03-28,2021,3,1,Sunday,Clothing,Central,Mobile App,SP_003,14,73.72,0.05,980.48,560.68,0,M,1
TXN000240,2021-03-28,2021,3,1,Sunday,Home Goods,Central,Mobile App,SP_018,4,108.31,0.05,411.58,198.22,0,S,1
TXN004336,2021-03-28,2021,3,1,Sunday,Books,North,Online,SP_003,7,23.57,0.0,164.99,103.04,0,XS,0
TXN004261,2021-03-28,2021,3,1,Sunday,Clothing,Central,Retail Store,SP_011,6,85.85,0.0,515.1,257.51,0,M,0
TXN002403,2021-03-29,2021,3,1,Monday,Home Goods,North,Wholesale,SP_016,4,120.97,0.05,459.69,207.5,0,S,1
TXN002303,2021-03-29,2021,3,1,Monday,Sports,East,Mobile App,SP_035,7,99.24,0.0,694.68,295.83,1,M,0
TXN000977,2021-03-29,2021,3,1,Monday,Clothing,North,Online,SP_033,14,74.9,0.05,996.17,460.28,0,M,1
TXN003931,2021-03-29,2021,3,1,Monday,Electronics,East,Retail Store,SP_006,5,462.44,0.0,2312.2,556.91,0,L,0
TXN004145,2021-03-29,2021,3,1,Monday,Clothing,North,Wholesale,SP_021,5,65.01,0.1,292.55,145.96,0,S,1
TXN001456,2021-03-29,2021,3,1,Monday,Books,North,Retail Store,SP_036,5,23.66,0.0,118.3,74.53,0,XS,0
TXN000910,2021-03-30,2021,3,1,Tuesday,Electronics,North,Retail Store,SP_011,5,500.92,0.1,2254.14,724.0,0,L,1
TXN003444,2021-03-30,2021,3,1,Tuesday,Clothing,West,Wholesale,SP_032,9,77.06,0.15,589.51,318.58,0,M,1
TXN002978,2021-03-30,2021,3,1,Tuesday,Sports,East,Retail Store,SP_001,10,98.57,0.05,936.41,424.33,0,M,1
TXN004521,2021-03-30,2021,3,1,Tuesday,Clothing,South,Online,SP_009,14,69.83,0.15,830.98,424.63,0,M,1
TXN003856,2021-03-31,2021,3,1,Wednesday,Electronics,Central,Retail Store,SP_017,6,417.12,0.0,2502.72,564.35,0,L,0
TXN001237,2021-03-31,2021,3,1,Wednesday,Clothing,South,Wholesale,SP_035,16,69.24,0.0,1107.84,535.84,0,L,0
TXN002719,2021-03-31,2021,3,1,Wednesday,Electronics,West,Online,SP_028,5,403.57,0.05,1916.96,637.44,0,L,1
TXN002718,2021-03-31,2021,3,1,Wednesday,Home Goods,South,Mobile App,SP_004,7,114.08,0.1,718.7,337.58,1,M,1
TXN000060,2021-04-01,2021,4,2,Thursday,Sports,North,Retail Store,SP_024,7,97.12,0.05,645.85,278.98,0,M,1
TXN001629,2021-04-01,2021,4,2,Thursday,Clothing,South,Mobile App,SP_012,13,68.83,0.1,805.31,481.7,0,M,1
TXN002120,2021-04-01,2021,4,2,Thursday,Electronics,East,Wholesale,SP_031,10,473.07,0.0,4730.7,1523.42,0,L,0
TXN002356,2021-04-01,2021,4,2,Thursday,Sports,West,Retail Store,SP_009,9,92.69,0.1,750.79,296.74,0,M,1
TXN002536,2021-04-02,2021,4,2,Friday,Home Goods,Central,Mobile App,SP_039,5,133.82,0.1,602.19,221.37,0,M,1
TXN004101,2021-04-02,2021,4,2,Friday,Home Goods,Central,Online,SP_010,4,112.48,0.15,382.43,165.48,0,S,1
TXN003310,2021-04-03,2021,4,2,Saturday,Home Goods,West,Online,SP_031,4,104.39,0.0,417.56,148.39,0,S,0
TXN001663,2021-04-03,2021,4,2,Saturday,Electronics,East,Mobile App,SP_027,4,472.04,0.05,1793.75,498.65,0,L,1
TXN004902,2021-04-03,2021,4,2,Saturday,Clothing,South,Online,SP_011,17,69.64,0.0,1183.88,583.8,1,L,0
TXN003594,2021-04-03,2021,4,2,Saturday,Electronics,South,Wholesale,SP_001,7,390.55,0.2,2187.08,557.93,0,L,1
TXN002341,2021-04-03,2021,4,2,Saturday,Clothing,South,Retail Store,SP_013,10,71.61,0.0,716.1,389.82,0,M,0
TXN001549,2021-04-03,2021,4,2,Saturday,Electronics,Central,Wholesale,SP_015,7,475.95,0.05,3165.07,871.79,1,L,1
TXN001081,2021-04-03,2021,4,2,Saturday,Electronics,West,Wholesale,SP_021,8,385.67,0.05,2931.09,779.83,0,L,1
TXN003403,2021-04-03,2021,4,2,Saturday,Clothing,East,Online,SP_038,14,81.02,0.0,1134.28,543.61,0,L,0
TXN000553,2021-04-04,2021,4,2,Sunday,Electronics,South,Retail Store,SP_022,3,472.86,0.0,1418.58,458.89,0,L,0
TXN000899,2021-04-04,2021,4,2,Sunday,Books,South,Wholesale,SP_005,10,28.22,0.0,282.2,210.89,1,S,0
TXN000895,2021-04-04,2021,4,2,Sunday,Clothing,South,Online,SP_012,17,83.06,0.05,1341.42,681.64,0,L,1
TXN003224,2021-04-04,2021,4,2,Sunday,Sports,West,Mobile App,SP_017,8,84.13,0.0,673.04,298.19,0,M,0
TXN003215,2021-04-04,2021,4,2,Sunday,Books,West,Retail Store,SP_015,7,25.26,0.1,159.14,101.28,1,XS,1
TXN000539,2021-04-04,2021,4,2,Sunday,Home Goods,East,Mobile App,SP_034,9,114.84,0.05,981.88,357.01,0,M,1
TXN000438,2021-04-05,2021,4,2,Monday,Sports,East,Mobile App,SP_010,11,88.6,0.0,974.6,345.49,0,M,0
TXN002690,2021-04-05,2021,4,2,Monday,Sports,West,Mobile App,SP_028,4,87.63,0.0,350.52,151.07,1,S,0
TXN000067,2021-04-05,2021,4,2,Monday,Clothing,West,Online,SP_030,19,83.32,0.05,1503.93,833.39,0,L,1
TXN003553,2021-04-05,2021,4,2,Monday,Clothing,East,Online,SP_027,19,81.02,0.05,1462.41,831.61,0,L,1
TXN002828,2021-04-06,2021,4,2,Tuesday,Home Goods,South,Mobile App,SP_035,8,116.98,0.0,935.84,368.32,0,M,0
TXN003470,2021-04-06,2021,4,2,Tuesday,Clothing,South,Retail Store,SP_002,13,68.91,0.05,851.04,495.85,0,M,1
TXN002602,2021-04-06,2021,4,2,Tuesday,Sports,West,Wholesale,SP_031,4,95.73,0.1,344.63,150.66,0,S,1
TXN000942,2021-04-07,2021,4,2,Wednesday,Clothing,East,Wholesale,SP_030,19,79.23,0.2,1204.3,791.12,0,L,1
TXN003617,2021-04-07,2021,4,2,Wednesday,Home Goods,West,Retail Store,SP_002,1,112.85,0.0,112.85,38.26,0,XS,0
TXN003921,2021-04-07,2021,4,2,Wednesday,Clothing,North,Wholesale,SP_001,8,80.96,0.05,615.3,300.33,0,M,1
TXN001988,2021-04-07,2021,4,2,Wednesday,Home Goods,West,Retail Store,SP_023,6,103.79,0.2,498.19,222.2,1,S,1
TXN004645,2021-04-07,2021,4,2,Wednesday,Clothing,South,Online,SP_008,9,85.11,0.0,765.99,492.76,0,M,0
TXN003965,2021-04-07,2021,4,2,Wednesday,Electronics,South,Online,SP_032,7,463.51,0.0,3244.57,886.45,0,L,0
TXN004470,2021-04-08,2021,4,2,Thursday,Electronics,South,Mobile App,SP_001,4,383.83,0.2,1228.26,325.6,1,L,1
TXN000682,2021-04-08,2021,4,2,Thursday,Sports,North,Retail Store,SP_004,4,105.55,0.0,422.2,137.25,0,S,0
TXN002575,2021-04-08,2021,4,2,Thursday,Home Goods,East,Wholesale,SP_032,5,130.88,0.0,654.4,272.34,0,M,0
TXN003007,2021-04-08,2021,4,2,Thursday,Clothing,East,Wholesale,SP_020,9,80.78,0.15,617.97,323.86,0,M,1
TXN004037,2021-04-08,2021,4,2,Thursday,Sports,South,Online,SP_029,4,105.86,0.0,423.44,159.19,0,S,0
TXN003357,2021-04-09,2021,4,2,Friday,Clothing,North,Online,SP_034,10,82.17,0.05,780.62,500.68,0,M,1
TXN001525,2021-04-09,2021,4,2,Friday,Home Goods,North,Wholesale,SP_022,8,107.37,0.1,773.06,304.7,0,M,1
TXN000410,2021-04-10,2021,4,2,Saturday,Electronics,North,Mobile App,SP_002,6,397.17,0.0,2383.02,795.69,0,L,0
TXN000320,2021-04-10,2021,4,2,Saturday,Clothing,North,Mobile App,SP_029,14,73.45,0.0,1028.3,531.07,1,L,0
TXN004255,2021-04-10,2021,4,2,Saturday,Electronics,West,Wholesale,SP_017,7,396.67,0.05,2637.86,681.48,0,L,1
TXN000783,2021-04-11,2021,4,2,Sunday,Clothing,East,Mobile App,SP_026,13,64.28,0.15,710.29,364.0,0,M,1
TXN001695,2021-04-11,2021,4,2,Sunday,Books,South,Wholesale,SP_035,3,27.72,0.0,83.16,44.03,1,XS,0
TXN004277,2021-04-11,2021,4,2,Sunday,Electronics,East,Wholesale,SP_029,5,510.2,0.2,2040.8,590.47,1,L,1
TXN002840,2021-04-11,2021,4,2,Sunday,Books,West,Online,SP_033,4,21.7,0.0,86.8,48.16,0,XS,0
TXN003561,2021-04-11,2021,4,2,Sunday,Clothing,West,Mobile App,SP_008,7,80.67,0.0,564.69,308.1,0,M,0
TXN003183,2021-04-12,2021,4,2,Monday,Electronics,North,Wholesale,SP_003,3,406.61,0.15,1036.86,280.65,0,L,1
TXN001044,2021-04-12,2021,4,2,Monday,Sports,Central,Mobile App,SP_039,6,102.15,0.0,612.9,192.28,1,M,0
TXN000185,2021-04-12,2021,4,2,Monday,Electronics,East,Mobile App,SP_028,4,445.78,0.05,1693.96,436.6,0,L,1
TXN001516,2021-04-12,2021,4,2,Monday,Sports,West,Online,SP_018,12,106.84,0.05,1217.98,421.43,1,L,1
TXN003814,2021-04-13,2021,4,2,Tuesday,Electronics,East,Mobile App,SP_038,5,491.7,0.0,2458.5,731.23,0,L,0
TXN001562,2021-04-13,2021,4,2,Tuesday,Home Goods,South,Wholesale,SP_019,5,102.63,0.1,461.83,173.94,0,S,1
TXN000748,2021-04-14,2021,4,2,Wednesday,Sports,West,Online,SP_015,5,93.21,0.05,442.75,161.75,0,S,1
TXN002741,2021-04-14,2021,4,2,Wednesday,Electronics,East,Online,SP_022,5,423.53,0.0,2117.65,605.38,0,L,0
TXN003503,2021-04-14,2021,4,2,Wednesday,Books,North,Retail Store,SP_027,9,25.32,0.0,227.88,174.85,0,S,0
TXN003932,2021-04-14,2021,4,2,Wednesday,Sports,North,Mobile App,SP_008,8,108.19,0.05,822.24,291.85,0,M,1
TXN000827,2021-04-14,2021,4,2,Wednesday,Electronics,West,Online,SP_006,5,445.9,0.05,2118.03,660.17,1,L,1
TXN000048,2021-04-15,2021,4,2,Thursday,Electronics,West,Wholesale,SP_003,3,401.24,0.0,1203.72,356.03,0,L,0
TXN004238,2021-04-15,2021,4,2,Thursday,Sports,Central,Mobile App,SP_026,6,89.24,0.0,535.44,218.74,0,M,0
TXN001358,2021-04-15,2021,4,2,Thursday,Sports,West,Mobile App,SP_011,6,108.7,0.0,652.2,278.03,1,M,0
TXN004943,2021-04-15,2021,4,2,Thursday,Clothing,West,Retail Store,SP_010,10,78.81,0.05,748.69,462.3,0,M,1
TXN002181,2021-04-15,2021,4,2,Thursday,Sports,West,Online,SP_031,6,86.61,0.05,493.68,171.13,0,S,1
TXN000791,2021-04-16,2021,4,2,Friday,Sports,East,Wholesale,SP_029,8,85.44,0.0,683.52,244.29,1,M,0
TXN001487,2021-04-16,2021,4,2,Friday,Books,West,Retail Store,SP_025,7,24.48,0.2,137.09,75.37,1,XS,1
TXN003354,2021-04-17,2021,4,2,Saturday,Electronics,West,Wholesale,SP_038,4,454.45,0.15,1545.13,462.38,0,L,1
TXN003765,2021-04-17,2021,4,2,Saturday,Sports,North,Retail Store,SP_015,4,104.39,0.05,396.68,125.73,0,S,1
TXN002408,2021-04-17,2021,4,2,Saturday,Sports,Central,Retail Store,SP_028,6,93.25,0.05,531.52,177.58,0,M,1
TXN003806,2021-04-17,2021,4,2,Saturday,Home Goods,West,Mobile App,SP_031,6,107.18,0.0,643.08,233.75,0,M,0
TXN004081,2021-04-17,2021,4,2,Saturday,Books,North,Retail Store,SP_005,16,21.92,0.05,333.18,238.13,1,S,1
TXN002302,2021-04-17,2021,4,2,Saturday,Clothing,North,Online,SP_038,11,67.56,0.0,743.16,375.04,0,M,0
TXN000715,2021-04-17,2021,4,2,Saturday,Clothing,North,Retail Store,SP_028,11,67.12,0.0,738.32,417.74,1,M,0
TXN003023,2021-04-17,2021,4,2,Saturday,Books,North,Wholesale,SP_020,6,21.44,0.05,122.21,86.59,0,XS,1
TXN003437,2021-04-17,2021,4,2,Saturday,Sports,South,Online,SP_026,6,81.49,0.0,488.94,152.67,0,S,0
TXN003978,2021-04-18,2021,4,2,Sunday,Books,South,Online,SP_031,6,21.66,0.05,123.46,86.58,0,XS,1
TXN004109,2021-04-18,2021,4,2,Sunday,Sports,South,Retail Store,SP_038,7,96.83,0.0,677.81,227.36,1,M,0
TXN004556,2021-04-19,2021,4,2,Monday,Sports,North,Retail Store,SP_040,5,96.85,0.05,460.04,192.44,0,S,1
TXN003608,2021-04-19,2021,4,2,Monday,Sports,Central,Online,SP_010,5,93.62,0.15,397.88,160.66,0,S,1
TXN002353,2021-04-19,2021,4,2,Monday,Books,South,Retail Store,SP_009,3,24.54,0.0,73.62,49.07,1,XS,0
TXN001561,2021-04-19,2021,4,2,Monday,Sports,East,Online,SP_028,3,82.19,0.0,246.57,95.7,0,S,0
TXN004961,2021-04-20,2021,4,2,Tuesday,Books,East,Online,SP_004,6,23.41,0.15,119.39,64.64,1,XS,1
TXN003913,2021-04-20,2021,4,2,Tuesday,Books,West,Retail Store,SP_040,5,21.8,0.0,109.0,77.01,1,XS,0
TXN003423,2021-04-20,2021,4,2,Tuesday,Sports,West,Online,SP_033,6,85.9,0.1,463.86,184.3,0,S,1
TXN003482,2021-04-20,2021,4,2,Tuesday,Clothing,West,Wholesale,SP_002,9,79.34,0.1,642.65,419.46,0,M,1
TXN004158,2021-04-21,2021,4,2,Wednesday,Sports,West,Retail Store,SP_020,10,91.62,0.15,778.77,276.13,0,M,1
TXN001318,2021-04-21,2021,4,2,Wednesday,Home Goods,West,Retail Store,SP_037,5,104.57,0.0,522.85,256.68,0,M,0
TXN001767,2021-04-21,2021,4,2,Wednesday,Electronics,East,Retail Store,SP_023,9,455.06,0.05,3890.76,1088.75,1,L,1
TXN000031,2021-04-21,2021,4,2,Wednesday,Electronics,North,Mobile App,SP_022,6,384.96,0.1,2078.78,487.64,1,L,1
TXN004323,2021-04-21,2021,4,2,Wednesday,Books,East,Online,SP_018,11,23.31,0.0,256.41,156.42,0,S,0
TXN004547,2021-04-21,2021,4,2,Wednesday,Home Goods,East,Wholesale,SP_032,8,134.85,0.1,970.92,353.53,0,M,1
TXN001177,2021-04-22,2021,4,2,Thursday,Home Goods,Central,Retail Store,SP_005,8,104.63,0.1,753.34,264.45,0,M,1
TXN001190,2021-04-22,2021,4,2,Thursday,Sports,East,Retail Store,SP_013,3,82.73,0.05,235.78,89.47,0,S,1
TXN000929,2021-04-23,2021,4,2,Friday,Books,East,Online,SP_008,7,25.43,0.0,178.01,132.04,0,XS,0
TXN000188,2021-04-23,2021,4,2,Friday,Electronics,South,Wholesale,SP_014,11,451.67,0.1,4471.53,1053.82,0,L,1
TXN002422,2021-04-23,2021,4,2,Friday,Sports,Central,Online,SP_036,6,97.49,0.05,555.69,249.76,0,M,1
TXN004309,2021-04-24,2021,4,2,Saturday,Sports,East,Mobile App,SP_027,8,94.12,0.0,752.96,271.75,0,M,0
TXN003393,2021-04-24,2021,4,2,Saturday,Books,South,Retail Store,SP_022,7,22.42,0.1,141.25,98.55,1,XS,1
TXN004717,2021-04-24,2021,4,2,Saturday,Books,East,Mobile App,SP_002,3,24.48,0.2,58.75,35.24,0,XS,1
TXN004274,2021-04-24,2021,4,2,Saturday,Sports,Central,Wholesale,SP_019,8,105.45,0.1,759.24,280.71,0,M,1
TXN004631,2021-04-25,2021,4,2,Sunday,Home Goods,East,Retail Store,SP_022,9,130.33,0.05,1114.32,397.29,0,L,1
TXN001029,2021-04-25,2021,4,2,Sunday,Sports,Central,Wholesale,SP_008,6,96.42,0.0,578.52,212.22,0,M,0
TXN002437,2021-04-25,2021,4,2,Sunday,Books,East,Online,SP_019,5,28.59,0.05,135.8,89.39,1,XS,1
TXN001321,2021-04-26,2021,4,2,Monday,Electronics,East,Mobile App,SP_012,5,422.0,0.15,1793.5,512.58,1,L,1
TXN000321,2021-04-26,2021,4,2,Monday,Clothing,Central,Wholesale,SP_015,6,69.44,0.1,374.98,212.64,0,S,1
TXN003191,2021-04-26,2021,4,2,Monday,Clothing,West,Online,SP_027,9,71.61,0.0,644.49,374.87,1,M,0
TXN003969,2021-04-26,2021,4,2,Monday,Clothing,West,Retail Store,SP_039,14,76.92,0.0,1076.88,507.97,0,L,0
TXN003828,2021-04-27,2021,4,2,Tuesday,Clothing,South,Wholesale,SP_027,14,83.22,0.1,1048.57,587.06,0,L,1
TXN003431,2021-04-27,2021,4,2,Tuesday,Books,South,Retail Store,SP_006,10,23.04,0.05,218.88,151.29,1,S,1
TXN000241,2021-04-28,2021,4,2,Wednesday,Electronics,West,Wholesale,SP_033,12,410.13,0.1,4429.4,1285.44,0,L,1
TXN003904,2021-04-28,2021,4,2,Wednesday,Clothing,East,Retail Store,SP_026,10,74.76,0.0,747.6,404.87,1,M,0
TXN003509,2021-04-28,2021,4,2,Wednesday,Home Goods,North,Mobile App,SP_025,5,128.1,0.0,640.5,297.29,0,M,0
TXN003267,2021-04-28,2021,4,2,Wednesday,Sports,East,Mobile App,SP_021,11,89.62,0.15,837.95,299.71,0,M,1
TXN000512,2021-04-29,2021,4,2,Thursday,Clothing,North,Mobile App,SP_004,20,82.47,0.15,1401.99,741.34,0,L,1
TXN004181,2021-04-29,2021,4,2,Thursday,Sports,South,Retail Store,SP_035,6,87.11,0.05,496.53,188.11,0,S,1
TXN000037,2021-04-30,2021,4,2,Friday,Books,Central,Online,SP_021,8,21.88,0.0,175.04,126.39,0,XS,0
TXN003578,2021-04-30,2021,4,2,Friday,Books,East,Retail Store,SP_032,7,22.55,0.1,142.06,98.97,0,XS,1
TXN000802,2021-04-30,2021,4,2,Friday,Electronics,Central,Online,SP_031,1,405.61,0.1,365.05,86.04,0,S,1
TXN001146,2021-05-01,2021,5,2,Saturday,Books,East,Retail Store,SP_002,5,22.33,0.1,100.48,69.52,0,XS,1
TXN001052,2021-05-01,2021,5,2,Saturday,Electronics,East,Retail Store,SP_031,8,497.67,0.15,3384.16,841.34,0,L,1
TXN003339,2021-05-01,2021,5,2,Saturday,Home Goods,Central,Mobile App,SP_005,7,137.86,0.05,916.77,393.59,0,M,1
TXN003900,2021-05-02,2021,5,2,Sunday,Home Goods,East,Online,SP_022,14,122.3,0.1,1540.98,600.95,0,L,1
TXN003898,2021-05-02,2021,5,2,Sunday,Sports,Central,Retail Store,SP_006,7,89.6,0.05,595.84,227.19,0,M,1
TXN004363,2021-05-02,2021,5,2,Sunday,Electronics,North,Online,SP_019,7,391.71,0.0,2741.97,616.64,1,L,0
TXN003740,2021-05-03,2021,5,2,Monday,Clothing,South,Retail Store,SP_005,4,83.92,0.1,302.11,188.57,0,S,1
TXN003662,2021-05-03,2021,5,2,Monday,Clothing,East,Retail Store,SP_005,7,80.68,0.05,536.52,238.77,0,M,1
TXN002649,2021-05-03,2021,5,2,Monday,Electronics,Central,Online,SP_007,16,485.49,0.05,7379.45,1751.07,0,XL,1
TXN000916,2021-05-03,2021,5,2,Monday,Home Goods,South,Online,SP_030,12,129.27,0.05,1473.68,524.37,1,L,1
TXN004987,2021-05-04,2021,5,2,Tuesday,Clothing,West,Retail Store,SP_011,7,75.95,0.0,531.65,287.07,1,M,0
TXN000313,2021-05-04,2021,5,2,Tuesday,Electronics,West,Online,SP_019,6,417.74,0.05,2381.12,624.95,0,L,1
TXN001575,2021-05-05,2021,5,2,Wednesday,Electronics,Central,Online,SP_014,6,485.23,0.05,2765.81,842.87,0,L,1
TXN000161,2021-05-05,2021,5,2,Wednesday,Sports,East,Retail Store,SP_008,3,94.46,0.15,240.87,96.74,0,S,1
TXN004133,2021-05-05,2021,5,2,Wednesday,Electronics,West,Retail Store,SP_003,1,486.25,0.0,486.25,114.59,0,S,0
TXN004230,2021-05-05,2021,5,2,Wednesday,Electronics,West,Wholesale,SP_015,8,411.01,0.0,3288.08,925.33,0,L,0
TXN001392,2021-05-05,2021,5,2,Wednesday,Clothing,West,Mobile App,SP_035,5,82.36,0.15,350.03,159.87,0,S,1
TXN002539,2021-05-05,2021,5,2,Wednesday,Electronics,South,Online,SP_018,4,476.74,0.2,1525.57,362.9,0,L,1
TXN002664,2021-05-05,2021,5,2,Wednesday,Electronics,Central,Mobile App,SP_016,10,484.93,0.1,4364.37,1142.63,0,L,1
TXN003218,2021-05-06,2021,5,2,Thursday,Books,West,Online,SP_024,8,23.7,0.0,189.6,130.36,0,XS,0
TXN002759,2021-05-06,2021,5,2,Thursday,Clothing,Central,Retail Store,SP_015,6,70.18,0.1,378.97,240.88,0,S,1
TXN002561,2021-05-06,2021,5,2,Thursday,Sports,North,Mobile App,SP_028,8,91.67,0.15,623.36,219.85,1,M,1
TXN000204,2021-05-07,2021,5,2,Friday,Sports,North,Wholesale,SP_006,9,102.46,0.05,876.03,377.32,1,M,1
TXN001126,2021-05-08,2021,5,2,Saturday,Sports,South,Mobile App,SP_014,6,87.34,0.05,497.84,218.61,0,S,1
TXN003402,2021-05-08,2021,5,2,Saturday,Clothing,West,Online,SP_037,4,71.71,0.1,258.16,135.14,1,S,1
TXN001609,2021-05-08,2021,5,2,Saturday,Clothing,West,Online,SP_037,7,75.22,0.15,447.56,259.82,0,S,1
TXN001744,2021-05-08,2021,5,2,Saturday,Home Goods,North,Wholesale,SP_013,11,136.1,0.1,1347.39,469.65,0,L,1
TXN002270,2021-05-09,2021,5,2,Sunday,Sports,West,Mobile App,SP_039,10,83.87,0.05,796.76,280.85,0,M,1
TXN002058,2021-05-09,2021,5,2,Sunday,Sports,East,Online,SP_040,3,102.72,0.1,277.34,88.81,0,S,1
TXN002435,2021-05-09,2021,5,2,Sunday,Electronics,North,Mobile App,SP_033,6,400.08,0.0,2400.48,769.11,1,L,0
TXN003033,2021-05-09,2021,5,2,Sunday,Home Goods,South,Online,SP_029,11,129.27,0.1,1279.77,485.01,0,L,1
TXN003453,2021-05-09,2021,5,2,Sunday,Home Goods,Central,Wholesale,SP_002,8,127.45,0.0,1019.6,491.95,0,L,0
TXN004084,2021-05-09,2021,5,2,Sunday,Home Goods,South,Online,SP_013,11,133.52,0.0,1468.72,731.07,0,L,0
TXN002988,2021-05-09,2021,5,2,Sunday,Sports,Central,Mobile App,SP_032,10,101.46,0.0,1014.6,344.44,1,L,0
TXN002118,2021-05-10,2021,5,2,Monday,Clothing,South,Online,SP_026,8,74.21,0.1,534.31,328.0,1,M,1
TXN002961,2021-05-11,2021,5,2,Tuesday,Electronics,East,Retail Store,SP_040,3,491.61,0.0,1474.83,420.54,1,L,0
TXN001961,2021-05-11,2021,5,2,Tuesday,Home Goods,North,Wholesale,SP_037,15,109.37,0.0,1640.55,787.94,0,L,0
TXN001836,2021-05-13,2021,5,2,Thursday,Home Goods,South,Wholesale,SP_014,16,136.64,0.0,2186.24,918.47,0,L,0
TXN003605,2021-05-13,2021,5,2,Thursday,Home Goods,South,Mobile App,SP_031,15,125.41,0.05,1787.09,881.74,1,L,1
TXN000105,2021-05-14,2021,5,2,Friday,Sports,West,Online,SP_037,4,100.29,0.05,381.1,140.78,1,S,1
TXN003084,2021-05-14,2021,5,2,Friday,Books,West,Retail Store,SP_036,3,24.45,0.05,69.68,50.79,0,XS,1
TXN003676,2021-05-14,2021,5,2,Friday,Sports,Central,Wholesale,SP_034,4,88.2,0.05,335.16,129.85,0,S,1
TXN000935,2021-05-15,2021,5,2,Saturday,Clothing,West,Online,SP_006,10,72.89,0.0,728.9,347.47,1,M,0
TXN002586,2021-05-15,2021,5,2,Saturday,Home Goods,South,Online,SP_017,14,107.08,0.05,1424.16,703.31,0,L,1
TXN001980,2021-05-15,2021,5,2,Saturday,Home Goods,South,Wholesale,SP_010,5,122.64,0.0,613.2,248.23,0,M,0
TXN003358,2021-05-15,2021,5,2,Saturday,Sports,South,Mobile App,SP_010,13,94.24,0.05,1163.86,524.05,0,L,1
TXN004206,2021-05-15,2021,5,2,Saturday,Sports,South,Online,SP_032,5,105.04,0.0,525.2,185.02,0,M,0
TXN003270,2021-05-15,2021,5,2,Saturday,Electronics,West,Retail Store,SP_039,4,386.09,0.1,1389.92,367.03,0,L,1
TXN001150,2021-05-15,2021,5,2,Saturday,Sports,North,Mobile App,SP_015,11,81.88,0.15,765.58,321.53,1,M,1
TXN002376,2021-05-15,2021,5,2,Saturday,Clothing,West,Wholesale,SP_011,6,73.1,0.05,416.67,242.3,0,S,1
TXN003543,2021-05-16,2021,5,2,Sunday,Home Goods,Central,Online,SP_021,11,136.29,0.05,1424.23,671.08,1,L,1
TXN000430,2021-05-16,2021,5,2,Sunday,Home Goods,West,Retail Store,SP_004,6,103.9,0.0,623.4,296.83,0,M,0
TXN002234,2021-05-16,2021,5,2,Sunday,Clothing,West,Retail Store,SP_032,11,67.18,0.0,738.98,465.41,0,M,0
TXN003566,2021-05-16,2021,5,2,Sunday,Sports,South,Retail Store,SP_040,7,90.74,0.0,635.18,233.32,1,M,0
TXN002242,2021-05-16,2021,5,2,Sunday,Home Goods,North,Mobile App,SP_026,30,110.38,0.1,2980.26,1240.83,1,L,1
TXN003598,2021-05-16,2021,5,2,Sunday,Home Goods,East,Wholesale,SP_025,16,120.86,0.1,1740.38,716.17,0,L,1
TXN001998,2021-05-17,2021,5,2,Monday,Clothing,Central,Wholesale,SP_011,8,66.14,0.15,449.75,255.8,0,S,1
TXN003387,2021-05-17,2021,5,2,Monday,Home Goods,East,Online,SP_030,8,118.28,0.15,804.3,296.04,1,M,1
TXN002156,2021-05-17,2021,5,2,Monday,Clothing,Central,Mobile App,SP_008,3,80.01,0.05,228.03,105.69,0,S,1
TXN002444,2021-05-17,2021,5,2,Monday,Home Goods,North,Mobile App,SP_034,8,102.07,0.1,734.9,289.39,0,M,1
TXN004658,2021-05-18,2021,5,2,Tuesday,Books,South,Online,SP_020,8,25.66,0.1,184.75,100.56,0,XS,1
TXN001013,2021-05-18,2021,5,2,Tuesday,Books,Central,Mobile App,SP_028,4,22.05,0.0,88.2,54.85,0,XS,0
TXN000501,2021-05-18,2021,5,2,Tuesday,Electronics,West,Mobile App,SP_036,8,435.07,0.0,3480.56,1065.23,0,L,0
TXN003326,2021-05-18,2021,5,2,Tuesday,Home Goods,East,Online,SP_034,6,134.45,0.0,806.7,356.01,0,M,0
TXN001257,2021-05-19,2021,5,2,Wednesday,Home Goods,North,Mobile App,SP_025,8,108.68,0.05,825.97,307.96,0,M,1
TXN000995,2021-05-20,2021,5,2,Thursday,Sports,North,Retail Store,SP_025,1,83.9,0.05,79.7,27.13,0,XS,1
TXN003142,2021-05-21,2021,5,2,Friday,Home Goods,South,Wholesale,SP_016,7,102.46,0.0,717.22,267.52,0,M,0
TXN004328,2021-05-21,2021,5,2,Friday,Books,West,Online,SP_022,8,27.68,0.1,199.3,128.12,0,XS,1
TXN001191,2021-05-21,2021,5,2,Friday,Home Goods,South,Mobile App,SP_030,9,131.39,0.05,1123.38,553.4,0,L,1
TXN003110,2021-05-21,2021,5,2,Friday,Sports,North,Mobile App,SP_017,8,89.36,0.0,714.88,275.99,0,M,0
TXN000044,2021-05-21,2021,5,2,Friday,Clothing,East,Wholesale,SP_011,10,66.31,0.05,629.94,370.24,0,M,1
TXN004679,2021-05-22,2021,5,2,Saturday,Sports,North,Online,SP_014,7,85.1,0.1,536.13,196.12,0,M,1
TXN002509,2021-05-22,2021,5,2,Saturday,Clothing,North,Wholesale,SP_022,10,83.93,0.05,797.34,523.48,0,M,1
TXN002094,2021-05-23,2021,5,2,Sunday,Sports,West,Online,SP_034,4,92.81,0.05,352.68,109.46,0,S,1
TXN004372,2021-05-23,2021,5,2,Sunday,Sports,West,Mobile App,SP_003,9,103.35,0.1,837.13,356.02,0,M,1
TXN003341,2021-05-23,2021,5,2,Sunday,Sports,South,Online,SP_031,6,96.8,0.0,580.8,230.84,0,M,0
TXN001157,2021-05-24,2021,5,2,Monday,Home Goods,North,Mobile App,SP_008,8,130.46,0.1,939.31,392.95,0,M,1
TXN000885,2021-05-24,2021,5,2,Monday,Books,South,Online,SP_025,6,26.06,0.2,125.09,80.4,0,XS,1
TXN004434,2021-05-24,2021,5,2,Monday,Books,South,Retail Store,SP_005,9,26.27,0.1,212.79,130.11,0,S,1
TXN002725,2021-05-25,2021,5,2,Tuesday,Electronics,East,Wholesale,SP_003,6,435.64,0.0,2613.84,686.02,0,L,0
TXN004378,2021-05-25,2021,5,2,Tuesday,Clothing,West,Retail Store,SP_030,10,72.53,0.0,725.3,410.94,0,M,0
TXN002599,2021-05-25,2021,5,2,Tuesday,Books,West,Wholesale,SP_020,6,28.64,0.05,163.25,126.86,1,XS,1
TXN004500,2021-05-25,2021,5,2,Tuesday,Clothing,Central,Retail Store,SP_001,7,73.81,0.1,465.0,242.86,0,S,1
TXN000730,2021-05-26,2021,5,2,Wednesday,Electronics,South,Mobile App,SP_006,7,429.45,0.05,2855.84,806.2,0,L,1
TXN002161,2021-05-26,2021,5,2,Wednesday,Clothing,South,Retail Store,SP_005,7,69.12,0.05,459.65,279.01,0,S,1
TXN001603,2021-05-26,2021,5,2,Wednesday,Books,North,Retail Store,SP_034,7,27.68,0.0,193.76,102.67,1,XS,0
TXN000010,2021-05-27,2021,5,2,Thursday,Books,South,Retail Store,SP_011,5,22.46,0.05,106.69,81.27,0,XS,1
TXN003243,2021-05-27,2021,5,2,Thursday,Sports,West,Online,SP_014,10,86.55,0.1,778.95,281.81,1,M,1
TXN000688,2021-05-27,2021,5,2,Thursday,Electronics,South,Wholesale,SP_015,7,420.75,0.0,2945.25,659.82,0,L,0
TXN001214,2021-05-27,2021,5,2,Thursday,Home Goods,North,Retail Store,SP_022,15,119.88,0.0,1798.2,768.61,0,L,0
TXN004515,2021-05-28,2021,5,2,Friday,Sports,West,Wholesale,SP_014,11,91.56,0.2,805.73,353.08,0,M,1
TXN000894,2021-05-28,2021,5,2,Friday,Electronics,South,Mobile App,SP_002,4,396.61,0.05,1507.12,440.98,0,L,1
TXN002333,2021-05-29,2021,5,2,Saturday,Electronics,Central,Mobile App,SP_009,5,503.92,0.0,2519.6,819.21,1,L,0
TXN002162,2021-05-29,2021,5,2,Saturday,Books,South,Retail Store,SP_027,4,28.55,0.1,102.78,64.12,0,XS,1
TXN004452,2021-05-29,2021,5,2,Saturday,Books,North,Retail Store,SP_040,3,21.59,0.0,64.77,47.58,0,XS,0
TXN004321,2021-05-29,2021,5,2,Saturday,Sports,North,Retail Store,SP_016,8,92.79,0.1,668.09,225.58,0,M,1
TXN004923,2021-05-30,2021,5,2,Sunday,Books,East,Retail Store,SP_036,6,25.06,0.0,150.36,81.47,0,XS,0
TXN003221,2021-05-30,2021,5,2,Sunday,Home Goods,Central,Wholesale,SP_030,15,126.8,0.1,1711.8,674.87,0,L,1
TXN002430,2021-05-30,2021,5,2,Sunday,Clothing,North,Mobile App,SP_028,5,75.73,0.0,378.65,168.32,0,S,0
TXN002401,2021-05-31,2021,5,2,Monday,Clothing,West,Wholesale,SP_022,3,82.1,0.0,246.3,162.45,1,S,0
TXN000253,2021-06-01,2021,6,2,Tuesday,Sports,West,Wholesale,SP_009,11,82.36,0.15,770.07,277.87,0,M,1
TXN000451,2021-06-02,2021,6,2,Wednesday,Clothing,South,Online,SP_010,8,85.09,0.0,680.72,313.19,0,M,0
TXN004560,2021-06-02,2021,6,2,Wednesday,Books,West,Online,SP_022,7,27.6,0.0,193.2,142.51,0,XS,0
TXN002047,2021-06-02,2021,6,2,Wednesday,Clothing,East,Online,SP_010,7,79.67,0.05,529.81,256.5,0,M,1
TXN000589,2021-06-02,2021,6,2,Wednesday,Clothing,South,Online,SP_025,4,79.56,0.0,318.24,206.96,0,S,0
TXN004183,2021-06-02,2021,6,2,Wednesday,Home Goods,South,Online,SP_039,12,121.98,0.05,1390.57,587.41,0,L,1
TXN002295,2021-06-02,2021,6,2,Wednesday,Books,East,Online,SP_032,3,23.9,0.0,71.7,40.92,0,XS,0
TXN000449,2021-06-03,2021,6,2,Thursday,Books,Central,Online,SP_028,12,23.37,0.1,252.4,149.56,1,S,1
TXN000110,2021-06-03,2021,6,2,Thursday,Clothing,North,Mobile App,SP_029,5,64.92,0.1,292.14,163.33,0,S,1
TXN001515,2021-06-03,2021,6,2,Thursday,Books,West,Mobile App,SP_021,7,27.1,0.1,170.73,118.56,0,XS,1
TXN003668,2021-06-03,2021,6,2,Thursday,Books,South,Mobile App,SP_031,6,21.58,0.1,116.53,76.43,0,XS,1
TXN001874,2021-06-04,2021,6,2,Friday,Books,North,Online,SP_035,12,23.01,0.0,276.12,206.39,0,S,0
TXN001011,2021-06-04,2021,6,2,Friday,Books,South,Wholesale,SP_017,8,25.36,0.0,202.88,129.39,0,S,0
TXN003734,2021-06-04,2021,6,2,Friday,Home Goods,East,Mobile App,SP_019,14,117.2,0.05,1558.76,783.43,0,L,1
TXN003478,2021-06-04,2021,6,2,Friday,Sports,Central,Online,SP_026,15,98.36,0.05,1401.63,614.43,0,L,1
TXN000877,2021-06-05,2021,6,2,Saturday,Sports,East,Mobile App,SP_021,6,87.38,0.0,524.28,198.54,0,M,0
TXN001947,2021-06-05,2021,6,2,Saturday,Clothing,North,Online,SP_039,6,74.46,0.15,379.75,216.22,0,S,1
TXN001621,2021-06-06,2021,6,2,Sunday,Home Goods,Central,Retail Store,SP_032,8,137.88,0.1,992.74,372.31,0,M,1
TXN002364,2021-06-06,2021,6,2,Sunday,Clothing,South,Wholesale,SP_033,4,71.1,0.05,270.18,163.82,1,S,1
TXN001655,2021-06-06,2021,6,2,Sunday,Home Goods,West,Retail Store,SP_029,8,117.55,0.1,846.36,330.0,0,M,1
TXN001419,2021-06-06,2021,6,2,Sunday,Electronics,South,Retail Store,SP_021,12,415.47,0.0,4985.64,1621.34,0,L,0
TXN000936,2021-06-07,2021,6,2,Monday,Electronics,South,Wholesale,SP_008,6,405.05,0.1,2187.27,665.75,0,L,1
TXN003188,2021-06-07,2021,6,2,Monday,Clothing,West,Wholesale,SP_015,6,78.4,0.0,470.4,208.41,1,S,0
TXN003928,2021-06-07,2021,6,2,Monday,Sports,Central,Online,SP_027,18,101.21,0.0,1821.78,561.03,0,L,0
TXN002857,2021-06-08,2021,6,2,Tuesday,Books,East,Wholesale,SP_028,6,22.29,0.0,133.74,92.28,0,XS,0
TXN002195,2021-06-08,2021,6,2,Tuesday,Books,West,Retail Store,SP_026,5,24.04,0.0,120.2,89.63,0,XS,0
TXN004335,2021-06-08,2021,6,2,Tuesday,Home Goods,South,Retail Store,SP_028,12,127.33,0.0,1527.96,650.66,0,L,0
TXN001162,2021-06-08,2021,6,2,Tuesday,Books,North,Mobile App,SP_008,6,23.06,0.0,138.36,89.59,0,XS,0
TXN003314,2021-06-09,2021,6,2,Wednesday,Sports,South,Retail Store,SP_018,6,87.84,0.0,527.04,196.28,0,M,0
TXN004175,2021-06-09,2021,6,2,Wednesday,Sports,East,Online,SP_003,7,104.52,0.1,658.48,229.6,0,M,1
TXN000354,2021-06-10,2021,6,2,Thursday,Books,East,Online,SP_007,7,25.88,0.05,172.1,127.52,0,XS,1
TXN004854,2021-06-10,2021,6,2,Thursday,Home Goods,South,Online,SP_019,4,135.54,0.05,515.05,196.82,0,M,1
TXN000976,2021-06-10,2021,6,2,Thursday,Sports,North,Online,SP_002,21,103.9,0.1,1963.71,799.68,0,L,1
TXN004946,2021-06-10,2021,6,2,Thursday,Home Goods,East,Retail Store,SP_018,24,132.86,0.15,2710.34,1133.76,0,L,1
TXN002880,2021-06-10,2021,6,2,Thursday,Home Goods,Central,Wholesale,SP_034,8,128.69,0.05,978.04,466.98,0,M,1
TXN004585,2021-06-11,2021,6,2,Friday,Home Goods,East,Online,SP_033,12,124.94,0.0,1499.28,691.18,0,L,0
TXN000498,2021-06-11,2021,6,2,Friday,Sports,North,Retail Store,SP_008,21,90.31,0.15,1612.03,723.39,0,L,1
TXN002897,2021-06-11,2021,6,2,Friday,Books,Central,Retail Store,SP_005,11,23.03,0.0,253.33,164.22,0,S,0
TXN004706,2021-06-12,2021,6,2,Saturday,Home Goods,West,Retail Store,SP_035,14,109.13,0.0,1527.82,644.05,0,L,0
TXN001352,2021-06-12,2021,6,2,Saturday,Electronics,South,Online,SP_011,8,510.04,0.05,3876.3,917.09,1,L,1
TXN001794,2021-06-12,2021,6,2,Saturday,Sports,North,Retail Store,SP_037,18,104.62,0.0,1883.16,712.64,0,L,0
TXN002256,2021-06-12,2021,6,2,Saturday,Electronics,Central,Online,SP_010,1,437.3,0.0,437.3,143.06,0,S,0
TXN000854,2021-06-13,2021,6,2,Sunday,Clothing,Central,Wholesale,SP_030,9,68.92,0.05,589.27,278.48,0,M,1
TXN003648,2021-06-13,2021,6,2,Sunday,Electronics,South,Mobile App,SP_025,9,454.15,0.1,3678.61,850.96,0,L,1
TXN000655,2021-06-13,2021,6,2,Sunday,Books,North,Mobile App,SP_026,6,25.75,0.05,146.78,82.86,0,XS,1
TXN002733,2021-06-13,2021,6,2,Sunday,Home Goods,West,Retail Store,SP_014,8,109.47,0.05,831.97,350.69,0,M,1
TXN003670,2021-06-13,2021,6,2,Sunday,Electronics,West,Wholesale,SP_040,9,448.45,0.2,3228.84,1019.85,0,L,1
TXN001269,2021-06-13,2021,6,2,Sunday,Home Goods,West,Mobile App,SP_011,11,111.85,0.05,1168.83,445.62,0,L,1
TXN001784,2021-06-13,2021,6,2,Sunday,Clothing,North,Wholesale,SP_038,7,66.23,0.0,463.61,272.3,0,S,0
TXN003664,2021-06-13,2021,6,2,Sunday,Home Goods,West,Online,SP_006,8,128.55,0.1,925.56,448.53,1,M,1
TXN002300,2021-06-13,2021,6,2,Sunday,Books,Central,Wholesale,SP_036,6,27.34,0.1,147.64,112.05,1,XS,1
TXN001281,2021-06-14,2021,6,2,Monday,Books,South,Mobile App,SP_011,2,24.06,0.1,43.31,27.99,0,XS,1
TXN002358,2021-06-14,2021,6,2,Monday,Home Goods,West,Retail Store,SP_018,6,134.34,0.2,644.83,240.26,0,M,1
TXN004427,2021-06-14,2021,6,2,Monday,Electronics,North,Online,SP_021,5,423.46,0.05,2011.43,548.8,0,L,1
TXN003891,2021-06-15,2021,6,2,Tuesday,Books,South,Wholesale,SP_007,7,28.5,0.0,199.5,112.48,0,XS,0
TXN000533,2021-06-15,2021,6,2,Tuesday,Sports,East,Retail Store,SP_021,17,105.87,0.05,1709.8,610.79,1,L,1
TXN001714,2021-06-16,2021,6,2,Wednesday,Electronics,West,Online,SP_025,7,508.18,0.0,3557.26,1174.97,1,L,0
TXN001465,2021-06-17,2021,6,2,Thursday,Home Goods,West,Mobile App,SP_034,14,123.67,0.0,1731.38,774.15,0,L,0
TXN003016,2021-06-17,2021,6,2,Thursday,Clothing,East,Wholesale,SP_023,5,66.5,0.0,332.5,161.94,1,S,0
TXN004840,2021-06-17,2021,6,2,Thursday,Electronics,South,Retail Store,SP_040,6,430.74,0.1,2326.0,710.22,0,L,1
TXN000492,2021-06-17,2021,6,2,Thursday,Sports,North,Wholesale,SP_026,10,82.36,0.05,782.42,252.17,0,M,1
TXN003113,2021-06-18,2021,6,2,Friday,Clothing,North,Wholesale,SP_020,2,71.55,0.1,128.79,66.41,0,XS,1
TXN004306,2021-06-18,2021,6,2,Friday,Home Goods,South,Online,SP_011,6,109.94,0.0,659.64,285.81,0,M,0
TXN004773,2021-06-18,2021,6,2,Friday,Clothing,East,Mobile App,SP_036,5,80.46,0.05,382.18,197.69,1,S,1
TXN004016,2021-06-18,2021,6,2,Friday,Electronics,North,Retail Store,SP_034,5,400.98,0.0,2004.9,578.47,0,L,0
TXN004891,2021-06-18,2021,6,2,Friday,Home Goods,East,Retail Store,SP_001,8,119.19,0.05,905.84,450.92,1,M,1
TXN001039,2021-06-18,2021,6,2,Friday,Electronics,South,Retail Store,SP_034,7,383.62,0.1,2416.81,803.94,0,L,1
TXN004980,2021-06-19,2021,6,2,Saturday,Sports,West,Wholesale,SP_040,13,103.66,0.05,1280.2,551.07,0,L,1
TXN002246,2021-06-19,2021,6,2,Saturday,Electronics,North,Online,SP_001,9,392.46,0.0,3532.14,1004.83,0,L,0
TXN002544,2021-06-19,2021,6,2,Saturday,Clothing,Central,Mobile App,SP_006,7,85.14,0.05,566.18,343.97,1,M,1
TXN004105,2021-06-20,2021,6,2,Sunday,Books,Central,Wholesale,SP_028,10,25.41,0.0,254.1,149.29,0,S,0
TXN001271,2021-06-20,2021,6,2,Sunday,Home Goods,Central,Retail Store,SP_036,9,122.95,0.1,995.89,466.14,0,M,1
TXN003658,2021-06-20,2021,6,2,Sunday,Electronics,North,Wholesale,SP_011,2,507.26,0.15,862.34,267.1,1,M,1
TXN002972,2021-06-20,2021,6,2,Sunday,Books,East,Online,SP_035,5,25.49,0.15,108.33,62.48,0,XS,1
TXN002037,2021-06-20,2021,6,2,Sunday,Home Goods,Central,Mobile App,SP_002,9,135.36,0.05,1157.33,463.61,0,L,1
TXN004210,2021-06-20,2021,6,2,Sunday,Sports,North,Wholesale,SP_015,9,103.88,0.05,888.17,320.61,1,M,1
TXN000646,2021-06-21,2021,6,2,Monday,Home Goods,Central,Mobile App,SP_017,14,104.03,0.0,1456.42,495.2,0,L,0
TXN001024,2021-06-21,2021,6,2,Monday,Home Goods,Central,Wholesale,SP_005,23,126.13,0.15,2465.84,1020.54,0,L,1
TXN003474,2021-06-22,2021,6,2,Tuesday,Home Goods,East,Wholesale,SP_009,7,115.78,0.15,688.89,319.54,1,M,1
TXN002604,2021-06-22,2021,6,2,Tuesday,Clothing,Central,Mobile App,SP_038,3,79.73,0.0,239.19,140.79,1,S,0
TXN003298,2021-06-22,2021,6,2,Tuesday,Books,South,Retail Store,SP_024,6,24.79,0.1,133.87,82.31,0,XS,1
TXN000458,2021-06-22,2021,6,2,Tuesday,Books,Central,Wholesale,SP_005,8,23.06,0.0,184.48,128.61,1,XS,0
TXN000362,2021-06-23,2021,6,2,Wednesday,Books,South,Retail Store,SP_025,7,24.5,0.0,171.5,115.74,0,XS,0
TXN004724,2021-06-23,2021,6,2,Wednesday,Sports,East,Mobile App,SP_009,16,82.51,0.05,1254.15,520.86,1,L,1
TXN001416,2021-06-23,2021,6,2,Wednesday,Electronics,Central,Retail Store,SP_012,3,417.46,0.05,1189.76,383.18,0,L,1
TXN004030,2021-06-23,2021,6,2,Wednesday,Electronics,North,Retail Store,SP_029,5,443.04,0.05,2104.44,659.44,0,L,1
TXN004969,2021-06-24,2021,6,2,Thursday,Books,North,Retail Store,SP_039,4,21.48,0.0,85.92,52.69,0,XS,0
TXN004182,2021-06-24,2021,6,2,Thursday,Clothing,South,Wholesale,SP_007,5,69.24,0.1,311.58,143.41,0,S,1
TXN003090,2021-06-24,2021,6,2,Thursday,Books,North,Wholesale,SP_029,10,27.1,0.05,257.45,200.14,1,S,1
TXN004456,2021-06-24,2021,6,2,Thursday,Electronics,North,Mobile App,SP_014,5,458.52,0.2,1834.08,548.04,0,L,1
TXN003908,2021-06-24,2021,6,2,Thursday,Books,South,Wholesale,SP_016,11,24.12,0.05,252.05,144.13,0,S,1
TXN001410,2021-06-24,2021,6,2,Thursday,Clothing,South,Mobile App,SP_037,6,75.47,0.15,384.9,221.97,0,S,1
TXN004387,2021-06-25,2021,6,2,Friday,Clothing,South,Wholesale,SP_008,7,68.61,0.05,456.26,224.4,0,S,1
TXN001459,2021-06-25,2021,6,2,Friday,Clothing,North,Mobile App,SP_028,5,79.28,0.0,396.4,187.1,0,S,0
TXN003773,2021-06-25,2021,6,2,Friday,Clothing,West,Online,SP_022,6,70.63,0.05,402.59,242.37,0,S,1
TXN000379,2021-06-25,2021,6,2,Friday,Electronics,South,Wholesale,SP_020,5,459.1,0.0,2295.5,718.9,0,L,0
TXN001750,2021-06-26,2021,6,2,Saturday,Clothing,East,Online,SP_011,2,64.19,0.1,115.54,57.08,0,XS,1
TXN004096,2021-06-26,2021,6,2,Saturday,Electronics,North,Wholesale,SP_037,6,453.75,0.0,2722.5,673.36,0,L,0
TXN002494,2021-06-26,2021,6,2,Saturday,Home Goods,South,Mobile App,SP_020,7,129.15,0.0,904.05,339.58,0,M,0
TXN004714,2021-06-26,2021,6,2,Saturday,Electronics,Central,Mobile App,SP_009,9,485.33,0.0,4367.97,1280.96,0,L,0
TXN003895,2021-06-27,2021,6,2,Sunday,Home Goods,West,Wholesale,SP_028,13,106.13,0.1,1241.72,583.65,0,L,1
TXN000659,2021-06-27,2021,6,2,Sunday,Home Goods,West,Wholesale,SP_026,7,119.61,0.05,795.41,312.95,0,M,1
TXN000821,2021-06-28,2021,6,2,Monday,Home Goods,West,Online,SP_007,11,128.81,0.05,1346.06,463.02,0,L,1
TXN002048,2021-06-28,2021,6,2,Monday,Electronics,North,Online,SP_022,4,478.9,0.15,1628.26,523.5,0,L,1
TXN000797,2021-06-29,2021,6,2,Tuesday,Electronics,North,Mobile App,SP_012,4,500.84,0.0,2003.36,653.49,0,L,0
TXN004807,2021-06-29,2021,6,2,Tuesday,Books,South,Mobile App,SP_035,5,25.85,0.1,116.33,73.5,0,XS,1
TXN001332,2021-06-29,2021,6,2,Tuesday,Books,East,Online,SP_006,2,21.5,0.2,34.4,22.39,0,XS,1
TXN001875,2021-06-29,2021,6,2,Tuesday,Books,West,Retail Store,SP_005,4,25.03,0.1,90.11,61.89,0,XS,1
TXN004046,2021-06-30,2021,6,2,Wednesday,Electronics,East,Mobile App,SP_014,8,442.01,0.1,3182.47,1001.44,0,L,1
TXN003838,2021-06-30,2021,6,2,Wednesday,Electronics,East,Retail Store,SP_016,7,447.49,0.0,3132.43,912.29,0,L,0
TXN004703,2021-06-30,2021,6,2,Wednesday,Clothing,North,Mobile App,SP_015,10,64.76,0.0,647.6,403.39,0,M,0
TXN004494,2021-06-30,2021,6,2,Wednesday,Electronics,South,Mobile App,SP_038,9,437.09,0.1,3540.43,972.47,0,L,1
TXN001867,2021-06-30,2021,6,2,Wednesday,Sports,South,Wholesale,SP_037,16,102.76,0.05,1561.95,583.2,0,L,1
TXN003649,2021-07-01,2021,7,3,Thursday,Books,West,Mobile App,SP_002,13,22.84,0.05,282.07,183.38,0,S,1
TXN004222,2021-07-01,2021,7,3,Thursday,Clothing,Central,Retail Store,SP_013,5,64.62,0.0,323.1,194.64,0,S,0
TXN003640,2021-07-01,2021,7,3,Thursday,Electronics,South,Online,SP_032,5,398.18,0.1,1791.81,480.25,0,L,1
TXN003123,2021-07-01,2021,7,3,Thursday,Books,North,Online,SP_032,7,26.25,0.0,183.75,126.97,0,XS,0
TXN001283,2021-07-02,2021,7,3,Friday,Electronics,Central,Wholesale,SP_010,8,497.3,0.0,3978.4,921.32,1,L,0
TXN002618,2021-07-02,2021,7,3,Friday,Home Goods,North,Retail Store,SP_008,6,110.07,0.05,627.4,213.84,0,M,1
TXN002547,2021-07-02,2021,7,3,Friday,Electronics,North,Mobile App,SP_026,3,459.37,0.0,1378.11,387.0,0,L,0
TXN002790,2021-07-03,2021,7,3,Saturday,Sports,North,Mobile App,SP_020,17,91.22,0.0,1550.74,694.05,0,L,0
TXN000295,2021-07-03,2021,7,3,Saturday,Books,South,Online,SP_012,7,27.38,0.05,182.08,135.04,0,XS,1
TXN003409,2021-07-03,2021,7,3,Saturday,Sports,South,Retail Store,SP_035,15,82.3,0.05,1172.77,375.48,1,L,1
TXN002357,2021-07-03,2021,7,3,Saturday,Books,South,Mobile App,SP_005,11,27.8,0.05,290.51,157.56,0,S,1
TXN002571,2021-07-04,2021,7,3,Sunday,Sports,South,Mobile App,SP_034,10,96.53,0.0,965.3,321.18,1,M,0
TXN002631,2021-07-04,2021,7,3,Sunday,Home Goods,East,Wholesale,SP_021,7,127.5,0.1,803.25,368.88,1,M,1
TXN000202,2021-07-04,2021,7,3,Sunday,Books,Central,Mobile App,SP_030,4,24.16,0.05,91.81,51.56,0,XS,1
TXN003369,2021-07-04,2021,7,3,Sunday,Clothing,South,Mobile App,SP_024,6,64.04,0.0,384.24,181.82,1,S,0
TXN003535,2021-07-04,2021,7,3,Sunday,Sports,Central,Retail Store,SP_019,13,90.1,0.1,1054.17,408.17,0,L,1
TXN002703,2021-07-04,2021,7,3,Sunday,Clothing,West,Wholesale,SP_025,7,69.16,0.05,459.91,294.55,0,S,1
TXN002202,2021-07-04,2021,7,3,Sunday,Clothing,North,Online,SP_017,3,70.3,0.0,210.9,99.44,0,S,0
TXN004070,2021-07-04,2021,7,3,Sunday,Clothing,East,Online,SP_033,4,82.41,0.1,296.68,168.18,1,S,1
TXN000887,2021-07-05,2021,7,3,Monday,Home Goods,Central,Wholesale,SP_006,8,120.91,0.1,870.55,434.96,0,M,1
TXN004826,2021-07-05,2021,7,3,Monday,Books,East,Online,SP_013,4,22.33,0.15,75.92,48.04,0,XS,1
TXN003657,2021-07-06,2021,7,3,Tuesday,Electronics,West,Online,SP_019,7,388.03,0.05,2580.4,767.16,0,L,1
TXN003991,2021-07-06,2021,7,3,Tuesday,Electronics,Central,Mobile App,SP_005,7,387.04,0.2,2167.42,710.45,0,L,1
TXN002188,2021-07-06,2021,7,3,Tuesday,Books,Central,Wholesale,SP_032,7,24.02,0.0,168.14,126.7,0,XS,0
TXN000654,2021-07-06,2021,7,3,Tuesday,Clothing,West,Mobile App,SP_006,3,65.72,0.0,197.16,114.24,1,XS,0
TXN002351,2021-07-06,2021,7,3,Tuesday,Books,North,Retail Store,SP_004,4,23.57,0.0,94.28,73.02,0,XS,0
TXN003018,2021-07-07,2021,7,3,Wednesday,Electronics,West,Retail Store,SP_010,6,387.34,0.05,2207.84,599.49,0,L,1
TXN002858,2021-07-07,2021,7,3,Wednesday,Books,West,Retail Store,SP_038,9,27.8,0.0,250.2,134.98,0,S,0
TXN000162,2021-07-07,2021,7,3,Wednesday,Clothing,Central,Online,SP_004,7,71.27,0.1,449.0,275.09,0,S,1
TXN004680,2021-07-08,2021,7,3,Thursday,Books,North,Mobile App,SP_019,5,27.42,0.0,137.1,105.39,0,XS,0
TXN001435,2021-07-08,2021,7,3,Thursday,Books,West,Retail Store,SP_014,4,22.66,0.05,86.11,60.83,1,XS,1
TXN004673,2021-07-08,2021,7,3,Thursday,Home Goods,Central,Wholesale,SP_036,4,104.19,0.0,416.76,207.63,0,S,0
TXN002456,2021-07-08,2021,7,3,Thursday,Sports,Central,Retail Store,SP_007,18,98.27,0.05,1680.42,558.15,0,L,1
TXN001617,2021-07-08,2021,7,3,Thursday,Books,North,Retail Store,SP_027,7,27.89,0.1,175.71,114.85,0,XS,1
TXN000329,2021-07-09,2021,7,3,Friday,Books,South,Online,SP_018,5,27.29,0.0,136.45,104.54,0,XS,0
TXN004899,2021-07-09,2021,7,3,Friday,Sports,Central,Mobile App,SP_004,9,102.87,0.15,786.96,307.07,0,M,1
TXN002247,2021-07-09,2021,7,3,Friday,Clothing,North,Online,SP_031,9,79.48,0.0,715.32,378.79,1,M,0
TXN004382,2021-07-09,2021,7,3,Friday,Books,Central,Online,SP_007,5,24.4,0.1,109.8,57.38,0,XS,1
TXN004408,2021-07-10,2021,7,3,Saturday,Home Goods,East,Wholesale,SP_006,5,133.93,0.15,569.2,233.7,0,M,1
TXN000361,2021-07-10,2021,7,3,Saturday,Books,Central,Wholesale,SP_025,4,25.39,0.0,101.56,68.53,0,XS,0
TXN001075,2021-07-10,2021,7,3,Saturday,Electronics,Central,Wholesale,SP_030,8,386.32,0.1,2781.5,665.76,0,L,1
TXN003708,2021-07-10,2021,7,3,Saturday,Clothing,West,Online,SP_020,8,72.75,0.05,552.9,280.47,0,M,1
TXN000406,2021-07-10,2021,7,3,Saturday,Sports,Central,Wholesale,SP_024,8,96.27,0.05,731.65,231.08,0,M,1
TXN003271,2021-07-10,2021,7,3,Saturday,Books,South,Mobile App,SP_022,3,21.6,0.05,61.56,43.93,0,XS,1
TXN003766,2021-07-11,2021,7,3,Sunday,Home Goods,West,Retail Store,SP_016,5,122.57,0.0,612.85,231.32,0,M,0
TXN001458,2021-07-11,2021,7,3,Sunday,Home Goods,West,Mobile App,SP_035,5,115.22,0.15,489.69,228.59,0,S,1
TXN001404,2021-07-11,2021,7,3,Sunday,Sports,South,Mobile App,SP_012,12,85.53,0.1,923.72,287.21,1,M,1
TXN002749,2021-07-12,2021,7,3,Monday,Clothing,East,Retail Store,SP_035,5,80.91,0.0,404.55,207.48,0,S,0
TXN003986,2021-07-12,2021,7,3,Monday,Books,Central,Retail Store,SP_004,5,26.05,0.05,123.74,95.4,0,XS,1
TXN002984,2021-07-12,2021,7,3,Monday,Clothing,East,Mobile App,SP_014,5,67.89,0.0,339.45,152.45,0,S,0
TXN002143,2021-07-12,2021,7,3,Monday,Sports,West,Wholesale,SP_016,17,83.48,0.05,1348.2,486.32,0,L,1
TXN002453,2021-07-13,2021,7,3,Tuesday,Sports,East,Wholesale,SP_004,12,102.37,0.0,1228.44,400.51,1,L,0
TXN003793,2021-07-13,2021,7,3,Tuesday,Sports,West,Wholesale,SP_036,7,98.42,0.0,688.94,256.87,0,M,0
TXN003840,2021-07-13,2021,7,3,Tuesday,Books,Central,Online,SP_020,5,23.78,0.0,118.9,90.63,0,XS,0
TXN004825,2021-07-13,2021,7,3,Tuesday,Books,North,Wholesale,SP_036,6,23.01,0.0,138.06,80.74,0,XS,0
TXN004479,2021-07-14,2021,7,3,Wednesday,Sports,West,Wholesale,SP_010,14,104.76,0.05,1393.31,507.63,0,L,1
TXN001904,2021-07-14,2021,7,3,Wednesday,Sports,East,Online,SP_016,2,83.13,0.0,166.26,71.92,1,XS,0
TXN000414,2021-07-14,2021,7,3,Wednesday,Electronics,South,Mobile App,SP_005,2,415.01,0.0,830.02,221.88,1,M,0
TXN004917,2021-07-14,2021,7,3,Wednesday,Electronics,West,Wholesale,SP_038,6,458.5,0.0,2751.0,665.46,0,L,0
TXN000301,2021-07-15,2021,7,3,Thursday,Clothing,South,Mobile App,SP_021,11,80.91,0.15,756.51,353.84,1,M,1
TXN003412,2021-07-15,2021,7,3,Thursday,Home Goods,West,Wholesale,SP_018,5,119.86,0.1,539.37,199.25,0,M,1
TXN001178,2021-07-15,2021,7,3,Thursday,Sports,Central,Online,SP_006,23,81.3,0.2,1495.92,674.27,0,L,1
TXN002760,2021-07-15,2021,7,3,Thursday,Electronics,North,Online,SP_037,8,424.73,0.0,3397.84,797.08,0,L,0
TXN000349,2021-07-15,2021,7,3,Thursday,Books,North,Retail Store,SP_014,5,21.96,0.15,93.33,68.71,0,XS,1
TXN000403,2021-07-15,2021,7,3,Thursday,Clothing,West,Online,SP_018,1,69.18,0.15,58.8,28.89,1,XS,1
TXN002861,2021-07-16,2021,7,3,Friday,Clothing,North,Retail Store,SP_020,6,74.59,0.0,447.54,237.18,1,S,0
TXN001772,2021-07-16,2021,7,3,Friday,Sports,South,Wholesale,SP_009,17,95.93,0.0,1630.81,543.12,0,L,0
TXN004010,2021-07-16,2021,7,3,Friday,Sports,West,Wholesale,SP_003,6,90.26,0.0,541.56,222.15,1,M,0
TXN002967,2021-07-17,2021,7,3,Saturday,Electronics,East,Online,SP_021,6,410.16,0.1,2214.86,569.8,0,L,1
TXN002704,2021-07-17,2021,7,3,Saturday,Books,Central,Retail Store,SP_018,5,24.7,0.0,123.5,82.73,0,XS,0
TXN000176,2021-07-17,2021,7,3,Saturday,Home Goods,South,Online,SP_038,12,134.62,0.2,1292.35,494.35,0,L,1
TXN000683,2021-07-17,2021,7,3,Saturday,Sports,East,Wholesale,SP_024,12,98.76,0.0,1185.12,406.59,0,L,0
TXN001667,2021-07-18,2021,7,3,Sunday,Clothing,East,Mobile App,SP_022,7,64.73,0.0,453.11,275.71,0,S,0
TXN001799,2021-07-18,2021,7,3,Sunday,Clothing,South,Online,SP_021,5,74.49,0.0,372.45,213.42,0,S,0
TXN002627,2021-07-18,2021,7,3,Sunday,Home Goods,North,Mobile App,SP_018,6,111.11,0.05,633.33,253.58,0,M,1
TXN004077,2021-07-18,2021,7,3,Sunday,Books,South,Wholesale,SP_035,12,24.42,0.1,263.74,186.45,0,S,1
TXN000896,2021-07-19,2021,7,3,Monday,Sports,Central,Retail Store,SP_038,8,104.98,0.0,839.84,310.72,0,M,0
TXN002572,2021-07-19,2021,7,3,Monday,Home Goods,West,Online,SP_010,9,117.58,0.05,1005.31,436.45,0,L,1
TXN000157,2021-07-19,2021,7,3,Monday,Clothing,Central,Retail Store,SP_025,12,63.96,0.05,729.14,360.39,0,M,1
TXN000923,2021-07-20,2021,7,3,Tuesday,Sports,West,Retail Store,SP_006,10,91.03,0.05,864.78,343.37,1,M,1
TXN004110,2021-07-20,2021,7,3,Tuesday,Clothing,Central,Mobile App,SP_001,9,66.12,0.15,505.82,333.03,0,M,1
TXN000873,2021-07-20,2021,7,3,Tuesday,Books,North,Mobile App,SP_023,9,21.99,0.0,197.91,134.77,0,XS,0
TXN001935,2021-07-21,2021,7,3,Wednesday,Books,North,Online,SP_016,4,25.84,0.0,103.36,54.33,0,XS,0
TXN002535,2021-07-21,2021,7,3,Wednesday,Clothing,East,Mobile App,SP_004,9,69.96,0.05,598.16,292.71,1,M,1
TXN000508,2021-07-21,2021,7,3,Wednesday,Clothing,South,Wholesale,SP_029,8,69.45,0.1,500.04,308.43,0,M,1
TXN002771,2021-07-22,2021,7,3,Thursday,Books,South,Online,SP_023,10,27.0,0.15,229.5,178.31,0,S,1
TXN001839,2021-07-22,2021,7,3,Thursday,Home Goods,Central,Online,SP_018,10,110.19,0.05,1046.81,423.7,0,L,1
TXN000983,2021-07-22,2021,7,3,Thursday,Clothing,Central,Mobile App,SP_024,2,80.86,0.1,145.55,79.59,0,XS,1
TXN001147,2021-07-22,2021,7,3,Thursday,Home Goods,South,Mobile App,SP_021,12,102.05,0.0,1224.6,526.67,0,L,0
TXN004482,2021-07-22,2021,7,3,Thursday,Clothing,North,Wholesale,SP_011,10,65.03,0.1,585.27,262.61,0,M,1
TXN003094,2021-07-22,2021,7,3,Thursday,Clothing,South,Wholesale,SP_035,10,77.94,0.2,623.52,395.83,1,M,1
TXN002590,2021-07-23,2021,7,3,Friday,Clothing,South,Mobile App,SP_019,9,68.39,0.2,492.41,307.46,0,S,1
TXN000763,2021-07-23,2021,7,3,Friday,Home Goods,West,Online,SP_012,6,125.81,0.0,754.86,328.7,0,M,0
TXN000109,2021-07-23,2021,7,3,Friday,Clothing,South,Wholesale,SP_006,3,79.26,0.0,237.78,146.5,1,S,0
TXN003307,2021-07-23,2021,7,3,Friday,Sports,East,Wholesale,SP_019,13,103.37,0.0,1343.81,538.34,0,L,0
TXN004477,2021-07-23,2021,7,3,Friday,Sports,West,Wholesale,SP_038,6,102.51,0.05,584.31,254.91,1,M,1
TXN001583,2021-07-24,2021,7,3,Saturday,Books,West,Wholesale,SP_018,6,22.79,0.0,136.74,93.09,0,XS,0
TXN000043,2021-07-24,2021,7,3,Saturday,Electronics,Central,Retail Store,SP_033,10,492.24,0.0,4922.4,1653.77,0,L,0
TXN002249,2021-07-24,2021,7,3,Saturday,Electronics,Central,Online,SP_003,4,404.2,0.05,1535.96,487.98,0,L,1
TXN002648,2021-07-24,2021,7,3,Saturday,Electronics,East,Wholesale,SP_035,6,395.24,0.1,2134.3,622.01,0,L,1
TXN002552,2021-07-25,2021,7,3,Sunday,Electronics,East,Online,SP_036,4,478.5,0.1,1722.6,502.21,0,L,1
TXN002736,2021-07-25,2021,7,3,Sunday,Sports,Central,Mobile App,SP_007,14,106.79,0.05,1420.31,447.65,0,L,1
TXN003886,2021-07-25,2021,7,3,Sunday,Electronics,South,Retail Store,SP_023,4,447.1,0.05,1698.98,483.69,0,L,1
TXN003925,2021-07-25,2021,7,3,Sunday,Clothing,South,Wholesale,SP_025,5,79.62,0.0,398.1,217.86,0,S,0
TXN001244,2021-07-25,2021,7,3,Sunday,Clothing,East,Online,SP_035,6,81.71,0.1,441.23,270.5,1,S,1
TXN003686,2021-07-25,2021,7,3,Sunday,Sports,South,Retail Store,SP_001,10,107.57,0.05,1021.91,439.65,1,L,1
TXN001899,2021-07-25,2021,7,3,Sunday,Electronics,East,Retail Store,SP_006,6,426.22,0.05,2429.45,703.54,1,L,1
TXN004351,2021-07-26,2021,7,3,Monday,Electronics,West,Wholesale,SP_023,15,427.21,0.05,6087.74,1452.04,0,XL,1
TXN003207,2021-07-26,2021,7,3,Monday,Home Goods,North,Mobile App,SP_031,4,120.26,0.1,432.94,184.52,0,S,1
TXN001444,2021-07-26,2021,7,3,Monday,Books,South,Online,SP_038,11,27.38,0.1,271.06,183.35,0,S,1
TXN001290,2021-07-26,2021,7,3,Monday,Electronics,North,Wholesale,SP_001,8,509.65,0.1,3669.48,1091.39,0,L,1
TXN002222,2021-07-27,2021,7,3,Tuesday,Home Goods,East,Online,SP_023,6,125.15,0.05,713.36,311.88,0,M,1
TXN000551,2021-07-27,2021,7,3,Tuesday,Home Goods,South,Mobile App,SP_019,9,109.62,0.0,986.58,462.85,1,M,0
TXN002207,2021-07-27,2021,7,3,Tuesday,Home Goods,South,Online,SP_030,7,105.67,0.05,702.71,245.31,0,M,1
TXN000212,2021-07-27,2021,7,3,Tuesday,Books,Central,Online,SP_022,9,24.3,0.15,185.9,99.86,0,XS,1
TXN000488,2021-07-27,2021,7,3,Tuesday,Home Goods,South,Retail Store,SP_027,7,111.26,0.1,700.94,320.23,0,M,1
TXN001932,2021-07-27,2021,7,3,Tuesday,Sports,South,Mobile App,SP_015,20,106.42,0.05,2021.98,854.45,0,L,1
TXN004055,2021-07-28,2021,7,3,Wednesday,Home Goods,Central,Retail Store,SP_029,7,118.12,0.1,744.16,345.02,0,M,1
TXN004004,2021-07-29,2021,7,3,Thursday,Books,West,Mobile App,SP_040,6,24.74,0.0,148.44,102.16,1,XS,0
TXN004370,2021-07-29,2021,7,3,Thursday,Clothing,East,Online,SP_024,3,78.14,0.05,222.7,120.2,0,S,1
TXN003945,2021-07-29,2021,7,3,Thursday,Home Goods,South,Wholesale,SP_033,3,108.29,0.0,324.87,155.05,0,S,0
TXN001247,2021-07-30,2021,7,3,Friday,Sports,East,Mobile App,SP_004,8,86.46,0.05,657.1,257.61,1,M,1
TXN000052,2021-07-30,2021,7,3,Friday,Home Goods,Central,Mobile App,SP_040,7,105.86,0.1,666.92,274.21,0,M,1
TXN000834,2021-07-30,2021,7,3,Friday,Sports,North,Wholesale,SP_036,19,102.16,0.05,1843.99,750.75,0,L,1
TXN002678,2021-07-31,2021,7,3,Saturday,Clothing,North,Mobile App,SP_002,9,77.21,0.0,694.89,438.73,0,M,0
TXN001929,2021-07-31,2021,7,3,Saturday,Electronics,Central,Wholesale,SP_016,4,420.13,0.15,1428.44,334.93,0,L,1
TXN003257,2021-07-31,2021,7,3,Saturday,Books,South,Online,SP_011,7,24.71,0.0,172.97,91.46,1,XS,0
TXN002485,2021-07-31,2021,7,3,Saturday,Home Goods,West,Retail Store,SP_017,6,111.38,0.0,668.28,276.99,0,M,0
TXN004358,2021-07-31,2021,7,3,Saturday,Clothing,East,Online,SP_009,8,68.82,0.2,440.45,203.26,0,S,1
TXN000629,2021-07-31,2021,7,3,Saturday,Books,East,Wholesale,SP_038,4,27.98,0.05,106.32,61.11,1,XS,1
TXN000417,2021-07-31,2021,7,3,Saturday,Home Goods,East,Wholesale,SP_009,8,110.17,0.0,881.36,406.29,0,M,0
TXN001418,2021-08-01,2021,8,3,Sunday,Home Goods,West,Wholesale,SP_017,8,134.82,0.1,970.7,425.29,0,M,1
TXN002010,2021-08-01,2021,8,3,Sunday,Clothing,North,Mobile App,SP_001,4,68.58,0.05,260.6,120.06,0,S,1
TXN003606,2021-08-01,2021,8,3,Sunday,Electronics,West,Online,SP_036,2,413.46,0.05,785.57,224.24,1,M,1
TXN002305,2021-08-01,2021,8,3,Sunday,Electronics,West,Retail Store,SP_009,7,430.3,0.0,3012.1,912.83,0,L,0
TXN000693,2021-08-01,2021,8,3,Sunday,Home Goods,Central,Retail Store,SP_006,4,107.51,0.1,387.04,134.53,0,S,1
TXN000231,2021-08-01,2021,8,3,Sunday,Books,East,Retail Store,SP_003,9,27.93,0.0,251.37,176.97,0,S,0
TXN001933,2021-08-01,2021,8,3,Sunday,Sports,Central,Mobile App,SP_039,11,83.47,0.05,872.26,383.41,0,M,1
TXN004496,2021-08-02,2021,8,3,Monday,Electronics,West,Online,SP_036,3,383.12,0.05,1091.89,287.5,0,L,1
TXN003050,2021-08-03,2021,8,3,Tuesday,Electronics,South,Retail Store,SP_002,7,414.59,0.0,2902.13,672.28,0,L,0
TXN002851,2021-08-03,2021,8,3,Tuesday,Clothing,North,Mobile App,SP_021,4,76.74,0.0,306.96,145.19,0,S,0
TXN002628,2021-08-03,2021,8,3,Tuesday,Clothing,East,Retail Store,SP_026,5,70.25,0.05,333.69,211.68,0,S,1
TXN004614,2021-08-04,2021,8,3,Wednesday,Clothing,North,Retail Store,SP_035,6,83.06,0.1,448.52,284.11,0,S,1
TXN003629,2021-08-04,2021,8,3,Wednesday,Home Goods,West,Wholesale,SP_015,10,113.64,0.0,1136.4,397.17,0,L,0
TXN000090,2021-08-05,2021,8,3,Thursday,Sports,East,Mobile App,SP_010,20,88.94,0.05,1689.86,589.83,0,L,1
TXN004824,2021-08-05,2021,8,3,Thursday,Electronics,North,Retail Store,SP_019,8,438.32,0.1,3155.9,1018.5,0,L,1
TXN003973,2021-08-05,2021,8,3,Thursday,Sports,East,Online,SP_039,12,99.71,0.1,1076.87,355.44,0,L,1
TXN003118,2021-08-06,2021,8,3,Friday,Books,North,Wholesale,SP_035,11,27.19,0.05,284.14,157.57,0,S,1
TXN003000,2021-08-06,2021,8,3,Friday,Books,East,Mobile App,SP_016,6,27.48,0.0,164.88,104.79,0,XS,0
TXN001066,2021-08-06,2021,8,3,Friday,Home Goods,South,Online,SP_006,5,109.75,0.05,521.31,238.39,0,M,1
TXN000570,2021-08-06,2021,8,3,Friday,Electronics,South,Mobile App,SP_009,4,509.19,0.1,1833.08,445.73,0,L,1
TXN001779,2021-08-06,2021,8,3,Friday,Sports,North,Wholesale,SP_007,12,96.66,0.1,1043.93,382.46,0,L,1
TXN003975,2021-08-06,2021,8,3,Friday,Clothing,South,Mobile App,SP_003,5,81.46,0.0,407.3,244.73,0,S,0
TXN003195,2021-08-06,2021,8,3,Friday,Electronics,South,Wholesale,SP_036,8,392.77,0.0,3142.16,899.56,0,L,0
TXN002133,2021-08-06,2021,8,3,Friday,Clothing,West,Retail Store,SP_013,8,70.72,0.1,509.18,246.53,0,M,1
TXN004365,2021-08-06,2021,8,3,Friday,Sports,Central,Mobile App,SP_021,12,96.17,0.2,923.23,306.56,0,M,1
TXN003939,2021-08-07,2021,8,3,Saturday,Clothing,West,Mobile App,SP_029,7,85.2,0.05,566.58,309.46,0,M,1
TXN000069,2021-08-07,2021,8,3,Saturday,Sports,South,Retail Store,SP_034,12,92.69,0.05,1056.67,468.16,0,L,1
TXN004407,2021-08-07,2021,8,3,Saturday,Books,West,Online,SP_003,6,24.28,0.0,145.68,91.45,1,XS,0
TXN004280,2021-08-07,2021,8,3,Saturday,Books,West,Mobile App,SP_039,6,27.66,0.2,132.77,95.98,0,XS,1
TXN001028,2021-08-07,2021,8,3,Saturday,Clothing,South,Wholesale,SP_029,10,64.63,0.05,613.98,403.6,0,M,1
TXN002950,2021-08-08,2021,8,3,Sunday,Clothing,Central,Online,SP_003,6,78.35,0.0,470.1,298.91,0,S,0
TXN002325,2021-08-08,2021,8,3,Sunday,Clothing,East,Wholesale,SP_016,6,83.09,0.1,448.69,209.46,0,S,1
TXN000984,2021-08-08,2021,8,3,Sunday,Clothing,East,Mobile App,SP_028,13,69.82,0.0,907.66,419.37,1,M,0
TXN001495,2021-08-08,2021,8,3,Sunday,Clothing,East,Wholesale,SP_012,5,66.14,0.0,330.7,160.86,0,S,0
TXN003910,2021-08-08,2021,8,3,Sunday,Home Goods,North,Mobile App,SP_010,2,123.93,0.1,223.07,81.79,1,S,1
TXN001584,2021-08-08,2021,8,3,Sunday,Sports,West,Mobile App,SP_010,1,96.56,0.0,96.56,42.96,0,XS,0
TXN000719,2021-08-08,2021,8,3,Sunday,Clothing,West,Retail Store,SP_021,9,72.34,0.2,520.85,338.81,0,M,1
TXN001574,2021-08-08,2021,8,3,Sunday,Home Goods,Central,Online,SP_019,12,103.68,0.05,1181.95,446.88,0,L,1
TXN003035,2021-08-08,2021,8,3,Sunday,Home Goods,West,Mobile App,SP_013,7,113.35,0.0,793.45,314.15,0,M,0
TXN002183,2021-08-09,2021,8,3,Monday,Books,Central,Wholesale,SP_009,13,21.5,0.1,251.55,156.65,0,S,1
TXN002911,2021-08-09,2021,8,3,Monday,Clothing,South,Online,SP_015,5,71.27,0.0,356.35,224.64,1,S,0
TXN002495,2021-08-09,2021,8,3,Monday,Home Goods,East,Retail Store,SP_007,3,126.45,0.0,379.35,132.7,1,S,0
TXN002573,2021-08-10,2021,8,3,Tuesday,Home Goods,North,Mobile App,SP_006,8,108.82,0.0,870.56,371.74,1,M,0
TXN000179,2021-08-10,2021,8,3,Tuesday,Home Goods,Central,Wholesale,SP_008,8,114.88,0.1,827.14,346.59,0,M,1
TXN003715,2021-08-10,2021,8,3,Tuesday,Home Goods,Central,Wholesale,SP_021,5,118.2,0.05,561.45,261.61,0,M,1
TXN001555,2021-08-10,2021,8,3,Tuesday,Home Goods,Central,Mobile App,SP_034,10,121.44,0.0,1214.4,532.74,0,L,0
TXN003547,2021-08-11,2021,8,3,Wednesday,Clothing,North,Online,SP_022,11,65.31,0.1,646.57,375.25,0,M,1
TXN001438,2021-08-11,2021,8,3,Wednesday,Electronics,North,Wholesale,SP_039,4,507.14,0.1,1825.7,530.9,0,L,1
TXN000620,2021-08-11,2021,8,3,Wednesday,Clothing,Central,Online,SP_018,5,80.36,0.15,341.53,164.48,1,S,1
TXN002974,2021-08-11,2021,8,3,Wednesday,Electronics,North,Retail Store,SP_010,5,462.22,0.1,2079.99,654.53,0,L,1
TXN001853,2021-08-11,2021,8,3,Wednesday,Clothing,South,Wholesale,SP_033,6,81.09,0.0,486.54,318.98,0,S,0
TXN002498,2021-08-12,2021,8,3,Thursday,Home Goods,North,Online,SP_023,11,106.4,0.0,1170.4,450.93,0,L,0
TXN000375,2021-08-12,2021,8,3,Thursday,Clothing,East,Retail Store,SP_040,7,72.97,0.0,510.79,334.67,0,M,0
TXN000382,2021-08-12,2021,8,3,Thursday,Clothing,South,Retail Store,SP_036,8,84.29,0.0,674.32,381.58,0,M,0
TXN003519,2021-08-13,2021,8,3,Friday,Clothing,East,Mobile App,SP_040,10,84.41,0.0,844.1,449.94,1,M,0
TXN004160,2021-08-13,2021,8,3,Friday,Electronics,East,Wholesale,SP_030,8,429.96,0.05,3267.7,1047.25,0,L,1
TXN003759,2021-08-13,2021,8,3,Friday,Clothing,North,Mobile App,SP_009,6,78.47,0.1,423.74,262.65,0,S,1
TXN002932,2021-08-13,2021,8,3,Friday,Sports,North,Retail Store,SP_012,8,86.29,0.0,690.32,282.7,0,M,0
TXN001535,2021-08-14,2021,8,3,Saturday,Clothing,North,Mobile App,SP_012,4,66.33,0.0,265.32,151.95,0,S,0
TXN002212,2021-08-14,2021,8,3,Saturday,Clothing,South,Online,SP_005,7,72.24,0.2,404.54,234.19,1,S,1
TXN003363,2021-08-14,2021,8,3,Saturday,Clothing,West,Mobile App,SP_026,2,74.0,0.0,148.0,75.69,0,XS,0
TXN003907,2021-08-14,2021,8,3,Saturday,Home Goods,East,Online,SP_019,6,120.29,0.05,685.65,244.99,0,M,1
TXN004839,2021-08-14,2021,8,3,Saturday,Electronics,Central,Mobile App,SP_004,10,463.44,0.1,4170.96,1177.03,1,L,1
TXN004120,2021-08-15,2021,8,3,Sunday,Books,South,Retail Store,SP_016,5,21.42,0.0,107.1,76.98,1,XS,0
TXN004076,2021-08-15,2021,8,3,Sunday,Sports,West,Wholesale,SP_040,12,96.49,0.0,1157.88,367.19,0,L,0
TXN001368,2021-08-15,2021,8,3,Sunday,Clothing,East,Online,SP_009,8,80.66,0.0,645.28,389.96,0,M,0
TXN003944,2021-08-15,2021,8,3,Sunday,Electronics,West,Mobile App,SP_007,4,493.59,0.1,1776.92,418.08,1,L,1
TXN002319,2021-08-15,2021,8,3,Sunday,Home Goods,South,Wholesale,SP_018,10,135.0,0.0,1350.0,530.07,0,L,0
TXN000550,2021-08-15,2021,8,3,Sunday,Books,West,Retail Store,SP_006,2,27.31,0.1,49.16,35.42,1,XS,1
TXN002314,2021-08-15,2021,8,3,Sunday,Electronics,West,Online,SP_022,6,453.04,0.0,2718.24,766.35,1,L,0
TXN004386,2021-08-16,2021,8,3,Monday,Books,North,Wholesale,SP_001,8,24.64,0.15,167.55,97.65,0,XS,1
TXN001607,2021-08-16,2021,8,3,Monday,Books,West,Wholesale,SP_002,10,24.11,0.0,241.1,186.36,0,S,0
TXN003045,2021-08-16,2021,8,3,Monday,Books,North,Retail Store,SP_010,7,21.81,0.0,152.67,83.95,0,XS,0
TXN001913,2021-08-16,2021,8,3,Monday,Electronics,Central,Wholesale,SP_009,5,435.93,0.15,1852.7,551.13,0,L,1
TXN001541,2021-08-16,2021,8,3,Monday,Clothing,North,Online,SP_003,6,69.21,0.05,394.5,218.49,0,S,1
TXN001307,2021-08-17,2021,8,3,Tuesday,Electronics,East,Retail Store,SP_008,4,496.3,0.05,1885.94,580.22,1,L,1
TXN004131,2021-08-17,2021,8,3,Tuesday,Books,West,Mobile App,SP_034,6,27.68,0.05,157.78,109.15,0,XS,1
TXN000001,2021-08-17,2021,8,3,Tuesday,Electronics,East,Retail Store,SP_015,6,463.65,0.0,2781.9,843.76,1,L,0
TXN000862,2021-08-17,2021,8,3,Tuesday,Books,South,Retail Store,SP_029,7,24.19,0.0,169.33,128.36,1,XS,0
TXN001847,2021-08-17,2021,8,3,Tuesday,Sports,South,Mobile App,SP_001,9,103.12,0.0,928.08,336.4,0,M,0
TXN002130,2021-08-18,2021,8,3,Wednesday,Books,Central,Online,SP_034,6,23.95,0.0,143.7,91.31,1,XS,0
TXN004697,2021-08-19,2021,8,3,Thursday,Clothing,Central,Online,SP_037,9,81.01,0.2,583.27,344.9,0,M,1
TXN002962,2021-08-19,2021,8,3,Thursday,Home Goods,West,Online,SP_006,6,124.77,0.05,711.19,307.36,0,M,1
TXN003204,2021-08-19,2021,8,3,Thursday,Books,Central,Retail Store,SP_037,6,21.71,0.0,130.26,86.71,0,XS,0
TXN004914,2021-08-19,2021,8,3,Thursday,Books,East,Mobile App,SP_023,8,26.35,0.0,210.8,149.18,0,S,0
TXN000556,2021-08-20,2021,8,3,Friday,Clothing,North,Retail Store,SP_007,5,72.45,0.05,344.14,183.24,0,S,1
TXN001928,2021-08-20,2021,8,3,Friday,Sports,West,Retail Store,SP_032,14,92.68,0.1,1167.77,508.25,0,L,1
TXN002352,2021-08-20,2021,8,3,Friday,Books,West,Mobile App,SP_038,9,21.28,0.1,172.37,129.1,0,XS,1
TXN000985,2021-08-20,2021,8,3,Friday,Home Goods,North,Mobile App,SP_008,4,134.03,0.05,509.31,223.21,0,M,1
TXN004301,2021-08-21,2021,8,3,Saturday,Sports,South,Retail Store,SP_026,5,96.52,0.0,482.6,202.67,1,S,0
TXN000126,2021-08-21,2021,8,3,Saturday,Sports,North,Retail Store,SP_032,8,92.12,0.15,626.42,245.67,0,M,1
TXN003528,2021-08-21,2021,8,3,Saturday,Home Goods,North,Mobile App,SP_018,4,106.52,0.2,340.86,142.53,0,S,1
TXN002032,2021-08-21,2021,8,3,Saturday,Clothing,West,Online,SP_003,6,83.99,0.0,503.94,258.36,0,M,0
TXN003855,2021-08-22,2021,8,3,Sunday,Home Goods,Central,Mobile App,SP_003,10,122.29,0.0,1222.9,461.53,0,L,0
TXN000370,2021-08-22,2021,8,3,Sunday,Books,South,Retail Store,SP_036,3,25.31,0.0,75.93,52.23,0,XS,0
TXN000897,2021-08-22,2021,8,3,Sunday,Sports,Central,Retail Store,SP_005,23,89.92,0.1,1861.34,587.07,0,L,1
TXN000613,2021-08-23,2021,8,3,Monday,Clothing,Central,Online,SP_036,9,70.96,0.05,606.71,340.68,0,M,1
TXN000824,2021-08-23,2021,8,3,Monday,Electronics,Central,Online,SP_014,11,429.22,0.05,4485.35,1091.43,0,L,1
TXN002850,2021-08-23,2021,8,3,Monday,Books,North,Wholesale,SP_026,5,27.3,0.1,122.85,77.21,0,XS,1
TXN003356,2021-08-23,2021,8,3,Monday,Sports,North,Retail Store,SP_027,17,84.12,0.05,1358.54,421.1,1,L,1
TXN004212,2021-08-23,2021,8,3,Monday,Books,West,Online,SP_008,11,27.5,0.05,287.38,197.88,0,S,1
TXN000085,2021-08-23,2021,8,3,Monday,Books,South,Mobile App,SP_017,5,25.31,0.1,113.89,85.07,1,XS,1
TXN000173,2021-08-23,2021,8,3,Monday,Books,South,Mobile App,SP_029,11,22.76,0.15,212.81,124.97,0,S,1
TXN002362,2021-08-24,2021,8,3,Tuesday,Books,East,Wholesale,SP_017,3,27.23,0.0,81.69,53.0,0,XS,0
TXN004876,2021-08-24,2021,8,3,Tuesday,Sports,Central,Retail Store,SP_015,13,104.31,0.0,1356.03,494.75,0,L,0
TXN003692,2021-08-25,2021,8,3,Wednesday,Clothing,East,Online,SP_021,3,81.76,0.0,245.28,154.34,0,S,0
TXN001654,2021-08-25,2021,8,3,Wednesday,Clothing,West,Mobile App,SP_024,4,80.51,0.0,322.04,160.86,0,S,0
TXN000437,2021-08-25,2021,8,3,Wednesday,Clothing,Central,Online,SP_003,4,73.78,0.15,250.85,155.44,1,S,1
TXN004229,2021-08-25,2021,8,3,Wednesday,Books,West,Mobile App,SP_030,12,26.5,0.05,302.1,224.92,0,S,1
TXN003802,2021-08-26,2021,8,3,Thursday,Electronics,Central,Wholesale,SP_009,11,491.22,0.0,5403.42,1725.46,0,XL,0
TXN000431,2021-08-26,2021,8,3,Thursday,Sports,Central,Online,SP_020,6,93.55,0.1,505.17,197.92,0,M,1
TXN000544,2021-08-26,2021,8,3,Thursday,Sports,West,Mobile App,SP_008,18,88.41,0.05,1511.81,464.42,0,L,1
TXN003151,2021-08-26,2021,8,3,Thursday,Sports,North,Retail Store,SP_021,4,88.24,0.0,352.96,129.07,1,S,0
TXN000911,2021-08-26,2021,8,3,Thursday,Electronics,South,Mobile App,SP_038,5,407.16,0.05,1934.01,595.79,0,L,1
TXN004818,2021-08-26,2021,8,3,Thursday,Home Goods,North,Retail Store,SP_037,1,130.95,0.1,117.85,54.22,0,XS,1
TXN000866,2021-08-26,2021,8,3,Thursday,Electronics,South,Mobile App,SP_026,5,410.2,0.05,1948.45,608.54,0,L,1
TXN001782,2021-08-26,2021,8,3,Thursday,Books,West,Wholesale,SP_031,8,26.72,0.1,192.38,121.4,0,XS,1
TXN001089,2021-08-27,2021,8,3,Friday,Clothing,South,Mobile App,SP_032,11,76.31,0.05,797.44,360.81,0,M,1
TXN002763,2021-08-27,2021,8,3,Friday,Electronics,West,Mobile App,SP_029,5,410.25,0.0,2051.25,599.55,1,L,0
TXN002583,2021-08-27,2021,8,3,Friday,Electronics,West,Mobile App,SP_030,3,467.54,0.0,1402.62,437.68,0,L,0
TXN001992,2021-08-27,2021,8,3,Friday,Home Goods,North,Retail Store,SP_022,5,111.32,0.2,445.28,205.63,0,S,1
TXN002291,2021-08-27,2021,8,3,Friday,Books,South,Mobile App,SP_032,4,23.43,0.05,89.03,51.97,0,XS,1
TXN000663,2021-08-28,2021,8,3,Saturday,Books,East,Wholesale,SP_029,10,28.33,0.2,226.64,137.65,0,S,1
TXN004235,2021-08-28,2021,8,3,Saturday,Books,North,Wholesale,SP_025,6,25.58,0.0,153.48,100.43,0,XS,0
TXN004169,2021-08-29,2021,8,3,Sunday,Clothing,West,Retail Store,SP_016,4,71.25,0.0,285.0,169.04,0,S,0
TXN004727,2021-08-29,2021,8,3,Sunday,Sports,South,Retail Store,SP_011,12,102.19,0.05,1164.97,354.37,0,L,1
TXN001732,2021-08-29,2021,8,3,Sunday,Clothing,Central,Mobile App,SP_025,9,84.42,0.1,683.8,358.15,0,M,1
TXN004904,2021-08-29,2021,8,3,Sunday,Home Goods,Central,Retail Store,SP_026,3,132.83,0.05,378.57,170.57,0,S,1
TXN003694,2021-08-29,2021,8,3,Sunday,Home Goods,West,Online,SP_039,9,131.92,0.1,1068.55,492.77,0,L,1
TXN000806,2021-08-30,2021,8,3,Monday,Clothing,Central,Mobile App,SP_027,4,75.03,0.0,300.12,134.92,0,S,0
TXN004979,2021-08-30,2021,8,3,Monday,Sports,Central,Retail Store,SP_025,10,92.13,0.1,829.17,285.87,0,M,1
TXN001106,2021-08-30,2021,8,3,Monday,Clothing,East,Retail Store,SP_019,6,70.09,0.1,378.49,198.35,0,S,1
TXN000530,2021-08-30,2021,8,3,Monday,Sports,North,Online,SP_031,7,96.42,0.15,573.7,228.43,0,M,1
TXN002423,2021-08-30,2021,8,3,Monday,Sports,West,Online,SP_029,11,97.68,0.0,1074.48,339.47,1,L,0
TXN000772,2021-08-31,2021,8,3,Tuesday,Clothing,East,Retail Store,SP_002,9,64.44,0.1,521.96,244.8,0,M,1
TXN002569,2021-08-31,2021,8,3,Tuesday,Books,North,Online,SP_014,4,25.99,0.0,103.96,78.74,0,XS,0
TXN004567,2021-08-31,2021,8,3,Tuesday,Sports,North,Mobile App,SP_032,21,104.12,0.15,1858.54,726.96,1,L,1
TXN000634,2021-08-31,2021,8,3,Tuesday,Clothing,West,Wholesale,SP_008,7,82.88,0.05,551.15,268.31,0,M,1
TXN000975,2021-08-31,2021,8,3,Tuesday,Clothing,South,Retail Store,SP_015,6,82.91,0.0,497.46,318.06,1,S,0
TXN003862,2021-09-01,2021,9,3,Wednesday,Books,North,Mobile App,SP_011,9,27.2,0.15,208.08,124.37,1,S,1
TXN002336,2021-09-01,2021,9,3,Wednesday,Electronics,East,Retail Store,SP_003,2,398.53,0.05,757.21,195.93,0,M,1
TXN000652,2021-09-01,2021,9,3,Wednesday,Clothing,West,Retail Store,SP_007,10,68.77,0.0,687.7,442.13,0,M,0
TXN000999,2021-09-01,2021,9,3,Wednesday,Sports,West,Wholesale,SP_025,5,102.31,0.05,485.97,170.6,1,S,1
TXN002000,2021-09-02,2021,9,3,Thursday,Sports,South,Online,SP_036,6,95.54,0.1,515.92,187.14,0,M,1
TXN001967,2021-09-02,2021,9,3,Thursday,Home Goods,North,Online,SP_026,7,113.87,0.05,757.24,331.95,0,M,1
TXN004282,2021-09-02,2021,9,3,Thursday,Books,South,Wholesale,SP_009,7,27.27,0.0,190.89,126.32,0,XS,0
TXN000965,2021-09-02,2021,9,3,Thursday,Home Goods,Central,Online,SP_017,3,112.99,0.0,338.97,166.6,1,S,0
TXN001837,2021-09-02,2021,9,3,Thursday,Clothing,East,Mobile App,SP_030,9,78.16,0.05,668.27,429.21,0,M,1
TXN003189,2021-09-02,2021,9,3,Thursday,Electronics,West,Retail Store,SP_036,7,509.44,0.05,3387.78,1122.59,0,L,1
TXN003428,2021-09-02,2021,9,3,Thursday,Electronics,Central,Mobile App,SP_003,6,433.4,0.0,2600.4,687.79,0,L,0
TXN000453,2021-09-03,2021,9,3,Friday,Electronics,South,Wholesale,SP_039,9,476.32,0.0,4286.88,1207.61,0,L,0
TXN001676,2021-09-03,2021,9,3,Friday,Sports,West,Mobile App,SP_017,7,88.51,0.0,619.57,231.13,1,M,0
TXN002492,2021-09-03,2021,9,3,Friday,Books,Central,Online,SP_008,6,23.74,0.15,121.07,88.27,0,XS,1
TXN003333,2021-09-04,2021,9,3,Saturday,Books,South,Retail Store,SP_012,8,24.21,0.05,184.0,110.43,0,XS,1
TXN002600,2021-09-04,2021,9,3,Saturday,Sports,East,Retail Store,SP_037,12,94.81,0.2,910.18,278.36,0,M,1
TXN001377,2021-09-04,2021,9,3,Saturday,Clothing,West,Online,SP_018,14,78.93,0.2,884.02,535.5,0,M,1
TXN001977,2021-09-04,2021,9,3,Saturday,Home Goods,East,Online,SP_023,8,113.2,0.1,815.04,292.56,0,M,1
TXN004331,2021-09-04,2021,9,3,Saturday,Sports,South,Online,SP_035,1,88.32,0.1,79.49,28.23,0,XS,1
TXN002432,2021-09-04,2021,9,3,Saturday,Home Goods,South,Wholesale,SP_026,5,106.59,0.05,506.3,180.02,0,M,1
TXN002083,2021-09-04,2021,9,3,Saturday,Home Goods,North,Retail Store,SP_034,3,131.04,0.1,353.81,166.28,0,S,1
TXN001026,2021-09-05,2021,9,3,Sunday,Books,Central,Wholesale,SP_032,6,23.14,0.15,118.01,74.54,0,XS,1
TXN002841,2021-09-05,2021,9,3,Sunday,Books,South,Retail Store,SP_025,5,26.0,0.0,130.0,79.57,1,XS,0
TXN001659,2021-09-05,2021,9,3,Sunday,Sports,East,Mobile App,SP_007,9,95.63,0.0,860.67,287.04,1,M,0
TXN001148,2021-09-05,2021,9,3,Sunday,Electronics,South,Retail Store,SP_039,6,475.35,0.05,2709.5,749.93,0,L,1
TXN001578,2021-09-05,2021,9,3,Sunday,Books,North,Retail Store,SP_014,3,23.11,0.0,69.33,48.4,1,XS,0
TXN002136,2021-09-05,2021,9,3,Sunday,Clothing,South,Online,SP_005,13,73.82,0.0,959.66,571.5,0,M,0
TXN003059,2021-09-06,2021,9,3,Monday,Clothing,West,Online,SP_037,16,65.67,0.0,1050.72,662.28,0,L,0
TXN000070,2021-09-06,2021,9,3,Monday,Sports,South,Mobile App,SP_034,5,84.99,0.2,339.96,124.77,0,S,1
TXN002884,2021-09-06,2021,9,3,Monday,Sports,Central,Retail Store,SP_039,10,95.36,0.0,953.6,385.15,0,M,0
TXN002282,2021-09-06,2021,9,3,Monday,Books,Central,Mobile App,SP_033,8,27.73,0.0,221.84,172.72,0,S,0
TXN004420,2021-09-06,2021,9,3,Monday,Sports,South,Wholesale,SP_002,8,83.59,0.0,668.72,221.27,0,M,0
TXN004114,2021-09-07,2021,9,3,Tuesday,Home Goods,West,Online,SP_024,9,130.04,0.0,1170.36,464.9,0,L,0
TXN001027,2021-09-08,2021,9,3,Wednesday,Home Goods,East,Mobile App,SP_016,3,116.1,0.15,296.05,107.13,0,S,1
TXN002373,2021-09-08,2021,9,3,Wednesday,Sports,East,Online,SP_036,5,105.49,0.15,448.33,193.46,0,S,1
TXN000177,2021-09-08,2021,9,3,Wednesday,Sports,East,Mobile App,SP_004,6,83.13,0.2,399.02,174.82,0,S,1
TXN004174,2021-09-09,2021,9,3,Thursday,Sports,North,Retail Store,SP_039,11,99.57,0.1,985.74,448.56,1,M,1
TXN002832,2021-09-10,2021,9,3,Friday,Clothing,West,Online,SP_032,10,73.64,0.2,589.12,280.29,0,M,1
TXN000420,2021-09-10,2021,9,3,Friday,Books,West,Wholesale,SP_028,10,26.55,0.0,265.5,155.47,1,S,0
TXN002315,2021-09-10,2021,9,3,Friday,Home Goods,East,Mobile App,SP_025,5,103.01,0.1,463.55,192.44,0,S,1
TXN001304,2021-09-10,2021,9,3,Friday,Clothing,Central,Mobile App,SP_006,12,81.71,0.1,882.47,429.78,0,M,1
TXN004872,2021-09-11,2021,9,3,Saturday,Electronics,Central,Online,SP_010,5,490.25,0.15,2083.56,628.77,0,L,1
TXN002389,2021-09-11,2021,9,3,Saturday,Books,North,Retail Store,SP_016,4,27.32,0.05,103.82,68.03,0,XS,1
TXN001453,2021-09-11,2021,9,3,Saturday,Books,West,Online,SP_024,5,25.96,0.15,110.33,83.82,0,XS,1
TXN001330,2021-09-12,2021,9,3,Sunday,Clothing,North,Retail Store,SP_039,9,65.65,0.1,531.76,349.25,1,M,1
TXN001276,2021-09-12,2021,9,3,Sunday,Sports,Central,Retail Store,SP_013,4,105.43,0.1,379.55,169.55,0,S,1
TXN002772,2021-09-12,2021,9,3,Sunday,Books,Central,Mobile App,SP_001,6,23.09,0.1,124.69,83.4,0,XS,1
TXN000255,2021-09-12,2021,9,3,Sunday,Books,South,Wholesale,SP_011,6,23.23,0.0,139.38,79.92,0,XS,0
TXN002632,2021-09-12,2021,9,3,Sunday,Books,South,Retail Store,SP_004,6,24.83,0.1,134.08,95.39,0,XS,1
TXN003012,2021-09-13,2021,9,3,Monday,Books,North,Wholesale,SP_016,7,22.37,0.0,156.59,91.53,0,XS,0
TXN001122,2021-09-13,2021,9,3,Monday,Sports,East,Online,SP_030,8,100.11,0.0,800.88,312.3,0,M,0
TXN003029,2021-09-13,2021,9,3,Monday,Books,South,Mobile App,SP_006,7,22.54,0.15,134.11,81.44,1,XS,1
TXN002842,2021-09-13,2021,9,3,Monday,Clothing,West,Online,SP_023,6,80.74,0.05,460.22,261.77,0,S,1
TXN002481,2021-09-13,2021,9,3,Monday,Clothing,East,Retail Store,SP_022,15,74.44,0.15,949.11,431.04,0,M,1
TXN001289,2021-09-13,2021,9,3,Monday,Home Goods,North,Wholesale,SP_002,3,126.46,0.05,360.41,150.62,0,S,1
TXN001475,2021-09-13,2021,9,3,Monday,Sports,West,Mobile App,SP_027,8,108.37,0.0,866.96,284.21,0,M,0
TXN002754,2021-09-14,2021,9,3,Tuesday,Clothing,South,Wholesale,SP_020,11,76.85,0.05,803.08,494.7,0,M,1
TXN003843,2021-09-14,2021,9,3,Tuesday,Books,Central,Retail Store,SP_027,8,23.05,0.15,156.74,103.89,0,XS,1
TXN001656,2021-09-14,2021,9,3,Tuesday,Books,South,Mobile App,SP_038,7,27.79,0.1,175.08,132.11,0,XS,1
TXN004303,2021-09-15,2021,9,3,Wednesday,Books,South,Retail Store,SP_022,5,27.16,0.05,129.01,76.11,0,XS,1
TXN002892,2021-09-15,2021,9,3,Wednesday,Electronics,South,Online,SP_003,7,472.53,0.0,3307.71,947.84,0,L,0
TXN003058,2021-09-15,2021,9,3,Wednesday,Books,West,Wholesale,SP_009,9,23.64,0.05,202.12,107.39,0,S,1
TXN002635,2021-09-15,2021,9,3,Wednesday,Electronics,Central,Wholesale,SP_021,8,407.23,0.0,3257.84,958.08,1,L,0
TXN000163,2021-09-15,2021,9,3,Wednesday,Books,South,Online,SP_036,5,25.74,0.0,128.7,91.54,1,XS,0
TXN001118,2021-09-16,2021,9,3,Thursday,Books,Central,Wholesale,SP_014,8,21.26,0.0,170.08,102.76,0,XS,0
TXN003697,2021-09-16,2021,9,3,Thursday,Books,North,Wholesale,SP_019,9,24.7,0.05,211.18,116.79,0,S,1
TXN002769,2021-09-16,2021,9,3,Thursday,Electronics,West,Online,SP_006,6,516.59,0.1,2789.59,760.92,0,L,1
TXN003281,2021-09-17,2021,9,3,Friday,Home Goods,East,Retail Store,SP_010,6,103.26,0.2,495.65,238.53,0,S,1
TXN004633,2021-09-17,2021,9,3,Friday,Clothing,Central,Wholesale,SP_029,5,66.07,0.15,280.8,152.49,1,S,1
TXN001619,2021-09-17,2021,9,3,Friday,Sports,South,Wholesale,SP_003,4,83.36,0.0,333.44,118.41,0,S,0
TXN002812,2021-09-17,2021,9,3,Friday,Electronics,South,Wholesale,SP_019,6,489.72,0.0,2938.32,681.16,0,L,0
TXN001503,2021-09-17,2021,9,3,Friday,Home Goods,East,Mobile App,SP_013,12,137.67,0.2,1321.63,626.9,0,L,1
TXN003250,2021-09-18,2021,9,3,Saturday,Sports,South,Mobile App,SP_012,7,108.48,0.05,721.39,272.48,1,M,1
TXN000316,2021-09-18,2021,9,3,Saturday,Clothing,North,Online,SP_020,13,73.42,0.05,906.74,564.73,0,M,1
TXN001169,2021-09-18,2021,9,3,Saturday,Home Goods,Central,Retail Store,SP_034,9,103.31,0.1,836.81,401.53,0,M,1
TXN000478,2021-09-18,2021,9,3,Saturday,Clothing,North,Mobile App,SP_037,9,80.44,0.0,723.96,426.09,0,M,0
TXN002076,2021-09-18,2021,9,3,Saturday,Home Goods,Central,Retail Store,SP_038,9,134.96,0.05,1153.91,389.59,0,L,1
TXN002785,2021-09-18,2021,9,3,Saturday,Electronics,South,Wholesale,SP_013,4,511.02,0.0,2044.08,681.84,0,L,0
TXN002395,2021-09-19,2021,9,3,Sunday,Books,Central,Online,SP_016,8,23.29,0.1,167.69,99.15,0,XS,1
TXN001421,2021-09-19,2021,9,3,Sunday,Clothing,West,Wholesale,SP_021,9,78.63,0.05,672.29,399.86,0,M,1
TXN002145,2021-09-20,2021,9,3,Monday,Books,North,Mobile App,SP_005,10,23.63,0.05,224.48,131.98,0,S,1
TXN001004,2021-09-20,2021,9,3,Monday,Home Goods,East,Online,SP_022,8,127.86,0.0,1022.88,362.78,0,L,0
TXN001997,2021-09-21,2021,9,3,Tuesday,Clothing,North,Online,SP_008,9,66.32,0.0,596.88,298.55,0,M,0
TXN003579,2021-09-21,2021,9,3,Tuesday,Books,South,Mobile App,SP_019,6,24.14,0.1,130.36,77.18,0,XS,1
TXN002088,2021-09-21,2021,9,3,Tuesday,Home Goods,North,Online,SP_004,9,120.99,0.15,925.57,356.55,0,M,1
TXN002554,2021-09-21,2021,9,3,Tuesday,Electronics,Central,Retail Store,SP_024,12,498.01,0.2,4780.9,1216.29,0,L,1
TXN003456,2021-09-22,2021,9,3,Wednesday,Clothing,East,Wholesale,SP_005,11,67.36,0.0,740.96,404.52,0,M,0
TXN001229,2021-09-22,2021,9,3,Wednesday,Books,West,Mobile App,SP_005,12,25.86,0.0,310.32,227.72,0,S,0
TXN000728,2021-09-23,2021,9,3,Thursday,Clothing,North,Retail Store,SP_007,20,65.32,0.05,1241.08,731.09,1,L,1
TXN002477,2021-09-23,2021,9,3,Thursday,Home Goods,Central,Retail Store,SP_032,9,105.65,0.2,760.68,354.47,1,M,1
TXN000535,2021-09-23,2021,9,3,Thursday,Books,West,Mobile App,SP_026,8,25.07,0.05,190.53,126.11,0,XS,1
TXN001798,2021-09-23,2021,9,3,Thursday,Home Goods,East,Mobile App,SP_039,6,129.06,0.1,696.92,252.76,0,M,1
TXN002442,2021-09-24,2021,9,3,Friday,Books,South,Wholesale,SP_002,4,25.68,0.05,97.58,57.79,1,XS,1
TXN000165,2021-09-24,2021,9,3,Friday,Books,East,Retail Store,SP_008,5,27.8,0.1,125.1,92.44,1,XS,1
TXN001040,2021-09-24,2021,9,3,Friday,Books,West,Wholesale,SP_029,8,28.64,0.05,217.66,163.12,0,S,1
TXN004051,2021-09-24,2021,9,3,Friday,Sports,West,Online,SP_001,12,96.43,0.15,983.59,316.68,1,M,1
TXN004026,2021-09-24,2021,9,3,Friday,Home Goods,North,Retail Store,SP_035,6,135.62,0.0,813.72,303.36,0,M,0
TXN001201,2021-09-25,2021,9,3,Saturday,Clothing,South,Mobile App,SP_024,5,80.76,0.0,403.8,249.95,0,S,0
TXN000473,2021-09-25,2021,9,3,Saturday,Home Goods,South,Wholesale,SP_004,7,127.75,0.0,894.25,340.75,0,M,0
TXN004900,2021-09-25,2021,9,3,Saturday,Electronics,East,Retail Store,SP_032,7,471.29,0.05,3134.08,955.82,0,L,1
TXN002786,2021-09-25,2021,9,3,Saturday,Books,North,Mobile App,SP_022,8,22.94,0.15,155.99,121.13,0,XS,1
TXN001492,2021-09-25,2021,9,3,Saturday,Sports,East,Retail Store,SP_016,7,92.7,0.1,584.01,203.39,0,M,1
TXN002378,2021-09-25,2021,9,3,Saturday,Home Goods,Central,Mobile App,SP_014,6,104.01,0.0,624.06,231.24,0,M,0
TXN002026,2021-09-25,2021,9,3,Saturday,Sports,East,Online,SP_007,11,105.43,0.1,1043.76,409.92,1,L,1
TXN004253,2021-09-25,2021,9,3,Saturday,Clothing,East,Mobile App,SP_035,13,83.68,0.15,924.66,485.16,0,M,1
TXN000558,2021-09-25,2021,9,3,Saturday,Sports,West,Online,SP_027,8,103.28,0.05,784.93,292.78,1,M,1
TXN003124,2021-09-25,2021,9,3,Saturday,Electronics,West,Wholesale,SP_003,8,507.96,0.0,4063.68,1010.53,0,L,0
TXN000973,2021-09-26,2021,9,3,Sunday,Electronics,West,Wholesale,SP_020,6,467.24,0.1,2523.1,671.33,1,L,1
TXN002917,2021-09-27,2021,9,3,Monday,Electronics,South,Wholesale,SP_030,7,412.06,0.0,2884.42,762.95,0,L,0
TXN002500,2021-09-27,2021,9,3,Monday,Sports,North,Wholesale,SP_024,9,98.38,0.0,885.42,344.88,0,M,0
TXN000774,2021-09-27,2021,9,3,Monday,Clothing,North,Wholesale,SP_039,13,70.25,0.05,867.59,398.2,0,M,1
TXN000792,2021-09-27,2021,9,3,Monday,Clothing,North,Wholesale,SP_001,13,68.47,0.05,845.6,536.64,0,M,1
TXN000149,2021-09-27,2021,9,3,Monday,Electronics,East,Wholesale,SP_027,12,444.8,0.0,5337.6,1576.55,1,XL,0
TXN000938,2021-09-28,2021,9,3,Tuesday,Sports,East,Mobile App,SP_029,5,84.49,0.1,380.2,162.92,1,S,1
TXN000029,2021-09-28,2021,9,3,Tuesday,Books,Central,Mobile App,SP_016,7,26.01,0.1,163.86,87.14,0,XS,1
TXN004424,2021-09-28,2021,9,3,Tuesday,Sports,North,Mobile App,SP_026,8,90.34,0.2,578.18,238.66,0,M,1
TXN002092,2021-09-28,2021,9,3,Tuesday,Sports,North,Online,SP_009,7,105.56,0.0,738.92,276.06,0,M,0
TXN000416,2021-09-28,2021,9,3,Tuesday,Sports,North,Retail Store,SP_025,8,86.32,0.0,690.56,227.38,0,M,0
TXN004281,2021-09-28,2021,9,3,Tuesday,Electronics,Central,Retail Store,SP_023,5,449.04,0.0,2245.2,715.02,1,L,0
TXN003265,2021-09-28,2021,9,3,Tuesday,Electronics,Central,Online,SP_023,4,493.08,0.05,1873.7,449.47,0,L,1
TXN000404,2021-09-29,2021,9,3,Wednesday,Clothing,South,Wholesale,SP_016,8,84.12,0.1,605.66,332.17,0,M,1
TXN002919,2021-09-29,2021,9,3,Wednesday,Home Goods,North,Wholesale,SP_004,7,119.52,0.05,794.81,368.31,0,M,1
TXN000580,2021-09-29,2021,9,3,Wednesday,Clothing,Central,Wholesale,SP_008,14,85.3,0.1,1074.78,491.28,0,L,1
TXN002312,2021-09-29,2021,9,3,Wednesday,Electronics,South,Retail Store,SP_003,10,514.79,0.1,4633.11,1149.94,0,L,1
TXN002313,2021-09-30,2021,9,3,Thursday,Clothing,East,Online,SP_037,18,69.5,0.0,1251.0,598.69,1,L,0
TXN000418,2021-09-30,2021,9,3,Thursday,Clothing,North,Online,SP_040,23,84.92,0.1,1757.84,1014.46,0,L,1
TXN003585,2021-10-01,2021,10,4,Friday,Clothing,East,Online,SP_005,8,80.82,0.15,549.58,298.77,0,M,1
TXN000901,2021-10-01,2021,10,4,Friday,Electronics,Central,Mobile App,SP_011,8,502.85,0.0,4022.8,1283.03,0,L,0
TXN002322,2021-10-01,2021,10,4,Friday,Electronics,South,Mobile App,SP_025,8,426.12,0.0,3408.96,810.44,0,L,0
TXN003994,2021-10-02,2021,10,4,Saturday,Home Goods,East,Online,SP_040,8,133.86,0.0,1070.88,364.8,0,L,0
TXN000540,2021-10-02,2021,10,4,Saturday,Home Goods,West,Wholesale,SP_013,10,103.0,0.0,1030.0,388.76,0,L,0
TXN000389,2021-10-02,2021,10,4,Saturday,Home Goods,North,Retail Store,SP_020,7,119.5,0.0,836.5,296.38,0,M,0
TXN003601,2021-10-02,2021,10,4,Saturday,Electronics,East,Online,SP_038,9,424.79,0.0,3823.11,1169.13,0,L,0
TXN004595,2021-10-02,2021,10,4,Saturday,Electronics,East,Wholesale,SP_019,6,501.69,0.05,2859.63,677.66,1,L,1
TXN001286,2021-10-03,2021,10,4,Sunday,Clothing,West,Retail Store,SP_033,13,72.61,0.15,802.34,401.16,0,M,1
TXN004107,2021-10-03,2021,10,4,Sunday,Clothing,Central,Mobile App,SP_034,12,77.0,0.05,877.8,423.1,0,M,1
TXN004200,2021-10-03,2021,10,4,Sunday,Clothing,North,Online,SP_017,13,78.61,0.1,919.74,585.05,0,M,1
TXN000046,2021-10-03,2021,10,4,Sunday,Home Goods,North,Online,SP_036,2,116.12,0.0,232.24,95.1,0,S,0
TXN004278,2021-10-03,2021,10,4,Sunday,Sports,West,Online,SP_018,2,107.87,0.1,194.17,63.58,0,XS,1
TXN002800,2021-10-03,2021,10,4,Sunday,Sports,North,Online,SP_019,6,99.92,0.2,479.62,157.91,0,S,1
TXN003665,2021-10-04,2021,10,4,Monday,Electronics,Central,Wholesale,SP_002,11,436.82,0.2,3844.02,925.59,0,L,1
TXN000751,2021-10-04,2021,10,4,Monday,Sports,Central,Retail Store,SP_032,6,89.35,0.0,536.1,215.97,0,M,0
TXN001086,2021-10-04,2021,10,4,Monday,Electronics,South,Online,SP_002,6,424.46,0.1,2292.08,758.24,0,L,1
TXN000771,2021-10-04,2021,10,4,Monday,Sports,South,Retail Store,SP_021,5,97.15,0.0,485.75,217.85,0,S,0
TXN002210,2021-10-04,2021,10,4,Monday,Clothing,North,Mobile App,SP_010,12,82.01,0.1,885.71,490.7,0,M,1
TXN003392,2021-10-05,2021,10,4,Tuesday,Home Goods,North,Wholesale,SP_040,3,109.84,0.2,263.62,99.72,0,S,1
TXN003441,2021-10-05,2021,10,4,Tuesday,Electronics,Central,Wholesale,SP_022,12,387.97,0.0,4655.64,1283.3,1,L,0
TXN003061,2021-10-05,2021,10,4,Tuesday,Home Goods,South,Mobile App,SP_014,5,135.52,0.05,643.72,216.76,0,M,1
TXN004660,2021-10-05,2021,10,4,Tuesday,Sports,West,Wholesale,SP_030,5,96.22,0.0,481.1,147.7,0,S,0
TXN003481,2021-10-05,2021,10,4,Tuesday,Home Goods,North,Online,SP_031,4,123.57,0.1,444.85,181.26,0,S,1
TXN002637,2021-10-06,2021,10,4,Wednesday,Home Goods,Central,Wholesale,SP_012,10,126.7,0.0,1267.0,442.26,0,L,0
TXN003984,2021-10-06,2021,10,4,Wednesday,Electronics,West,Retail Store,SP_019,8,428.55,0.2,2742.72,843.17,0,L,1
TXN004435,2021-10-06,2021,10,4,Wednesday,Clothing,North,Mobile App,SP_014,12,78.6,0.1,848.88,377.14,0,M,1
TXN004609,2021-10-06,2021,10,4,Wednesday,Clothing,South,Online,SP_030,6,72.88,0.0,437.28,256.15,0,S,0
TXN004890,2021-10-07,2021,10,4,Thursday,Sports,South,Online,SP_003,3,82.54,0.05,235.24,73.44,0,S,1
TXN000700,2021-10-07,2021,10,4,Thursday,Home Goods,East,Mobile App,SP_035,5,108.6,0.0,543.0,251.63,0,M,0
TXN004667,2021-10-07,2021,10,4,Thursday,Clothing,South,Wholesale,SP_020,14,84.97,0.05,1130.1,687.35,1,L,1
TXN000705,2021-10-07,2021,10,4,Thursday,Home Goods,North,Mobile App,SP_040,3,117.06,0.05,333.62,140.6,0,S,1
TXN003733,2021-10-07,2021,10,4,Thursday,Clothing,North,Mobile App,SP_030,8,78.27,0.05,594.85,329.64,0,M,1
TXN002816,2021-10-07,2021,10,4,Thursday,Clothing,East,Online,SP_018,9,64.8,0.0,583.2,365.78,1,M,0
TXN004558,2021-10-07,2021,10,4,Thursday,Books,South,Mobile App,SP_005,5,28.64,0.1,128.88,77.37,0,XS,1
TXN001354,2021-10-07,2021,10,4,Thursday,Sports,West,Online,SP_026,4,91.81,0.0,367.24,135.15,1,S,0
TXN002568,2021-10-08,2021,10,4,Friday,Home Goods,West,Mobile App,SP_001,4,110.46,0.0,441.84,173.18,0,S,0
TXN002294,2021-10-08,2021,10,4,Friday,Home Goods,West,Retail Store,SP_018,3,121.01,0.0,363.03,159.8,0,S,0
TXN002159,2021-10-08,2021,10,4,Friday,Home Goods,South,Mobile App,SP_014,6,109.61,0.0,657.66,252.68,0,M,0
TXN001731,2021-10-08,2021,10,4,Friday,Books,West,Mobile App,SP_031,8,27.83,0.0,222.64,132.95,0,S,0
TXN000148,2021-10-08,2021,10,4,Friday,Electronics,North,Wholesale,SP_029,4,482.04,0.0,1928.16,534.71,0,L,0
TXN002675,2021-10-09,2021,10,4,Saturday,Home Goods,West,Retail Store,SP_003,4,102.37,0.1,368.53,168.09,0,S,1
TXN004271,2021-10-09,2021,10,4,Saturday,Electronics,North,Wholesale,SP_026,9,498.77,0.05,4264.48,1063.56,0,L,1
TXN001199,2021-10-09,2021,10,4,Saturday,Sports,North,Wholesale,SP_014,7,86.25,0.0,603.75,202.25,0,M,0
TXN000777,2021-10-09,2021,10,4,Saturday,Clothing,South,Retail Store,SP_003,17,75.26,0.05,1215.45,731.05,0,L,1
TXN000768,2021-10-09,2021,10,4,Saturday,Electronics,West,Retail Store,SP_027,2,419.3,0.0,838.6,269.7,1,M,0
TXN002098,2021-10-09,2021,10,4,Saturday,Books,East,Wholesale,SP_025,5,26.14,0.1,117.63,75.96,0,XS,1
TXN003277,2021-10-09,2021,10,4,Saturday,Home Goods,North,Retail Store,SP_011,3,116.35,0.1,314.14,150.06,1,S,1
TXN000293,2021-10-09,2021,10,4,Saturday,Electronics,Central,Retail Store,SP_027,9,386.79,0.1,3133.0,850.34,0,L,1
TXN003612,2021-10-10,2021,10,4,Sunday,Clothing,East,Online,SP_007,12,65.78,0.0,789.36,513.13,1,M,0
TXN003811,2021-10-11,2021,10,4,Monday,Sports,East,Retail Store,SP_030,5,96.51,0.05,458.42,147.79,0,S,1
TXN000015,2021-10-11,2021,10,4,Monday,Books,West,Online,SP_004,5,26.33,0.15,111.9,58.67,1,XS,1
TXN000742,2021-10-11,2021,10,4,Monday,Home Goods,East,Retail Store,SP_015,5,137.35,0.0,686.75,275.87,0,M,0
TXN002581,2021-10-11,2021,10,4,Monday,Sports,North,Online,SP_004,7,94.85,0.2,531.16,223.46,0,M,1
TXN002050,2021-10-12,2021,10,4,Tuesday,Clothing,North,Retail Store,SP_006,18,72.02,0.1,1166.72,555.07,1,L,1
TXN001295,2021-10-12,2021,10,4,Tuesday,Electronics,Central,Online,SP_034,5,424.54,0.0,2122.7,579.65,0,L,0
TXN001523,2021-10-12,2021,10,4,Tuesday,Electronics,East,Mobile App,SP_015,2,473.13,0.0,946.26,261.07,1,M,0
TXN002594,2021-10-13,2021,10,4,Wednesday,Electronics,South,Mobile App,SP_004,5,439.29,0.05,2086.63,504.19,0,L,1
TXN003751,2021-10-13,2021,10,4,Wednesday,Electronics,North,Online,SP_018,9,447.7,0.1,3626.37,970.37,1,L,1
TXN004907,2021-10-13,2021,10,4,Wednesday,Clothing,Central,Retail Store,SP_008,9,78.97,0.15,604.12,306.93,0,M,1
TXN003451,2021-10-13,2021,10,4,Wednesday,Home Goods,Central,Mobile App,SP_002,7,118.46,0.05,787.76,368.97,0,M,1
TXN002174,2021-10-13,2021,10,4,Wednesday,Home Goods,South,Wholesale,SP_035,9,102.84,0.05,879.28,332.56,0,M,1
TXN003279,2021-10-13,2021,10,4,Wednesday,Electronics,Central,Online,SP_020,6,472.55,0.0,2835.3,791.99,0,L,0
TXN001431,2021-10-14,2021,10,4,Thursday,Books,East,Mobile App,SP_027,8,23.08,0.1,166.18,129.11,0,XS,1
TXN001367,2021-10-14,2021,10,4,Thursday,Home Goods,West,Online,SP_023,9,135.75,0.15,1038.49,381.55,0,L,1
TXN003525,2021-10-14,2021,10,4,Thursday,Home Goods,Central,Wholesale,SP_040,2,116.19,0.1,209.14,104.24,1,S,1
TXN003709,2021-10-14,2021,10,4,Thursday,Home Goods,South,Online,SP_033,9,118.51,0.0,1066.59,384.55,0,L,0
TXN002219,2021-10-14,2021,10,4,Thursday,Home Goods,West,Retail Store,SP_010,8,135.14,0.0,1081.12,371.25,1,L,0
TXN002182,2021-10-14,2021,10,4,Thursday,Clothing,North,Wholesale,SP_004,13,75.3,0.0,978.9,568.08,1,M,0
TXN004254,2021-10-15,2021,10,4,Friday,Books,East,Online,SP_009,2,23.06,0.05,43.81,30.35,0,XS,1
TXN002871,2021-10-15,2021,10,4,Friday,Sports,Central,Mobile App,SP_026,12,106.27,0.0,1275.24,483.37,0,L,0
TXN001871,2021-10-15,2021,10,4,Friday,Electronics,West,Mobile App,SP_026,5,441.57,0.1,1987.07,497.5,0,L,1
TXN003769,2021-10-15,2021,10,4,Friday,Books,West,Retail Store,SP_001,7,24.38,0.0,170.66,111.33,0,XS,0
TXN002553,2021-10-15,2021,10,4,Friday,Home Goods,North,Wholesale,SP_009,7,125.99,0.0,881.93,323.92,0,M,0
TXN001753,2021-10-15,2021,10,4,Friday,Books,East,Mobile App,SP_015,5,25.16,0.1,113.22,63.64,0,XS,1
TXN003147,2021-10-16,2021,10,4,Saturday,Electronics,Central,Wholesale,SP_033,8,499.23,0.15,3394.76,844.56,0,L,1
TXN004846,2021-10-16,2021,10,4,Saturday,Electronics,South,Mobile App,SP_001,12,455.81,0.05,5196.23,1658.75,0,XL,1
TXN003825,2021-10-17,2021,10,4,Sunday,Electronics,Central,Mobile App,SP_004,5,382.83,0.0,1914.15,439.28,0,L,0
TXN000390,2021-10-17,2021,10,4,Sunday,Books,West,Mobile App,SP_039,10,26.09,0.0,260.9,170.3,0,S,0
TXN002724,2021-10-17,2021,10,4,Sunday,Sports,South,Wholesale,SP_035,5,84.37,0.0,421.85,147.73,0,S,0
TXN004218,2021-10-17,2021,10,4,Sunday,Books,South,Retail Store,SP_024,5,22.14,0.05,105.16,58.42,0,XS,1
TXN003217,2021-10-17,2021,10,4,Sunday,Electronics,East,Online,SP_029,9,449.13,0.0,4042.17,1128.58,0,L,0
TXN002388,2021-10-17,2021,10,4,Sunday,Electronics,North,Online,SP_039,8,507.24,0.05,3855.02,907.4,0,L,1
TXN002846,2021-10-18,2021,10,4,Monday,Clothing,Central,Online,SP_007,4,73.75,0.1,265.5,136.88,0,S,1
TXN003010,2021-10-18,2021,10,4,Monday,Clothing,North,Wholesale,SP_023,15,74.16,0.05,1056.78,562.3,0,L,1
TXN001626,2021-10-18,2021,10,4,Monday,Electronics,South,Mobile App,SP_030,7,408.91,0.2,2289.9,669.51,1,L,1
TXN001056,2021-10-18,2021,10,4,Monday,Home Goods,North,Wholesale,SP_003,8,125.33,0.2,802.11,323.95,0,M,1
TXN000474,2021-10-18,2021,10,4,Monday,Electronics,Central,Wholesale,SP_005,6,392.89,0.0,2357.34,705.14,0,L,0
TXN000447,2021-10-19,2021,10,4,Tuesday,Home Goods,North,Online,SP_015,2,123.81,0.15,210.48,85.87,0,S,1
TXN002737,2021-10-19,2021,10,4,Tuesday,Home Goods,East,Mobile App,SP_025,11,128.96,0.0,1418.56,526.85,0,L,0
TXN003368,2021-10-20,2021,10,4,Wednesday,Home Goods,South,Wholesale,SP_014,4,115.54,0.05,439.05,161.05,1,S,1
TXN003732,2021-10-20,2021,10,4,Wednesday,Clothing,North,Wholesale,SP_023,6,70.94,0.1,383.08,215.74,0,S,1
TXN001409,2021-10-20,2021,10,4,Wednesday,Books,North,Online,SP_007,6,24.09,0.05,137.31,94.01,0,XS,1
TXN002003,2021-10-20,2021,10,4,Wednesday,Sports,Central,Online,SP_033,8,101.41,0.1,730.15,249.66,0,M,1
TXN000990,2021-10-21,2021,10,4,Thursday,Sports,West,Online,SP_011,7,100.57,0.0,703.99,241.06,0,M,0
TXN001428,2021-10-21,2021,10,4,Thursday,Sports,North,Mobile App,SP_024,11,83.3,0.0,916.3,373.69,1,M,0
TXN003747,2021-10-21,2021,10,4,Thursday,Home Goods,West,Wholesale,SP_039,5,119.1,0.1,535.95,269.4,0,M,1
TXN001646,2021-10-21,2021,10,4,Thursday,Electronics,East,Wholesale,SP_022,6,491.62,0.2,2359.78,726.55,0,L,1
TXN002080,2021-10-21,2021,10,4,Thursday,Home Goods,North,Mobile App,SP_016,9,126.03,0.0,1134.27,460.02,1,L,0
TXN004258,2021-10-21,2021,10,4,Thursday,Books,North,Wholesale,SP_016,13,23.11,0.2,240.34,140.61,0,S,1
TXN001730,2021-10-21,2021,10,4,Thursday,Clothing,West,Online,SP_021,11,70.56,0.0,776.16,506.58,0,M,0
TXN000831,2021-10-22,2021,10,4,Friday,Books,East,Wholesale,SP_026,8,23.99,0.0,191.92,119.4,0,XS,0
TXN000849,2021-10-22,2021,10,4,Friday,Sports,West,Retail Store,SP_006,10,102.49,0.0,1024.9,429.89,0,L,0
TXN001494,2021-10-22,2021,10,4,Friday,Electronics,Central,Online,SP_008,4,508.21,0.05,1931.2,517.99,0,L,1
TXN003301,2021-10-22,2021,10,4,Friday,Sports,West,Online,SP_021,6,88.06,0.0,528.36,222.65,0,M,0
TXN004563,2021-10-23,2021,10,4,Saturday,Sports,Central,Retail Store,SP_008,6,84.76,0.15,432.28,195.26,0,S,1
TXN002512,2021-10-23,2021,10,4,Saturday,Sports,South,Mobile App,SP_029,6,108.73,0.15,554.52,181.72,0,M,1
TXN003097,2021-10-23,2021,10,4,Saturday,Clothing,East,Online,SP_017,17,66.38,0.1,1015.61,495.34,0,L,1
TXN000135,2021-10-23,2021,10,4,Saturday,Sports,South,Online,SP_031,5,87.41,0.1,393.34,151.86,0,S,1
TXN004205,2021-10-23,2021,10,4,Saturday,Books,East,Online,SP_031,8,28.64,0.05,217.66,147.69,0,S,1
TXN004777,2021-10-23,2021,10,4,Saturday,Electronics,East,Mobile App,SP_035,6,416.84,0.1,2250.94,631.62,0,L,1
TXN000352,2021-10-23,2021,10,4,Saturday,Sports,North,Wholesale,SP_011,3,108.89,0.05,310.34,115.29,0,S,1
TXN002666,2021-10-24,2021,10,4,Sunday,Home Goods,Central,Retail Store,SP_022,10,115.09,0.1,1035.81,364.52,0,L,1
TXN003111,2021-10-24,2021,10,4,Sunday,Clothing,East,Wholesale,SP_009,8,82.06,0.0,656.48,427.78,1,M,0
TXN003905,2021-10-24,2021,10,4,Sunday,Books,South,Retail Store,SP_007,7,28.11,0.0,196.77,142.74,1,XS,0
TXN001790,2021-10-24,2021,10,4,Sunday,Sports,West,Wholesale,SP_023,7,91.61,0.2,513.02,214.29,0,M,1
TXN000687,2021-10-24,2021,10,4,Sunday,Clothing,East,Mobile App,SP_040,14,85.66,0.05,1139.28,667.55,0,L,1
TXN004546,2021-10-25,2021,10,4,Monday,Books,South,Mobile App,SP_029,7,22.67,0.1,142.82,92.76,0,XS,1
TXN001906,2021-10-25,2021,10,4,Monday,Books,North,Mobile App,SP_004,8,26.75,0.1,192.6,106.42,0,XS,1
TXN003426,2021-10-25,2021,10,4,Monday,Sports,West,Online,SP_007,7,85.74,0.0,600.18,267.21,0,M,0
TXN003701,2021-10-26,2021,10,4,Tuesday,Electronics,South,Mobile App,SP_017,5,409.54,0.15,1740.55,474.59,0,L,1
TXN000980,2021-10-26,2021,10,4,Tuesday,Home Goods,Central,Wholesale,SP_023,9,136.2,0.0,1225.8,577.78,0,L,0
TXN002680,2021-10-26,2021,10,4,Tuesday,Electronics,North,Online,SP_001,5,499.99,0.0,2499.95,824.37,1,L,0
TXN002431,2021-10-26,2021,10,4,Tuesday,Clothing,Central,Wholesale,SP_037,16,72.48,0.0,1159.68,583.27,0,L,0
TXN002167,2021-10-26,2021,10,4,Tuesday,Electronics,East,Wholesale,SP_026,9,426.77,0.0,3840.93,1014.08,0,L,0
TXN000710,2021-10-27,2021,10,4,Wednesday,Electronics,East,Mobile App,SP_005,3,414.01,0.05,1179.93,324.22,0,L,1
TXN000289,2021-10-27,2021,10,4,Wednesday,Home Goods,North,Wholesale,SP_006,5,103.4,0.0,517.0,246.42,0,M,0
TXN003923,2021-10-27,2021,10,4,Wednesday,Clothing,West,Online,SP_003,8,84.84,0.0,678.72,425.43,0,M,0
TXN001792,2021-10-28,2021,10,4,Thursday,Books,North,Mobile App,SP_033,4,25.55,0.2,81.76,44.44,1,XS,1
TXN003551,2021-10-28,2021,10,4,Thursday,Books,Central,Retail Store,SP_025,6,24.2,0.05,137.94,96.34,0,XS,1
TXN001550,2021-10-28,2021,10,4,Thursday,Electronics,North,Wholesale,SP_022,6,472.75,0.05,2694.67,829.39,0,L,1
TXN002462,2021-10-28,2021,10,4,Thursday,Electronics,East,Online,SP_025,8,452.47,0.05,3438.77,835.21,1,L,1
TXN003236,2021-10-29,2021,10,4,Friday,Sports,North,Online,SP_005,7,101.81,0.1,641.4,265.48,0,M,1
TXN001188,2021-10-29,2021,10,4,Friday,Sports,East,Wholesale,SP_019,7,95.32,0.0,667.24,267.38,1,M,0
TXN002157,2021-10-29,2021,10,4,Friday,Home Goods,South,Mobile App,SP_001,7,120.35,0.0,842.45,416.52,0,M,0
TXN002428,2021-10-29,2021,10,4,Friday,Sports,Central,Wholesale,SP_035,6,92.56,0.1,499.82,152.69,0,S,1
TXN000220,2021-10-29,2021,10,4,Friday,Sports,North,Retail Store,SP_029,4,99.74,0.15,339.12,152.89,0,S,1
TXN001279,2021-10-30,2021,10,4,Saturday,Home Goods,Central,Mobile App,SP_010,7,109.08,0.0,763.56,353.77,0,M,0
TXN000757,2021-10-30,2021,10,4,Saturday,Home Goods,North,Wholesale,SP_008,4,131.18,0.0,524.72,237.11,0,M,0
TXN004830,2021-10-30,2021,10,4,Saturday,Books,South,Retail Store,SP_036,6,26.82,0.15,136.78,76.29,0,XS,1
TXN002363,2021-10-30,2021,10,4,Saturday,Books,Central,Mobile App,SP_019,6,26.27,0.05,149.74,108.13,0,XS,1
TXN002126,2021-10-30,2021,10,4,Saturday,Sports,Central,Mobile App,SP_024,4,89.63,0.2,286.82,121.52,1,S,1
TXN000171,2021-10-31,2021,10,4,Sunday,Electronics,South,Wholesale,SP_040,5,458.27,0.05,2176.78,615.2,0,L,1
TXN001062,2021-10-31,2021,10,4,Sunday,Electronics,East,Online,SP_014,6,410.65,0.15,2094.31,648.58,0,L,1
TXN000749,2021-10-31,2021,10,4,Sunday,Clothing,East,Online,SP_031,13,73.08,0.05,902.54,549.58,1,M,1
TXN001527,2021-10-31,2021,10,4,Sunday,Books,West,Mobile App,SP_008,9,22.36,0.05,191.18,136.47,0,XS,1
TXN001658,2021-10-31,2021,10,4,Sunday,Books,West,Retail Store,SP_012,7,25.27,0.15,150.36,89.11,1,XS,1
TXN003688,2021-10-31,2021,10,4,Sunday,Clothing,South,Retail Store,SP_019,4,83.62,0.0,334.48,148.06,0,S,0
TXN004763,2021-11-01,2021,11,4,Monday,Home Goods,West,Mobile App,SP_031,1,118.82,0.0,118.82,42.07,1,XS,0
TXN000921,2021-11-02,2021,11,4,Tuesday,Books,North,Mobile App,SP_003,4,23.36,0.0,93.44,70.7,0,XS,0
TXN002784,2021-11-02,2021,11,4,Tuesday,Clothing,South,Retail Store,SP_029,6,66.18,0.05,377.23,210.93,0,S,1
TXN002257,2021-11-02,2021,11,4,Tuesday,Electronics,East,Wholesale,SP_021,11,500.99,0.05,5235.35,1219.49,0,XL,1
TXN002065,2021-11-02,2021,11,4,Tuesday,Sports,East,Online,SP_028,8,88.14,0.1,634.61,229.2,0,M,1
TXN000276,2021-11-02,2021,11,4,Tuesday,Books,Central,Retail Store,SP_021,5,27.19,0.15,115.56,73.65,0,XS,1
TXN000106,2021-11-02,2021,11,4,Tuesday,Books,East,Online,SP_016,5,21.34,0.0,106.7,57.49,0,XS,0
TXN003861,2021-11-02,2021,11,4,Tuesday,Clothing,South,Retail Store,SP_013,3,76.82,0.05,218.94,135.84,0,S,1
TXN004882,2021-11-02,2021,11,4,Tuesday,Home Goods,East,Wholesale,SP_012,3,120.28,0.0,360.84,167.74,0,S,0
TXN000050,2021-11-02,2021,11,4,Tuesday,Books,North,Wholesale,SP_038,4,21.54,0.05,81.85,59.57,0,XS,1
TXN004627,2021-11-03,2021,11,4,Wednesday,Electronics,Central,Mobile App,SP_029,18,446.85,0.05,7641.14,2077.07,0,XL,1
TXN002067,2021-11-03,2021,11,4,Wednesday,Home Goods,East,Retail Store,SP_002,10,134.97,0.05,1282.21,471.64,1,L,1
TXN001021,2021-11-04,2021,11,4,Thursday,Clothing,North,Retail Store,SP_020,3,70.25,0.05,200.21,115.73,0,S,1
TXN001559,2021-11-04,2021,11,4,Thursday,Books,East,Retail Store,SP_020,7,21.48,0.05,142.84,77.77,1,XS,1
TXN001648,2021-11-04,2021,11,4,Thursday,Books,North,Online,SP_039,10,28.29,0.0,282.9,184.65,0,S,0
TXN001650,2021-11-04,2021,11,4,Thursday,Sports,North,Online,SP_015,5,89.47,0.05,424.98,154.54,0,S,1
TXN003859,2021-11-04,2021,11,4,Thursday,Home Goods,North,Online,SP_033,8,128.04,0.0,1024.32,466.82,0,L,0
TXN002476,2021-11-04,2021,11,4,Thursday,Books,Central,Mobile App,SP_033,8,28.75,0.05,218.5,136.68,0,S,1
TXN004036,2021-11-05,2021,11,4,Friday,Clothing,South,Wholesale,SP_029,9,71.79,0.1,581.5,269.64,1,M,1
TXN002028,2021-11-05,2021,11,4,Friday,Clothing,East,Online,SP_024,5,78.62,0.05,373.44,166.3,0,S,1
TXN004425,2021-11-06,2021,11,4,Saturday,Home Goods,East,Retail Store,SP_039,6,130.37,0.1,704.0,314.11,0,M,1
TXN002617,2021-11-06,2021,11,4,Saturday,Books,West,Online,SP_028,6,27.03,0.0,162.18,121.33,0,XS,0
TXN001059,2021-11-06,2021,11,4,Saturday,Books,West,Online,SP_013,4,22.01,0.0,88.04,59.64,1,XS,0
TXN003770,2021-11-07,2021,11,4,Sunday,Electronics,North,Wholesale,SP_033,6,403.24,0.15,2056.52,474.92,1,L,1
TXN003816,2021-11-07,2021,11,4,Sunday,Sports,North,Online,SP_033,5,89.13,0.0,445.65,146.65,0,S,0
TXN003134,2021-11-08,2021,11,4,Monday,Clothing,South,Mobile App,SP_013,9,66.71,0.15,510.33,256.85,0,M,1
TXN004415,2021-11-08,2021,11,4,Monday,Clothing,Central,Wholesale,SP_034,12,75.75,0.0,909.0,518.84,0,M,0
TXN004319,2021-11-09,2021,11,4,Tuesday,Home Goods,West,Wholesale,SP_002,3,107.64,0.05,306.77,111.24,0,S,1
TXN001449,2021-11-09,2021,11,4,Tuesday,Books,West,Online,SP_001,9,22.78,0.0,205.02,123.91,0,S,0
TXN004557,2021-11-10,2021,11,4,Wednesday,Books,East,Retail Store,SP_026,11,24.42,0.05,255.19,182.39,0,S,1
TXN002240,2021-11-10,2021,11,4,Wednesday,Electronics,Central,Wholesale,SP_027,11,509.95,0.1,5048.51,1596.7,0,XL,1
TXN004607,2021-11-10,2021,11,4,Wednesday,Home Goods,Central,Wholesale,SP_019,5,112.82,0.05,535.89,258.6,0,M,1
TXN004151,2021-11-10,2021,11,4,Wednesday,Books,East,Wholesale,SP_007,7,21.44,0.1,135.07,71.03,0,XS,1
TXN000545,2021-11-10,2021,11,4,Wednesday,Clothing,North,Wholesale,SP_027,5,82.67,0.1,372.02,245.28,0,S,1
TXN002905,2021-11-10,2021,11,4,Wednesday,Electronics,West,Mobile App,SP_019,7,403.78,0.0,2826.46,852.42,0,L,0
TXN000944,2021-11-11,2021,11,4,Thursday,Clothing,South,Online,SP_003,10,80.89,0.2,647.12,331.58,0,M,1
TXN001927,2021-11-11,2021,11,4,Thursday,Electronics,East,Wholesale,SP_003,8,483.22,0.0,3865.76,1122.11,0,L,0
TXN001223,2021-11-11,2021,11,4,Thursday,Home Goods,Central,Mobile App,SP_025,8,103.5,0.0,828.0,378.57,0,M,0
TXN002963,2021-11-11,2021,11,4,Thursday,Sports,Central,Wholesale,SP_037,6,87.47,0.1,472.34,146.07,1,S,1
TXN000358,2021-11-12,2021,11,4,Friday,Sports,South,Mobile App,SP_021,8,108.38,0.0,867.04,313.38,1,M,0
TXN002660,2021-11-12,2021,11,4,Friday,Sports,East,Mobile App,SP_040,6,93.81,0.1,506.57,180.83,0,M,1
TXN003452,2021-11-12,2021,11,4,Friday,Sports,West,Online,SP_009,10,103.91,0.0,1039.1,378.67,0,L,0
TXN002948,2021-11-12,2021,11,4,Friday,Sports,South,Wholesale,SP_012,2,102.67,0.0,205.34,75.28,0,S,0
TXN002847,2021-11-12,2021,11,4,Friday,Home Goods,Central,Retail Store,SP_012,10,121.86,0.0,1218.6,594.56,0,L,0
TXN003510,2021-11-12,2021,11,4,Friday,Clothing,East,Wholesale,SP_017,8,80.91,0.0,647.28,346.19,0,M,0
TXN004531,2021-11-12,2021,11,4,Friday,Clothing,South,Retail Store,SP_002,5,74.45,0.0,372.25,176.05,0,S,0
TXN003785,2021-11-13,2021,11,4,Saturday,Sports,North,Mobile App,SP_039,8,82.5,0.05,627.0,263.27,0,M,1
TXN002777,2021-11-13,2021,11,4,Saturday,Books,Central,Mobile App,SP_012,5,24.79,0.1,111.55,84.33,0,XS,1
TXN001831,2021-11-13,2021,11,4,Saturday,Clothing,South,Wholesale,SP_025,7,73.36,0.0,513.52,292.26,1,M,0
TXN002095,2021-11-14,2021,11,4,Sunday,Books,North,Retail Store,SP_029,10,26.33,0.0,263.3,151.48,0,S,0
TXN001076,2021-11-14,2021,11,4,Sunday,Sports,Central,Online,SP_019,5,98.44,0.05,467.59,171.99,1,S,1
TXN000591,2021-11-14,2021,11,4,Sunday,Electronics,South,Wholesale,SP_039,14,440.48,0.0,6166.72,1706.45,0,XL,0
TXN003546,2021-11-15,2021,11,4,Monday,Electronics,West,Mobile App,SP_006,14,393.09,0.0,5503.26,1544.56,0,XL,0
TXN004063,2021-11-15,2021,11,4,Monday,Electronics,East,Online,SP_023,9,485.94,0.0,4373.46,1420.06,0,L,0
TXN003743,2021-11-15,2021,11,4,Monday,Electronics,South,Mobile App,SP_034,10,408.51,0.1,3676.59,1141.19,0,L,1
TXN003186,2021-11-15,2021,11,4,Monday,Home Goods,Central,Online,SP_033,1,102.5,0.0,102.5,40.89,0,XS,0
TXN002559,2021-11-16,2021,11,4,Tuesday,Electronics,South,Mobile App,SP_004,18,446.79,0.05,7640.11,2293.78,0,XL,1
TXN003767,2021-11-16,2021,11,4,Tuesday,Electronics,Central,Wholesale,SP_021,11,517.39,0.0,5691.29,1533.23,0,XL,0
TXN003681,2021-11-16,2021,11,4,Tuesday,Sports,West,Retail Store,SP_024,5,88.55,0.05,420.61,169.57,1,S,1
TXN004178,2021-11-16,2021,11,4,Tuesday,Electronics,East,Retail Store,SP_036,10,419.44,0.1,3774.96,1158.79,0,L,1
TXN002025,2021-11-16,2021,11,4,Tuesday,Sports,Central,Retail Store,SP_010,7,84.95,0.05,564.92,187.84,0,M,1
TXN002049,2021-11-16,2021,11,4,Tuesday,Books,West,Wholesale,SP_007,4,22.38,0.05,85.04,45.2,1,XS,1
TXN001834,2021-11-16,2021,11,4,Tuesday,Books,Central,Wholesale,SP_034,11,22.22,0.0,244.42,172.97,0,S,0
TXN002023,2021-11-17,2021,11,4,Wednesday,Sports,Central,Mobile App,SP_012,5,91.78,0.15,390.06,160.12,1,S,1
TXN003634,2021-11-17,2021,11,4,Wednesday,Sports,West,Retail Store,SP_036,9,82.7,0.15,632.66,223.27,0,M,1
TXN004128,2021-11-17,2021,11,4,Wednesday,Sports,West,Wholesale,SP_008,7,90.86,0.1,572.42,207.01,0,M,1
TXN001130,2021-11-18,2021,11,4,Thursday,Books,East,Online,SP_039,12,24.16,0.15,246.43,165.06,1,S,1
TXN000765,2021-11-18,2021,11,4,Thursday,Electronics,East,Wholesale,SP_023,11,433.27,0.05,4527.67,1492.19,0,L,1
TXN004080,2021-11-18,2021,11,4,Thursday,Electronics,Central,Wholesale,SP_037,16,386.93,0.05,5881.34,1344.33,0,XL,1
TXN004467,2021-11-18,2021,11,4,Thursday,Books,East,Wholesale,SP_022,6,22.33,0.0,133.98,98.73,0,XS,0
TXN003019,2021-11-18,2021,11,4,Thursday,Sports,East,Retail Store,SP_040,8,87.15,0.0,697.2,270.44,0,M,0
TXN002756,2021-11-18,2021,11,4,Thursday,Home Goods,East,Online,SP_014,9,118.4,0.0,1065.6,512.81,0,L,0
TXN004744,2021-11-18,2021,11,4,Thursday,Electronics,Central,Online,SP_036,16,472.2,0.2,6044.16,1930.21,0,XL,1
TXN003722,2021-11-18,2021,11,4,Thursday,Books,South,Retail Store,SP_002,7,27.75,0.0,194.25,103.44,0,XS,0
TXN004778,2021-11-19,2021,11,4,Friday,Sports,East,Online,SP_021,12,104.94,0.0,1259.28,452.97,1,L,0
TXN003628,2021-11-19,2021,11,4,Friday,Home Goods,South,Online,SP_040,8,104.69,0.15,711.89,314.47,0,M,1
TXN000143,2021-11-20,2021,11,4,Saturday,Electronics,West,Wholesale,SP_038,8,390.3,0.0,3122.4,942.48,0,L,0
TXN000736,2021-11-20,2021,11,4,Saturday,Books,Central,Mobile App,SP_023,5,25.41,0.15,107.99,71.85,0,XS,1
TXN002031,2021-11-21,2021,11,4,Sunday,Books,Central,Mobile App,SP_018,7,27.71,0.1,174.57,99.97,0,XS,1
TXN003069,2021-11-21,2021,11,4,Sunday,Books,Central,Mobile App,SP_025,7,25.12,0.05,167.05,97.96,0,XS,1
TXN002344,2021-11-22,2021,11,4,Monday,Sports,West,Online,SP_011,5,100.25,0.0,501.25,215.68,0,M,0
TXN002791,2021-11-22,2021,11,4,Monday,Books,Central,Retail Store,SP_008,9,27.98,0.15,214.05,116.88,1,S,1
TXN003429,2021-11-22,2021,11,4,Monday,Clothing,North,Wholesale,SP_015,12,77.2,0.05,880.08,540.04,0,M,1
TXN004487,2021-11-22,2021,11,4,Monday,Home Goods,East,Mobile App,SP_012,10,121.68,0.05,1155.96,566.0,0,L,1
TXN003529,2021-11-22,2021,11,4,Monday,Clothing,North,Retail Store,SP_039,8,85.83,0.0,686.64,436.39,0,M,0
TXN001231,2021-11-22,2021,11,4,Monday,Books,Central,Wholesale,SP_038,5,22.64,0.0,113.2,81.38,0,XS,0
TXN003150,2021-11-23,2021,11,4,Tuesday,Books,North,Retail Store,SP_036,14,24.3,0.1,306.18,170.96,1,S,1
TXN004545,2021-11-23,2021,11,4,Tuesday,Clothing,West,Online,SP_004,6,68.28,0.15,348.23,178.53,1,S,1
TXN002129,2021-11-23,2021,11,4,Tuesday,Books,South,Retail Store,SP_026,7,25.43,0.0,178.01,135.88,0,XS,0
TXN001820,2021-11-23,2021,11,4,Tuesday,Clothing,West,Online,SP_001,10,73.63,0.1,662.67,398.19,0,M,1
TXN002909,2021-11-23,2021,11,4,Tuesday,Clothing,South,Retail Store,SP_034,3,68.14,0.2,163.54,97.29,0,XS,1
TXN004767,2021-11-23,2021,11,4,Tuesday,Books,South,Mobile App,SP_009,6,26.73,0.15,136.32,96.6,0,XS,1
TXN000016,2021-11-24,2021,11,4,Wednesday,Sports,Central,Online,SP_025,5,107.1,0.0,535.5,234.2,0,M,0
TXN002030,2021-11-24,2021,11,4,Wednesday,Clothing,South,Mobile App,SP_008,4,78.29,0.05,297.5,150.08,0,S,1
TXN003926,2021-11-24,2021,11,4,Wednesday,Clothing,North,Online,SP_016,10,74.33,0.05,706.13,449.36,0,M,1
TXN002941,2021-11-24,2021,11,4,Wednesday,Books,East,Mobile App,SP_015,9,22.78,0.0,205.02,145.05,0,S,0
TXN000304,2021-11-24,2021,11,4,Wednesday,Sports,Central,Wholesale,SP_008,5,105.66,0.05,501.88,171.62,0,M,1
TXN002645,2021-11-25,2021,11,4,Thursday,Clothing,North,Retail Store,SP_010,8,77.69,0.0,621.52,375.19,0,M,0
TXN004459,2021-11-25,2021,11,4,Thursday,Clothing,South,Online,SP_001,8,65.59,0.05,498.48,293.67,0,S,1
TXN001034,2021-11-25,2021,11,4,Thursday,Sports,East,Mobile App,SP_003,5,81.7,0.0,408.5,130.67,1,S,0
TXN001303,2021-11-25,2021,11,4,Thursday,Home Goods,West,Wholesale,SP_015,5,131.11,0.1,590.0,246.92,0,M,1
TXN001922,2021-11-25,2021,11,4,Thursday,Clothing,West,Retail Store,SP_027,8,63.85,0.0,510.8,297.76,1,M,0
TXN001036,2021-11-25,2021,11,4,Thursday,Home Goods,Central,Online,SP_023,7,123.65,0.05,822.27,369.06,0,M,1
TXN004466,2021-11-25,2021,11,4,Thursday,Sports,Central,Mobile App,SP_014,6,97.71,0.05,556.95,189.65,0,M,1
TXN000943,2021-11-26,2021,11,4,Friday,Books,East,Retail Store,SP_012,7,27.66,0.1,174.26,91.63,0,XS,1
TXN002964,2021-11-26,2021,11,4,Friday,Books,South,Online,SP_036,6,26.61,0.0,159.66,88.4,1,XS,0
TXN000120,2021-11-26,2021,11,4,Friday,Home Goods,West,Mobile App,SP_019,6,136.74,0.1,738.4,248.72,0,M,1
TXN002008,2021-11-26,2021,11,4,Friday,Clothing,Central,Wholesale,SP_004,5,65.15,0.0,325.75,172.16,1,S,0
TXN000583,2021-11-26,2021,11,4,Friday,Home Goods,East,Retail Store,SP_004,7,113.52,0.1,715.18,290.98,0,M,1
TXN003576,2021-11-27,2021,11,4,Saturday,Clothing,North,Online,SP_026,6,76.76,0.05,437.53,272.89,1,S,1
TXN001451,2021-11-27,2021,11,4,Saturday,Electronics,East,Wholesale,SP_023,23,433.75,0.0,9976.25,2948.24,1,XL,0
TXN001966,2021-11-27,2021,11,4,Saturday,Clothing,South,Retail Store,SP_012,5,70.71,0.0,353.55,160.22,0,S,0
TXN001280,2021-11-27,2021,11,4,Saturday,Electronics,North,Online,SP_025,19,414.07,0.0,7867.33,1832.7,0,XL,0
TXN003845,2021-11-27,2021,11,4,Saturday,Sports,West,Retail Store,SP_038,3,85.52,0.0,256.56,109.87,0,S,0
TXN002560,2021-11-28,2021,11,4,Sunday,Sports,South,Mobile App,SP_018,7,106.73,0.0,747.11,316.05,0,M,0
TXN003222,2021-11-28,2021,11,4,Sunday,Books,South,Wholesale,SP_017,5,22.57,0.1,101.56,62.78,0,XS,1
TXN004642,2021-11-28,2021,11,4,Sunday,Clothing,Central,Wholesale,SP_021,8,70.87,0.05,538.61,321.59,0,M,1
TXN002441,2021-11-29,2021,11,4,Monday,Electronics,West,Retail Store,SP_026,12,439.57,0.1,4747.36,1416.52,0,L,1
TXN003198,2021-11-29,2021,11,4,Monday,Electronics,West,Online,SP_025,6,485.42,0.05,2766.89,831.67,0,L,1
TXN000299,2021-11-29,2021,11,4,Monday,Sports,East,Retail Store,SP_001,6,94.65,0.1,511.11,161.77,0,M,1
TXN003717,2021-11-29,2021,11,4,Monday,Home Goods,South,Wholesale,SP_029,5,137.67,0.0,688.35,317.75,0,M,0
TXN002541,2021-11-30,2021,11,4,Tuesday,Clothing,Central,Online,SP_002,7,65.37,0.1,411.83,268.16,0,S,1
TXN001071,2021-11-30,2021,11,4,Tuesday,Sports,West,Wholesale,SP_010,9,102.25,0.0,920.25,380.7,0,M,0
TXN000971,2021-11-30,2021,11,4,Tuesday,Electronics,South,Retail Store,SP_033,17,422.15,0.0,7176.55,1941.68,1,XL,0
TXN004307,2021-12-01,2021,12,4,Wednesday,Home Goods,West,Retail Store,SP_026,4,129.8,0.0,519.2,216.63,1,M,0
TXN003162,2021-12-01,2021,12,4,Wednesday,Home Goods,North,Retail Store,SP_030,5,130.28,0.1,586.26,258.62,0,M,1
TXN000515,2021-12-01,2021,12,4,Wednesday,Home Goods,North,Wholesale,SP_002,7,129.93,0.0,909.51,357.35,1,M,0
TXN004634,2021-12-01,2021,12,4,Wednesday,Home Goods,North,Retail Store,SP_022,5,110.98,0.0,554.9,215.25,0,M,0
TXN000788,2021-12-02,2021,12,4,Thursday,Electronics,North,Online,SP_029,5,452.95,0.05,2151.51,641.87,1,L,1
TXN002448,2021-12-03,2021,12,4,Friday,Electronics,North,Retail Store,SP_001,23,469.36,0.0,10795.28,2941.14,1,XL,0
TXN001534,2021-12-03,2021,12,4,Friday,Home Goods,Central,Online,SP_010,7,129.43,0.05,860.71,365.04,1,M,1
TXN002102,2021-12-03,2021,12,4,Friday,Sports,South,Retail Store,SP_035,3,93.35,0.0,280.05,117.35,0,S,0
TXN002128,2021-12-03,2021,12,4,Friday,Electronics,East,Retail Store,SP_039,15,398.76,0.0,5981.4,1941.06,0,XL,0
TXN002653,2021-12-04,2021,12,4,Saturday,Electronics,South,Wholesale,SP_015,9,513.44,0.1,4158.86,1223.58,0,L,1
TXN003798,2021-12-04,2021,12,4,Saturday,Home Goods,South,Wholesale,SP_020,3,114.04,0.05,325.01,145.57,0,S,1
TXN004896,2021-12-04,2021,12,4,Saturday,Books,West,Mobile App,SP_002,5,27.47,0.0,137.35,78.57,0,XS,0
TXN004909,2021-12-04,2021,12,4,Saturday,Sports,Central,Wholesale,SP_029,9,102.02,0.0,918.18,356.55,0,M,0
TXN002493,2021-12-04,2021,12,4,Saturday,Electronics,South,Wholesale,SP_038,17,507.29,0.0,8623.93,2818.86,0,XL,0
TXN004184,2021-12-04,2021,12,4,Saturday,Sports,East,Retail Store,SP_028,11,83.68,0.05,874.46,269.8,0,M,1
TXN004812,2021-12-05,2021,12,4,Sunday,Home Goods,South,Wholesale,SP_015,8,131.25,0.0,1050.0,438.59,0,L,0
TXN003316,2021-12-05,2021,12,4,Sunday,Home Goods,East,Wholesale,SP_015,9,116.84,0.0,1051.56,458.37,0,L,0
TXN001393,2021-12-05,2021,12,4,Sunday,Sports,Central,Mobile App,SP_036,7,81.34,0.1,512.44,186.59,0,M,1
TXN000413,2021-12-05,2021,12,4,Sunday,Electronics,West,Wholesale,SP_015,13,428.8,0.05,5295.68,1591.85,1,XL,1
TXN000024,2021-12-05,2021,12,4,Sunday,Home Goods,Central,Mobile App,SP_014,3,131.61,0.15,335.61,133.07,0,S,1
TXN004152,2021-12-05,2021,12,4,Sunday,Home Goods,South,Online,SP_028,8,121.17,0.15,823.96,352.99,0,M,1
TXN002111,2021-12-05,2021,12,4,Sunday,Sports,West,Wholesale,SP_016,8,106.96,0.0,855.68,358.9,1,M,0
TXN004672,2021-12-05,2021,12,4,Sunday,Books,North,Retail Store,SP_033,13,21.53,0.0,279.89,163.48,1,S,0
TXN002225,2021-12-06,2021,12,4,Monday,Electronics,North,Retail Store,SP_036,10,435.55,0.0,4355.5,1396.56,1,L,0
TXN003286,2021-12-06,2021,12,4,Monday,Home Goods,West,Wholesale,SP_028,11,128.09,0.0,1408.99,581.66,0,L,0
TXN000214,2021-12-06,2021,12,4,Monday,Sports,North,Mobile App,SP_024,3,88.76,0.1,239.65,102.12,0,S,1
TXN000483,2021-12-07,2021,12,4,Tuesday,Sports,West,Mobile App,SP_023,9,100.04,0.05,855.34,299.23,1,M,1
TXN003824,2021-12-07,2021,12,4,Tuesday,Sports,South,Wholesale,SP_001,1,102.81,0.0,102.81,38.24,1,XS,0
TXN004068,2021-12-07,2021,12,4,Tuesday,Clothing,Central,Mobile App,SP_015,6,69.85,0.1,377.19,207.34,0,S,1
TXN002662,2021-12-07,2021,12,4,Tuesday,Sports,South,Online,SP_013,6,90.48,0.15,461.45,189.04,0,S,1
TXN004709,2021-12-07,2021,12,4,Tuesday,Sports,North,Wholesale,SP_022,5,99.43,0.0,497.15,187.64,0,S,0
TXN003089,2021-12-08,2021,12,4,Wednesday,Electronics,East,Online,SP_011,13,454.88,0.15,5026.42,1263.05,0,XL,1
TXN003887,2021-12-08,2021,12,4,Wednesday,Sports,East,Retail Store,SP_030,11,83.12,0.1,822.89,340.98,1,M,1
TXN003896,2021-12-08,2021,12,4,Wednesday,Sports,East,Online,SP_012,6,94.97,0.1,512.84,214.87,1,M,1
TXN003328,2021-12-08,2021,12,4,Wednesday,Books,North,Online,SP_034,4,27.05,0.0,108.2,57.97,1,XS,0
TXN003801,2021-12-08,2021,12,4,Wednesday,Sports,West,Mobile App,SP_030,9,94.43,0.15,722.39,318.45,0,M,1
TXN001155,2021-12-09,2021,12,4,Thursday,Electronics,North,Mobile App,SP_018,8,474.09,0.05,3603.08,1101.71,0,L,1
TXN001978,2021-12-09,2021,12,4,Thursday,Electronics,West,Retail Store,SP_039,14,457.19,0.0,6400.66,1596.65,0,XL,0
TXN002337,2021-12-09,2021,12,4,Thursday,Electronics,West,Retail Store,SP_027,6,463.22,0.15,2362.42,545.59,1,L,1
TXN000499,2021-12-09,2021,12,4,Thursday,Clothing,South,Retail Store,SP_003,7,68.71,0.05,456.92,217.59,0,S,1
TXN002542,2021-12-09,2021,12,4,Thursday,Books,East,Online,SP_006,6,25.18,0.0,151.08,107.81,0,XS,0
TXN000865,2021-12-09,2021,12,4,Thursday,Clothing,Central,Wholesale,SP_004,4,68.86,0.05,261.67,168.63,0,S,1
TXN002821,2021-12-09,2021,12,4,Thursday,Clothing,North,Online,SP_024,3,72.29,0.1,195.18,89.84,0,XS,1
TXN004623,2021-12-10,2021,12,4,Friday,Clothing,South,Online,SP_014,3,66.23,0.15,168.89,84.35,0,XS,1
TXN002514,2021-12-10,2021,12,4,Friday,Home Goods,East,Retail Store,SP_005,11,126.36,0.05,1320.46,550.56,0,L,1
TXN002206,2021-12-10,2021,12,4,Friday,Clothing,North,Retail Store,SP_039,4,76.53,0.1,275.51,138.2,1,S,1
TXN004298,2021-12-10,2021,12,4,Friday,Sports,West,Retail Store,SP_009,2,103.0,0.0,206.0,87.16,0,S,0
TXN001250,2021-12-10,2021,12,4,Friday,Clothing,North,Mobile App,SP_033,4,75.99,0.0,303.96,183.2,0,S,0
TXN000460,2021-12-11,2021,12,4,Saturday,Books,West,Mobile App,SP_032,4,25.9,0.0,103.6,68.55,0,XS,0
TXN001729,2021-12-11,2021,12,4,Saturday,Electronics,South,Retail Store,SP_006,5,401.24,0.15,1705.27,513.7,0,L,1
TXN001063,2021-12-11,2021,12,4,Saturday,Books,East,Retail Store,SP_038,6,24.54,0.2,117.79,78.16,1,XS,1
TXN002738,2021-12-11,2021,12,4,Saturday,Electronics,West,Wholesale,SP_015,14,420.51,0.0,5887.14,1590.17,0,XL,0
TXN004704,2021-12-12,2021,12,4,Sunday,Books,West,Mobile App,SP_026,7,23.94,0.0,167.58,111.78,0,XS,0
TXN001972,2021-12-12,2021,12,4,Sunday,Electronics,Central,Online,SP_001,9,424.3,0.0,3818.7,1148.53,0,L,0
TXN003313,2021-12-12,2021,12,4,Sunday,Home Goods,Central,Retail Store,SP_029,3,130.36,0.0,391.08,172.54,0,S,0
TXN002860,2021-12-12,2021,12,4,Sunday,Sports,South,Online,SP_005,11,81.95,0.05,856.38,299.87,0,M,1
TXN000258,2021-12-12,2021,12,4,Sunday,Books,Central,Retail Store,SP_011,9,26.51,0.1,214.73,149.63,0,S,1
TXN003337,2021-12-13,2021,12,4,Monday,Books,Central,Mobile App,SP_026,10,23.04,0.0,230.4,152.45,0,S,0
TXN002038,2021-12-13,2021,12,4,Monday,Home Goods,East,Retail Store,SP_033,5,111.91,0.0,559.55,243.93,0,M,0
TXN003101,2021-12-14,2021,12,4,Tuesday,Electronics,South,Online,SP_003,15,442.61,0.05,6307.19,1859.43,0,XL,1
TXN003953,2021-12-15,2021,12,4,Wednesday,Clothing,Central,Retail Store,SP_018,10,77.77,0.05,738.81,417.5,0,M,1
TXN004510,2021-12-15,2021,12,4,Wednesday,Sports,South,Mobile App,SP_022,2,81.45,0.0,162.9,58.21,0,XS,0
TXN004480,2021-12-15,2021,12,4,Wednesday,Books,North,Retail Store,SP_019,1,23.93,0.0,23.93,13.06,0,XS,0
TXN000695,2021-12-16,2021,12,4,Thursday,Electronics,North,Wholesale,SP_021,11,416.94,0.15,3898.39,928.7,0,L,1
TXN004568,2021-12-16,2021,12,4,Thursday,Electronics,West,Mobile App,SP_007,17,407.87,0.1,6240.41,1477.12,1,XL,1
TXN000790,2021-12-16,2021,12,4,Thursday,Home Goods,Central,Retail Store,SP_011,10,134.48,0.15,1143.08,552.25,1,L,1
TXN003119,2021-12-16,2021,12,4,Thursday,Sports,Central,Mobile App,SP_019,8,100.94,0.1,726.77,285.55,0,M,1
TXN002463,2021-12-17,2021,12,4,Friday,Clothing,South,Wholesale,SP_021,4,76.12,0.1,274.03,180.52,1,S,1
TXN001517,2021-12-17,2021,12,4,Friday,Books,East,Mobile App,SP_016,3,23.4,0.05,66.69,36.64,0,XS,1
TXN004462,2021-12-17,2021,12,4,Friday,Electronics,North,Mobile App,SP_034,18,414.32,0.05,7084.87,1653.87,1,XL,1
TXN002209,2021-12-18,2021,12,4,Saturday,Home Goods,Central,Online,SP_033,4,135.74,0.05,515.81,218.18,1,M,1
TXN001942,2021-12-19,2021,12,4,Sunday,Sports,North,Wholesale,SP_023,2,101.52,0.05,192.89,68.27,0,XS,1
TXN003507,2021-12-19,2021,12,4,Sunday,Home Goods,West,Mobile App,SP_018,12,130.62,0.0,1567.44,733.72,1,L,0
TXN001747,2021-12-20,2021,12,4,Monday,Sports,North,Wholesale,SP_039,2,86.56,0.0,173.12,72.71,0,XS,0
TXN000461,2021-12-20,2021,12,4,Monday,Home Goods,South,Retail Store,SP_018,5,116.07,0.0,580.35,290.2,0,M,0
TXN002066,2021-12-20,2021,12,4,Monday,Clothing,Central,Retail Store,SP_014,4,66.57,0.0,266.28,120.99,0,S,0
TXN000248,2021-12-20,2021,12,4,Monday,Sports,North,Wholesale,SP_023,9,103.16,0.1,835.6,347.31,0,M,1
TXN001324,2021-12-20,2021,12,4,Monday,Sports,North,Mobile App,SP_025,6,91.18,0.0,547.08,239.52,0,M,0
TXN001566,2021-12-21,2021,12,4,Tuesday,Books,West,Wholesale,SP_038,3,22.93,0.0,68.79,37.67,0,XS,0
TXN002515,2021-12-21,2021,12,4,Tuesday,Books,North,Retail Store,SP_013,5,24.08,0.1,108.36,59.35,1,XS,1
TXN003902,2021-12-21,2021,12,4,Tuesday,Clothing,East,Retail Store,SP_034,2,81.02,0.15,137.73,63.14,0,XS,1
TXN000744,2021-12-21,2021,12,4,Tuesday,Sports,Central,Online,SP_039,3,85.7,0.05,244.25,109.81,1,S,1
TXN002952,2021-12-21,2021,12,4,Tuesday,Electronics,East,Wholesale,SP_033,14,435.61,0.1,5488.69,1327.0,0,XL,1
TXN001748,2021-12-21,2021,12,4,Tuesday,Electronics,East,Wholesale,SP_036,15,457.81,0.0,6867.15,1897.0,0,XL,0
TXN004663,2021-12-21,2021,12,4,Tuesday,Books,South,Mobile App,SP_015,8,23.87,0.0,190.96,107.89,0,XS,0
TXN001433,2021-12-22,2021,12,4,Wednesday,Books,South,Online,SP_026,13,21.28,0.1,248.98,141.64,0,S,1
TXN004732,2021-12-22,2021,12,4,Wednesday,Clothing,East,Wholesale,SP_010,4,63.8,0.1,229.68,124.56,0,S,1
TXN000197,2021-12-22,2021,12,4,Wednesday,Books,South,Online,SP_012,6,23.46,0.2,112.61,72.79,0,XS,1
TXN001266,2021-12-22,2021,12,4,Wednesday,Books,Central,Retail Store,SP_016,7,21.68,0.05,144.17,81.96,0,XS,1
TXN000469,2021-12-22,2021,12,4,Wednesday,Clothing,South,Wholesale,SP_023,5,69.54,0.15,295.55,138.86,1,S,1
TXN001161,2021-12-22,2021,12,4,Wednesday,Sports,Central,Mobile App,SP_026,2,97.54,0.05,185.33,63.5,0,XS,1
TXN000847,2021-12-22,2021,12,4,Wednesday,Sports,South,Retail Store,SP_036,8,106.68,0.0,853.44,372.36,0,M,0
TXN004630,2021-12-22,2021,12,4,Wednesday,Clothing,South,Mobile App,SP_032,4,72.12,0.05,274.06,138.17,0,S,1
TXN000063,2021-12-23,2021,12,4,Thursday,Books,Central,Wholesale,SP_026,8,23.11,0.05,175.64,125.31,1,XS,1
TXN002856,2021-12-23,2021,12,4,Thursday,Electronics,East,Online,SP_028,13,414.35,0.2,4309.24,1328.37,0,L,1
TXN002125,2021-12-23,2021,12,4,Thursday,Books,West,Wholesale,SP_030,7,23.77,0.2,133.11,81.34,0,XS,1
TXN002466,2021-12-23,2021,12,4,Thursday,Electronics,Central,Retail Store,SP_021,13,472.26,0.05,5832.41,1673.59,0,XL,1
TXN004598,2021-12-24,2021,12,4,Friday,Books,South,Mobile App,SP_007,6,24.79,0.05,141.3,103.61,0,XS,1
TXN000904,2021-12-24,2021,12,4,Friday,Books,North,Retail Store,SP_032,3,27.81,0.05,79.26,53.87,1,XS,1
TXN003320,2021-12-24,2021,12,4,Friday,Electronics,West,Wholesale,SP_016,17,395.3,0.0,6720.1,1600.41,0,XL,0
TXN003997,2021-12-24,2021,12,4,Friday,Clothing,West,Mobile App,SP_025,3,65.35,0.05,186.25,96.68,0,XS,1
TXN000552,2021-12-24,2021,12,4,Friday,Electronics,East,Wholesale,SP_021,5,431.82,0.05,2051.14,652.8,1,L,1
TXN002015,2021-12-24,2021,12,4,Friday,Sports,East,Retail Store,SP_024,7,81.45,0.1,513.13,201.21,0,M,1
TXN000324,2021-12-25,2021,12,4,Saturday,Sports,Central,Mobile App,SP_004,5,92.65,0.2,370.6,119.22,0,S,1
TXN000232,2021-12-25,2021,12,4,Saturday,Sports,West,Retail Store,SP_009,1,93.51,0.0,93.51,30.34,0,XS,0
TXN002576,2021-12-25,2021,12,4,Saturday,Electronics,South,Online,SP_002,22,451.24,0.05,9430.92,2402.59,0,XL,1
TXN003365,2021-12-25,2021,12,4,Saturday,Sports,South,Wholesale,SP_018,7,93.76,0.0,656.32,257.71,0,M,0
TXN004442,2021-12-25,2021,12,4,Saturday,Sports,Central,Retail Store,SP_030,9,106.2,0.05,908.01,281.35,0,M,1
TXN002005,2021-12-26,2021,12,4,Sunday,Home Goods,West,Retail Store,SP_004,7,116.79,0.0,817.53,306.69,1,M,0
TXN003155,2021-12-26,2021,12,4,Sunday,Clothing,South,Mobile App,SP_005,7,83.04,0.0,581.28,369.85,1,M,0
TXN000432,2021-12-26,2021,12,4,Sunday,Electronics,North,Retail Store,SP_001,8,512.95,0.0,4103.6,1365.06,0,L,0
TXN003943,2021-12-27,2021,12,4,Monday,Sports,West,Retail Store,SP_014,4,86.88,0.0,347.52,106.71,0,S,0
TXN000839,2021-12-27,2021,12,4,Monday,Home Goods,West,Online,SP_039,7,112.65,0.0,788.55,359.94,0,M,0
TXN000697,2021-12-29,2021,12,4,Wednesday,Books,Central,Mobile App,SP_037,7,23.95,0.05,159.27,88.03,0,XS,1
TXN001743,2021-12-29,2021,12,4,Wednesday,Clothing,North,Mobile App,SP_008,6,67.15,0.0,402.9,250.28,0,S,0
TXN001000,2021-12-29,2021,12,4,Wednesday,Books,East,Retail Store,SP_032,7,27.26,0.05,181.28,130.64,0,XS,1
TXN003299,2021-12-30,2021,12,4,Thursday,Clothing,South,Wholesale,SP_030,7,70.77,0.0,495.39,223.95,0,S,0
TXN001976,2021-12-30,2021,12,4,Thursday,Books,South,Mobile App,SP_002,9,25.75,0.05,220.16,136.01,0,S,1
TXN004002,2021-12-30,2021,12,4,Thursday,Books,South,Wholesale,SP_027,7,22.07,0.0,154.49,107.16,0,XS,0
TXN004153,2021-12-31,2021,12,4,Friday,Books,South,Wholesale,SP_037,7,26.81,0.05,178.29,117.42,0,XS,1
TXN002830,2021-12-31,2021,12,4,Friday,Clothing,North,Wholesale,SP_012,1,82.26,0.0,82.26,53.64,0,XS,0
TXN004640,2022-01-01,2022,1,1,Saturday,Books,North,Retail Store,SP_019,13,22.41,0.05,276.76,178.47,0,S,1
TXN001669,2022-01-01,2022,1,1,Saturday,Clothing,North,Retail Store,SP_028,8,73.04,0.05,555.1,329.31,0,M,1
TXN001198,2022-01-01,2022,1,1,Saturday,Clothing,North,Retail Store,SP_017,8,82.39,0.15,560.25,304.86,1,M,1
TXN003995,2022-01-02,2022,1,1,Sunday,Sports,North,Online,SP_002,12,89.21,0.05,1016.99,431.94,0,L,1
TXN000734,2022-01-02,2022,1,1,Sunday,Books,Central,Mobile App,SP_007,9,24.62,0.1,199.42,126.52,0,XS,1
TXN002551,2022-01-02,2022,1,1,Sunday,Sports,East,Online,SP_010,14,93.43,0.1,1177.22,492.77,0,L,1
TXN002208,2022-01-02,2022,1,1,Sunday,Clothing,Central,Retail Store,SP_016,2,78.57,0.1,141.43,69.26,0,XS,1
TXN001212,2022-01-03,2022,1,1,Monday,Sports,South,Wholesale,SP_005,17,102.68,0.0,1745.56,718.21,1,L,0
TXN004759,2022-01-03,2022,1,1,Monday,Sports,Central,Retail Store,SP_004,13,89.91,0.0,1168.83,497.82,0,L,0
TXN000441,2022-01-03,2022,1,1,Monday,Clothing,Central,Online,SP_026,3,76.87,0.0,230.61,146.33,0,S,0
TXN002603,2022-01-04,2022,1,1,Tuesday,Clothing,West,Online,SP_020,5,74.91,0.05,355.82,173.4,1,S,1
TXN000872,2022-01-04,2022,1,1,Tuesday,Home Goods,Central,Online,SP_001,6,137.25,0.1,741.15,260.06,1,M,1
TXN002924,2022-01-04,2022,1,1,Tuesday,Clothing,East,Online,SP_038,5,86.21,0.1,387.94,235.14,0,S,1
TXN000637,2022-01-04,2022,1,1,Tuesday,Books,West,Online,SP_019,6,22.93,0.15,116.94,76.02,0,XS,1
TXN004373,2022-01-04,2022,1,1,Tuesday,Clothing,Central,Retail Store,SP_032,8,84.88,0.05,645.09,331.72,0,M,1
TXN001777,2022-01-04,2022,1,1,Tuesday,Sports,South,Wholesale,SP_020,10,101.35,0.0,1013.5,389.93,0,L,0
TXN004868,2022-01-04,2022,1,1,Tuesday,Electronics,East,Online,SP_022,3,479.1,0.1,1293.57,332.37,1,L,1
TXN003833,2022-01-04,2022,1,1,Tuesday,Books,North,Retail Store,SP_004,12,27.59,0.15,281.42,216.95,0,S,1
TXN000805,2022-01-04,2022,1,1,Tuesday,Books,South,Wholesale,SP_013,10,23.43,0.0,234.3,159.25,1,S,0
TXN003985,2022-01-05,2022,1,1,Wednesday,Home Goods,South,Retail Store,SP_011,7,104.73,0.1,659.8,279.14,0,M,1
TXN004020,2022-01-06,2022,1,1,Thursday,Clothing,East,Retail Store,SP_024,9,69.84,0.05,597.13,298.95,0,M,1
TXN003857,2022-01-06,2022,1,1,Thursday,Books,West,Mobile App,SP_023,11,25.74,0.05,268.98,156.89,0,S,1
TXN004601,2022-01-06,2022,1,1,Thursday,Sports,West,Mobile App,SP_040,14,91.79,0.15,1092.3,400.45,0,L,1
TXN004837,2022-01-07,2022,1,1,Friday,Sports,South,Online,SP_015,9,98.61,0.15,754.37,247.6,0,M,1
TXN001797,2022-01-07,2022,1,1,Friday,Home Goods,East,Online,SP_027,10,127.96,0.0,1279.6,447.66,0,L,0
TXN004915,2022-01-07,2022,1,1,Friday,Electronics,North,Mobile App,SP_016,6,485.17,0.05,2765.47,732.2,0,L,1
TXN004933,2022-01-07,2022,1,1,Friday,Electronics,Central,Mobile App,SP_008,8,417.21,0.0,3337.68,810.07,1,L,0
TXN001417,2022-01-07,2022,1,1,Friday,Sports,South,Wholesale,SP_040,10,107.52,0.1,967.68,305.77,0,M,1
TXN000182,2022-01-07,2022,1,1,Friday,Clothing,Central,Mobile App,SP_005,5,78.45,0.0,392.25,253.56,0,S,0
TXN000094,2022-01-08,2022,1,1,Saturday,Sports,South,Wholesale,SP_017,15,97.65,0.0,1464.75,574.44,0,L,0
TXN004103,2022-01-08,2022,1,1,Saturday,Home Goods,North,Mobile App,SP_023,7,135.92,0.1,856.3,431.37,0,M,1
TXN001042,2022-01-08,2022,1,1,Saturday,Sports,West,Retail Store,SP_002,9,90.07,0.15,689.04,265.72,0,M,1
TXN001974,2022-01-08,2022,1,1,Saturday,Books,South,Wholesale,SP_007,6,26.08,0.15,133.01,75.32,0,XS,1
TXN003534,2022-01-08,2022,1,1,Saturday,Books,South,Online,SP_024,10,22.69,0.0,226.9,143.13,0,S,0
TXN002523,2022-01-08,2022,1,1,Saturday,Sports,North,Mobile App,SP_012,17,101.52,0.0,1725.84,721.67,0,L,0
TXN002482,2022-01-09,2022,1,1,Sunday,Books,West,Mobile App,SP_038,6,21.71,0.0,130.26,70.5,1,XS,0
TXN003812,2022-01-09,2022,1,1,Sunday,Clothing,North,Online,SP_017,4,68.12,0.0,272.48,178.48,0,S,0
TXN001366,2022-01-09,2022,1,1,Sunday,Books,East,Online,SP_029,4,25.02,0.1,90.07,56.9,0,XS,1
TXN001145,2022-01-10,2022,1,1,Monday,Home Goods,North,Retail Store,SP_020,5,119.39,0.2,477.56,184.38,0,S,1
TXN002922,2022-01-10,2022,1,1,Monday,Home Goods,North,Mobile App,SP_024,6,107.61,0.05,613.38,292.17,0,M,1
TXN002742,2022-01-10,2022,1,1,Monday,Home Goods,Central,Wholesale,SP_029,8,103.61,0.05,787.44,384.47,0,M,1
TXN001841,2022-01-10,2022,1,1,Monday,Clothing,South,Mobile App,SP_012,6,73.5,0.0,441.0,283.52,0,S,0
TXN003593,2022-01-10,2022,1,1,Monday,Sports,West,Mobile App,SP_017,8,84.53,0.1,608.62,194.57,0,M,1
TXN002900,2022-01-11,2022,1,1,Tuesday,Clothing,West,Retail Store,SP_009,14,85.88,0.0,1202.32,590.36,0,L,0
TXN004088,2022-01-12,2022,1,1,Wednesday,Books,Central,Online,SP_010,6,28.36,0.05,161.65,95.07,0,XS,1
TXN001580,2022-01-12,2022,1,1,Wednesday,Clothing,Central,Wholesale,SP_040,4,83.96,0.1,302.26,168.04,0,S,1
TXN004247,2022-01-12,2022,1,1,Wednesday,Sports,North,Online,SP_004,11,105.75,0.15,988.76,440.54,0,M,1
TXN001466,2022-01-12,2022,1,1,Wednesday,Electronics,North,Mobile App,SP_022,6,391.57,0.2,1879.54,574.91,0,L,1
TXN000339,2022-01-12,2022,1,1,Wednesday,Books,North,Online,SP_005,8,26.78,0.15,182.1,111.76,0,XS,1
TXN003242,2022-01-13,2022,1,1,Thursday,Sports,East,Mobile App,SP_005,12,88.67,0.0,1064.04,440.32,0,L,0
TXN001383,2022-01-14,2022,1,1,Friday,Home Goods,West,Wholesale,SP_022,10,117.81,0.0,1178.1,530.47,1,L,0
TXN003987,2022-01-14,2022,1,1,Friday,Clothing,West,Wholesale,SP_020,5,68.8,0.15,292.4,140.22,1,S,1
TXN000100,2022-01-15,2022,1,1,Saturday,Clothing,South,Mobile App,SP_018,6,85.65,0.1,462.51,302.09,0,S,1
TXN000960,2022-01-16,2022,1,1,Sunday,Sports,East,Mobile App,SP_003,11,97.78,0.1,968.02,411.88,0,M,1
TXN003463,2022-01-16,2022,1,1,Sunday,Clothing,West,Mobile App,SP_006,3,68.61,0.05,195.54,117.71,0,XS,1
TXN004615,2022-01-16,2022,1,1,Sunday,Books,West,Online,SP_026,6,24.74,0.05,141.02,97.04,0,XS,1
TXN000707,2022-01-16,2022,1,1,Sunday,Electronics,East,Wholesale,SP_009,5,399.5,0.1,1797.75,584.53,0,L,1
TXN003108,2022-01-16,2022,1,1,Sunday,Electronics,North,Wholesale,SP_021,5,491.53,0.15,2089.0,537.01,0,L,1
TXN000391,2022-01-16,2022,1,1,Sunday,Sports,Central,Retail Store,SP_036,19,84.5,0.0,1605.5,660.13,0,L,0
TXN001511,2022-01-16,2022,1,1,Sunday,Home Goods,South,Online,SP_014,3,120.22,0.1,324.59,113.71,0,S,1
TXN004982,2022-01-17,2022,1,1,Monday,Electronics,West,Wholesale,SP_028,5,467.91,0.0,2339.55,570.27,0,L,0
TXN004626,2022-01-17,2022,1,1,Monday,Sports,South,Mobile App,SP_025,5,86.8,0.2,347.2,123.97,0,S,1
TXN002927,2022-01-17,2022,1,1,Monday,Electronics,South,Online,SP_006,7,400.67,0.2,2243.75,697.35,1,L,1
TXN000386,2022-01-18,2022,1,1,Tuesday,Home Goods,East,Retail Store,SP_030,5,132.93,0.0,664.65,279.16,0,M,0
TXN000722,2022-01-18,2022,1,1,Tuesday,Books,East,Wholesale,SP_030,6,28.29,0.0,169.74,96.47,0,XS,0
TXN002768,2022-01-18,2022,1,1,Tuesday,Electronics,East,Mobile App,SP_030,5,393.16,0.15,1670.93,556.11,0,L,1
TXN002474,2022-01-18,2022,1,1,Tuesday,Electronics,Central,Mobile App,SP_018,3,392.25,0.0,1176.75,356.3,1,L,0
TXN000494,2022-01-18,2022,1,1,Tuesday,Sports,North,Wholesale,SP_029,14,105.65,0.05,1405.14,477.67,0,L,1
TXN002055,2022-01-19,2022,1,1,Wednesday,Home Goods,South,Retail Store,SP_026,4,110.77,0.05,420.93,199.08,0,S,1
TXN001546,2022-01-19,2022,1,1,Wednesday,Home Goods,West,Retail Store,SP_001,4,127.65,0.1,459.54,193.87,0,S,1
TXN002328,2022-01-19,2022,1,1,Wednesday,Electronics,East,Mobile App,SP_017,13,399.08,0.1,4669.24,1312.59,0,L,1
TXN000392,2022-01-19,2022,1,1,Wednesday,Home Goods,West,Online,SP_023,6,108.06,0.2,518.69,247.17,0,M,1
TXN001776,2022-01-20,2022,1,1,Thursday,Electronics,South,Wholesale,SP_028,7,411.82,0.0,2882.74,885.78,0,L,0
TXN002307,2022-01-20,2022,1,1,Thursday,Sports,Central,Retail Store,SP_004,17,90.07,0.05,1454.63,535.21,0,L,1
TXN001219,2022-01-20,2022,1,1,Thursday,Sports,West,Retail Store,SP_029,12,105.98,0.05,1208.17,433.69,0,L,1
TXN001981,2022-01-21,2022,1,1,Friday,Sports,North,Wholesale,SP_004,10,96.49,0.15,820.16,347.01,0,M,1
TXN004524,2022-01-21,2022,1,1,Friday,Clothing,South,Retail Store,SP_018,3,77.29,0.05,220.28,99.35,1,S,1
TXN004721,2022-01-22,2022,1,1,Saturday,Sports,West,Online,SP_001,14,85.9,0.1,1082.34,404.99,1,L,1
TXN004275,2022-01-22,2022,1,1,Saturday,Clothing,North,Wholesale,SP_033,9,65.26,0.2,469.87,249.77,1,S,1
TXN000318,2022-01-22,2022,1,1,Saturday,Electronics,North,Mobile App,SP_040,10,490.63,0.1,4415.67,1040.77,0,L,1
TXN000939,2022-01-23,2022,1,1,Sunday,Electronics,North,Retail Store,SP_034,9,446.02,0.05,3813.47,988.55,0,L,1
TXN000526,2022-01-24,2022,1,1,Monday,Home Goods,South,Mobile App,SP_023,5,116.48,0.05,553.28,190.66,0,M,1
TXN001996,2022-01-24,2022,1,1,Monday,Sports,East,Online,SP_026,15,85.29,0.0,1279.35,512.32,0,L,0
TXN003386,2022-01-24,2022,1,1,Monday,Books,North,Retail Store,SP_009,7,23.92,0.05,159.07,88.95,1,XS,1
TXN000890,2022-01-24,2022,1,1,Monday,Clothing,North,Retail Store,SP_002,3,77.52,0.1,209.3,99.76,0,S,1
TXN000030,2022-01-25,2022,1,1,Tuesday,Electronics,North,Mobile App,SP_023,7,509.43,0.05,3387.71,977.2,0,L,1
TXN002062,2022-01-25,2022,1,1,Tuesday,Clothing,Central,Retail Store,SP_003,7,70.7,0.1,445.41,245.32,0,S,1
TXN004472,2022-01-25,2022,1,1,Tuesday,Home Goods,South,Wholesale,SP_013,16,104.93,0.2,1343.1,483.1,0,L,1
TXN000282,2022-01-26,2022,1,1,Wednesday,Electronics,West,Wholesale,SP_027,8,415.1,0.0,3320.8,823.79,0,L,0
TXN001387,2022-01-26,2022,1,1,Wednesday,Clothing,West,Online,SP_005,10,80.2,0.15,681.7,427.5,0,M,1
TXN000128,2022-01-26,2022,1,1,Wednesday,Books,Central,Retail Store,SP_005,4,23.55,0.0,94.2,68.65,0,XS,0
TXN004320,2022-01-26,2022,1,1,Wednesday,Sports,South,Online,SP_016,8,95.92,0.0,767.36,285.96,1,M,0
TXN002114,2022-01-26,2022,1,1,Wednesday,Sports,East,Online,SP_018,5,82.62,0.05,392.44,155.25,1,S,1
TXN003526,2022-01-27,2022,1,1,Thursday,Home Goods,South,Online,SP_015,10,105.93,0.0,1059.3,495.24,0,L,0
TXN001737,2022-01-27,2022,1,1,Thursday,Sports,East,Retail Store,SP_001,17,98.27,0.0,1670.59,682.99,0,L,0
TXN000235,2022-01-27,2022,1,1,Thursday,Home Goods,East,Online,SP_022,10,134.68,0.0,1346.8,666.05,0,L,0
TXN002311,2022-01-27,2022,1,1,Thursday,Home Goods,South,Retail Store,SP_038,4,121.89,0.0,487.56,244.75,0,S,0
TXN002744,2022-01-27,2022,1,1,Thursday,Clothing,West,Online,SP_023,8,63.92,0.1,460.22,242.6,0,S,1
TXN001752,2022-01-27,2022,1,1,Thursday,Clothing,East,Online,SP_025,6,65.04,0.1,351.22,191.49,1,S,1
TXN000032,2022-01-28,2022,1,1,Friday,Clothing,Central,Mobile App,SP_009,4,70.09,0.05,266.34,124.11,0,S,1
TXN001855,2022-01-29,2022,1,1,Saturday,Sports,South,Retail Store,SP_040,14,90.24,0.1,1137.02,446.82,0,L,1
TXN001953,2022-01-29,2022,1,1,Saturday,Sports,South,Mobile App,SP_037,9,86.66,0.15,662.95,236.61,0,M,1
TXN002250,2022-01-29,2022,1,1,Saturday,Clothing,West,Mobile App,SP_007,5,71.06,0.0,355.3,162.11,0,S,0
TXN001184,2022-01-30,2022,1,1,Sunday,Electronics,North,Online,SP_039,5,435.32,0.1,1958.94,530.98,0,L,1
TXN004700,2022-01-30,2022,1,1,Sunday,Clothing,South,Online,SP_003,5,79.85,0.0,399.25,230.32,0,S,0
TXN002052,2022-01-30,2022,1,1,Sunday,Sports,South,Mobile App,SP_039,12,90.83,0.1,980.96,313.54,0,M,1
TXN001340,2022-01-30,2022,1,1,Sunday,Home Goods,Central,Retail Store,SP_027,10,120.41,0.1,1083.69,491.7,0,L,1
TXN002891,2022-01-30,2022,1,1,Sunday,Home Goods,West,Wholesale,SP_022,15,109.03,0.05,1553.68,628.57,0,L,1
TXN003264,2022-01-30,2022,1,1,Sunday,Clothing,East,Retail Store,SP_026,13,78.72,0.15,869.86,503.12,0,M,1
TXN000600,2022-01-30,2022,1,1,Sunday,Home Goods,Central,Online,SP_007,4,135.24,0.0,540.96,244.41,0,M,0
TXN000874,2022-01-31,2022,1,1,Monday,Electronics,North,Online,SP_004,2,447.85,0.15,761.35,253.96,0,M,1
TXN001164,2022-01-31,2022,1,1,Monday,Sports,North,Retail Store,SP_002,12,100.67,0.1,1087.24,405.92,0,L,1
TXN004082,2022-01-31,2022,1,1,Monday,Home Goods,North,Online,SP_019,3,119.42,0.1,322.43,114.59,1,S,1
TXN001505,2022-01-31,2022,1,1,Monday,Home Goods,South,Retail Store,SP_018,12,132.4,0.2,1271.04,570.99,1,L,1
TXN002436,2022-01-31,2022,1,1,Monday,Books,East,Online,SP_004,12,21.99,0.15,224.3,143.21,0,S,1
TXN000968,2022-02-01,2022,2,1,Tuesday,Clothing,North,Retail Store,SP_035,3,85.93,0.0,257.79,119.14,0,S,0
TXN004543,2022-02-01,2022,2,1,Tuesday,Clothing,South,Online,SP_039,7,84.12,0.0,588.84,278.55,0,M,0
TXN004934,2022-02-01,2022,2,1,Tuesday,Sports,South,Mobile App,SP_020,6,105.73,0.0,634.38,224.87,1,M,0
TXN001493,2022-02-01,2022,2,1,Tuesday,Books,South,Mobile App,SP_017,12,22.04,0.1,238.03,177.75,0,S,1
TXN001185,2022-02-01,2022,2,1,Tuesday,Books,South,Wholesale,SP_023,14,22.08,0.05,293.66,216.03,0,S,1
TXN000616,2022-02-01,2022,2,1,Tuesday,Home Goods,West,Mobile App,SP_022,5,124.41,0.05,590.95,219.19,0,M,1
TXN004758,2022-02-01,2022,2,1,Tuesday,Home Goods,East,Retail Store,SP_010,8,122.42,0.0,979.36,459.06,0,M,0
TXN001702,2022-02-02,2022,2,1,Wednesday,Books,East,Wholesale,SP_028,5,27.3,0.05,129.67,87.18,1,XS,1
TXN003244,2022-02-02,2022,2,1,Wednesday,Sports,North,Wholesale,SP_001,8,103.15,0.15,701.42,222.9,0,M,1
TXN002387,2022-02-02,2022,2,1,Wednesday,Books,East,Wholesale,SP_008,10,27.56,0.0,275.6,196.79,1,S,0
TXN003400,2022-02-02,2022,2,1,Wednesday,Sports,Central,Wholesale,SP_026,6,99.97,0.0,599.82,262.63,1,M,0
TXN003514,2022-02-02,2022,2,1,Wednesday,Electronics,Central,Wholesale,SP_018,7,414.57,0.0,2901.99,777.55,1,L,0
TXN000915,2022-02-02,2022,2,1,Wednesday,Home Goods,East,Retail Store,SP_022,6,105.49,0.0,632.94,250.01,0,M,0
TXN004034,2022-02-02,2022,2,1,Wednesday,Sports,South,Wholesale,SP_020,9,92.35,0.1,748.03,228.11,0,M,1
TXN000196,2022-02-02,2022,2,1,Wednesday,Home Goods,East,Retail Store,SP_016,5,134.88,0.0,674.4,296.0,0,M,0
TXN002375,2022-02-02,2022,2,1,Wednesday,Sports,South,Online,SP_026,7,86.96,0.0,608.72,255.68,1,M,0
TXN000068,2022-02-03,2022,2,1,Thursday,Sports,West,Mobile App,SP_016,4,92.1,0.0,368.4,142.09,0,S,0
TXN004267,2022-02-03,2022,2,1,Thursday,Clothing,Central,Online,SP_031,9,67.08,0.0,603.72,298.27,0,M,0
TXN002665,2022-02-03,2022,2,1,Thursday,Electronics,West,Retail Store,SP_021,3,434.52,0.1,1173.2,377.31,0,L,1
TXN003967,2022-02-03,2022,2,1,Thursday,Sports,North,Retail Store,SP_005,15,104.07,0.05,1483.0,655.52,0,L,1
TXN002020,2022-02-03,2022,2,1,Thursday,Books,East,Mobile App,SP_036,5,21.6,0.15,91.8,57.33,0,XS,1
TXN003653,2022-02-03,2022,2,1,Thursday,Clothing,South,Wholesale,SP_018,5,68.63,0.0,343.15,152.2,0,S,0
TXN000393,2022-02-04,2022,2,1,Friday,Sports,Central,Mobile App,SP_027,10,91.1,0.1,819.9,358.83,0,M,1
TXN002827,2022-02-04,2022,2,1,Friday,Sports,North,Online,SP_018,8,89.3,0.15,607.24,237.01,0,M,1
TXN001317,2022-02-04,2022,2,1,Friday,Books,West,Online,SP_009,5,21.25,0.0,106.25,79.62,0,XS,0
TXN001738,2022-02-04,2022,2,1,Friday,Electronics,Central,Wholesale,SP_022,7,420.83,0.0,2945.81,867.43,0,L,0
TXN002445,2022-02-04,2022,2,1,Friday,Clothing,South,Mobile App,SP_015,7,81.39,0.0,569.73,358.41,1,M,0
TXN002831,2022-02-04,2022,2,1,Friday,Electronics,West,Online,SP_039,5,439.43,0.0,2197.15,719.27,0,L,0
TXN004841,2022-02-05,2022,2,1,Saturday,Electronics,South,Wholesale,SP_023,11,444.31,0.05,4643.04,1364.55,0,L,1
TXN000444,2022-02-05,2022,2,1,Saturday,Books,South,Retail Store,SP_001,7,27.68,0.15,164.7,98.7,1,XS,1
TXN004937,2022-02-05,2022,2,1,Saturday,Clothing,West,Mobile App,SP_001,2,77.67,0.0,155.34,78.26,0,XS,0
TXN001681,2022-02-05,2022,2,1,Saturday,Home Goods,West,Retail Store,SP_032,4,115.19,0.1,414.68,191.9,0,S,1
TXN004976,2022-02-06,2022,2,1,Sunday,Electronics,South,Wholesale,SP_034,9,495.49,0.1,4013.47,1142.22,0,L,1
TXN004191,2022-02-06,2022,2,1,Sunday,Clothing,North,Wholesale,SP_011,5,77.47,0.0,387.35,224.64,1,S,0
TXN003736,2022-02-06,2022,2,1,Sunday,Books,North,Online,SP_029,7,24.82,0.2,138.99,83.47,0,XS,1
TXN000680,2022-02-06,2022,2,1,Sunday,Clothing,South,Mobile App,SP_001,11,82.34,0.0,905.74,443.88,0,M,0
TXN001903,2022-02-06,2022,2,1,Sunday,Clothing,South,Retail Store,SP_010,5,82.2,0.0,411.0,192.28,1,S,0
TXN004432,2022-02-07,2022,2,1,Monday,Clothing,North,Online,SP_017,5,74.78,0.1,336.51,150.52,0,S,1
TXN003315,2022-02-07,2022,2,1,Monday,Books,West,Wholesale,SP_029,6,27.93,0.05,159.2,119.95,0,XS,1
TXN004875,2022-02-08,2022,2,1,Tuesday,Sports,West,Retail Store,SP_020,9,107.65,0.0,968.85,392.55,1,M,0
TXN004649,2022-02-09,2022,2,1,Wednesday,Home Goods,West,Mobile App,SP_002,8,118.25,0.0,946.0,441.25,0,M,0
TXN002054,2022-02-09,2022,2,1,Wednesday,Home Goods,South,Retail Store,SP_008,8,132.88,0.1,956.74,325.86,1,M,1
TXN004519,2022-02-09,2022,2,1,Wednesday,Books,East,Wholesale,SP_001,8,25.16,0.0,201.28,155.75,1,S,0
TXN003203,2022-02-09,2022,2,1,Wednesday,Home Goods,North,Wholesale,SP_011,5,126.44,0.0,632.2,291.41,1,M,0
TXN001984,2022-02-10,2022,2,1,Thursday,Home Goods,West,Mobile App,SP_028,7,124.08,0.0,868.56,342.11,0,M,0
TXN003269,2022-02-10,2022,2,1,Thursday,Electronics,West,Mobile App,SP_020,6,431.56,0.05,2459.89,718.6,0,L,1
TXN002390,2022-02-10,2022,2,1,Thursday,Sports,South,Retail Store,SP_026,6,91.92,0.05,523.94,178.0,0,M,1
TXN003609,2022-02-10,2022,2,1,Thursday,Clothing,North,Wholesale,SP_017,5,83.83,0.0,419.15,222.75,0,S,0
TXN003194,2022-02-10,2022,2,1,Thursday,Sports,East,Retail Store,SP_003,16,94.38,0.05,1434.58,645.79,0,L,1
TXN001469,2022-02-11,2022,2,1,Friday,Electronics,Central,Retail Store,SP_021,2,439.43,0.1,790.97,216.54,0,M,1
TXN004593,2022-02-11,2022,2,1,Friday,Home Goods,Central,Online,SP_003,4,117.26,0.15,398.68,155.07,1,S,1
TXN001467,2022-02-11,2022,2,1,Friday,Home Goods,West,Mobile App,SP_031,7,111.76,0.05,743.2,348.96,0,M,1
TXN002524,2022-02-11,2022,2,1,Friday,Sports,South,Retail Store,SP_002,6,103.3,0.0,619.8,279.67,1,M,0
TXN003245,2022-02-11,2022,2,1,Friday,Clothing,South,Mobile App,SP_030,4,64.84,0.0,259.36,140.49,0,S,0
TXN002833,2022-02-11,2022,2,1,Friday,Electronics,South,Mobile App,SP_040,6,484.22,0.0,2905.32,757.95,0,L,0
TXN000020,2022-02-12,2022,2,1,Saturday,Clothing,East,Retail Store,SP_035,8,74.83,0.2,478.91,231.29,0,S,1
TXN001754,2022-02-13,2022,2,1,Sunday,Clothing,East,Wholesale,SP_029,3,73.27,0.0,219.81,135.52,0,S,0
TXN003129,2022-02-13,2022,2,1,Sunday,Sports,South,Online,SP_023,8,89.26,0.15,606.97,276.41,1,M,1
TXN002329,2022-02-13,2022,2,1,Sunday,Sports,Central,Wholesale,SP_007,5,81.4,0.0,407.0,150.4,0,S,0
TXN003304,2022-02-14,2022,2,1,Monday,Home Goods,West,Online,SP_029,8,119.53,0.1,860.62,292.35,0,M,1
TXN003894,2022-02-14,2022,2,1,Monday,Clothing,West,Wholesale,SP_025,8,85.62,0.0,684.96,374.31,0,M,0
TXN000913,2022-02-14,2022,2,1,Monday,Sports,South,Online,SP_031,4,102.09,0.05,387.94,164.76,1,S,1
TXN000532,2022-02-15,2022,2,1,Tuesday,Home Goods,West,Mobile App,SP_010,8,122.26,0.0,978.08,453.88,0,M,0
TXN001608,2022-02-15,2022,2,1,Tuesday,Home Goods,North,Retail Store,SP_014,5,136.03,0.05,646.14,218.6,0,M,1
TXN004125,2022-02-15,2022,2,1,Tuesday,Electronics,West,Wholesale,SP_023,7,477.46,0.1,3008.0,682.57,0,L,1
TXN003661,2022-02-15,2022,2,1,Tuesday,Home Goods,Central,Wholesale,SP_020,11,120.46,0.05,1258.81,531.96,0,L,1
TXN002579,2022-02-15,2022,2,1,Tuesday,Books,West,Retail Store,SP_029,3,21.39,0.15,54.54,29.09,0,XS,1
TXN002277,2022-02-15,2022,2,1,Tuesday,Electronics,West,Online,SP_022,9,511.37,0.05,4372.21,1155.56,0,L,1
TXN001018,2022-02-15,2022,2,1,Tuesday,Home Goods,West,Retail Store,SP_016,10,137.4,0.0,1374.0,648.28,0,L,0
TXN002321,2022-02-16,2022,2,1,Wednesday,Home Goods,West,Mobile App,SP_018,6,108.81,0.0,652.86,237.68,1,M,0
TXN002975,2022-02-16,2022,2,1,Wednesday,Clothing,Central,Retail Store,SP_007,5,77.36,0.1,348.12,155.2,0,S,1
TXN003030,2022-02-16,2022,2,1,Wednesday,Clothing,Central,Retail Store,SP_028,7,66.43,0.15,395.26,248.31,0,S,1
TXN000025,2022-02-16,2022,2,1,Wednesday,Home Goods,West,Wholesale,SP_029,5,121.46,0.15,516.2,228.72,0,M,1
TXN000250,2022-02-16,2022,2,1,Wednesday,Clothing,South,Mobile App,SP_002,9,76.19,0.0,685.71,361.53,0,M,0
TXN004098,2022-02-17,2022,2,1,Thursday,Clothing,South,Online,SP_003,9,79.89,0.2,575.21,324.24,0,M,1
TXN003182,2022-02-17,2022,2,1,Thursday,Electronics,Central,Mobile App,SP_036,7,451.62,0.1,2845.21,751.78,0,L,1
TXN003512,2022-02-17,2022,2,1,Thursday,Books,West,Mobile App,SP_002,6,27.4,0.05,156.18,110.47,0,XS,1
TXN003580,2022-02-17,2022,2,1,Thursday,Electronics,South,Mobile App,SP_023,11,408.01,0.2,3590.49,874.19,0,L,1
TXN001108,2022-02-18,2022,2,1,Friday,Sports,West,Online,SP_016,3,97.65,0.1,263.66,101.93,0,S,1
TXN001726,2022-02-19,2022,2,1,Saturday,Electronics,Central,Retail Store,SP_007,10,475.5,0.1,4279.5,1022.46,0,L,1
TXN004866,2022-02-20,2022,2,1,Sunday,Home Goods,South,Wholesale,SP_025,11,104.29,0.1,1032.47,381.72,1,L,1
TXN004308,2022-02-20,2022,2,1,Sunday,Clothing,Central,Online,SP_037,8,66.75,0.0,534.0,247.31,0,M,0
TXN000429,2022-02-21,2022,2,1,Monday,Clothing,Central,Wholesale,SP_026,5,82.59,0.05,392.3,193.31,0,S,1
TXN001769,2022-02-21,2022,2,1,Monday,Sports,North,Retail Store,SP_010,7,86.15,0.1,542.75,231.56,0,M,1
TXN001991,2022-02-21,2022,2,1,Monday,Sports,South,Online,SP_003,8,84.65,0.15,575.62,204.69,0,M,1
TXN003421,2022-02-22,2022,2,1,Tuesday,Clothing,East,Mobile App,SP_009,2,65.71,0.0,131.42,86.34,0,XS,0
TXN000263,2022-02-22,2022,2,1,Tuesday,Home Goods,Central,Retail Store,SP_021,6,132.19,0.15,674.17,317.71,0,M,1
TXN003344,2022-02-22,2022,2,1,Tuesday,Clothing,West,Online,SP_030,8,81.26,0.1,585.07,290.55,0,M,1
TXN000650,2022-02-22,2022,2,1,Tuesday,Sports,Central,Mobile App,SP_012,8,88.06,0.0,704.48,277.66,0,M,0
TXN001896,2022-02-22,2022,2,1,Tuesday,Home Goods,West,Wholesale,SP_017,3,135.32,0.05,385.66,192.38,1,S,1
TXN004106,2022-02-23,2022,2,1,Wednesday,Electronics,North,Mobile App,SP_022,4,416.54,0.05,1582.85,362.72,0,L,1
TXN000937,2022-02-23,2022,2,1,Wednesday,Books,North,Wholesale,SP_027,3,23.76,0.2,57.02,37.2,0,XS,1
TXN003786,2022-02-23,2022,2,1,Wednesday,Sports,North,Mobile App,SP_006,7,87.08,0.0,609.56,239.13,0,M,0
TXN002343,2022-02-23,2022,2,1,Wednesday,Home Goods,East,Mobile App,SP_010,8,113.61,0.1,817.99,356.86,0,M,1
TXN002116,2022-02-24,2022,2,1,Thursday,Electronics,North,Mobile App,SP_012,6,464.72,0.0,2788.32,814.17,1,L,0
TXN000931,2022-02-24,2022,2,1,Thursday,Clothing,East,Retail Store,SP_035,9,64.72,0.0,582.48,367.78,0,M,0
TXN002221,2022-02-24,2022,2,1,Thursday,Sports,South,Mobile App,SP_004,9,104.2,0.0,937.8,384.53,1,M,0
TXN003096,2022-02-24,2022,2,1,Thursday,Clothing,South,Wholesale,SP_006,9,81.08,0.2,583.78,358.42,0,M,1
TXN004473,2022-02-24,2022,2,1,Thursday,Books,North,Mobile App,SP_037,7,27.71,0.0,193.97,102.72,0,XS,0
TXN003254,2022-02-25,2022,2,1,Friday,Books,West,Wholesale,SP_040,6,23.39,0.1,126.31,73.41,0,XS,1
TXN002107,2022-02-26,2022,2,1,Saturday,Clothing,Central,Wholesale,SP_014,9,73.39,0.15,561.43,256.17,0,M,1
TXN003922,2022-02-26,2022,2,1,Saturday,Home Goods,West,Mobile App,SP_023,4,105.45,0.0,421.8,167.65,1,S,0
TXN004958,2022-02-26,2022,2,1,Saturday,Clothing,East,Mobile App,SP_030,8,74.34,0.0,594.72,295.17,0,M,0
TXN004897,2022-02-26,2022,2,1,Saturday,Home Goods,South,Wholesale,SP_020,4,128.94,0.05,489.97,244.9,0,S,1
TXN003260,2022-02-27,2022,2,1,Sunday,Clothing,North,Retail Store,SP_016,6,85.27,0.0,511.62,272.64,1,M,0
TXN002024,2022-02-27,2022,2,1,Sunday,Sports,Central,Retail Store,SP_018,10,95.15,0.2,761.2,277.58,0,M,1
TXN003049,2022-02-27,2022,2,1,Sunday,Sports,West,Retail Store,SP_034,6,105.31,0.2,505.49,201.0,0,M,1
TXN004699,2022-02-27,2022,2,1,Sunday,Books,West,Retail Store,SP_026,7,21.97,0.15,130.72,77.79,0,XS,1
TXN001230,2022-02-27,2022,2,1,Sunday,Clothing,South,Wholesale,SP_028,11,66.83,0.1,661.62,369.49,0,M,1
TXN000076,2022-02-28,2022,2,1,Monday,Sports,West,Online,SP_037,2,92.76,0.0,185.52,81.57,1,XS,0
TXN003490,2022-03-02,2022,3,1,Wednesday,Clothing,West,Mobile App,SP_019,18,72.69,0.0,1308.42,607.79,1,L,0
TXN002866,2022-03-02,2022,3,1,Wednesday,Books,East,Retail Store,SP_008,3,28.6,0.05,81.51,49.47,0,XS,1
TXN000907,2022-03-03,2022,3,1,Thursday,Home Goods,North,Retail Store,SP_008,7,129.43,0.1,815.41,407.2,0,M,1
TXN003130,2022-03-03,2022,3,1,Thursday,Clothing,North,Online,SP_002,16,76.13,0.0,1218.08,576.62,0,L,0
TXN004318,2022-03-03,2022,3,1,Thursday,Electronics,South,Retail Store,SP_028,8,471.47,0.0,3771.76,950.34,0,L,0
TXN002138,2022-03-03,2022,3,1,Thursday,Home Goods,West,Mobile App,SP_040,10,106.48,0.05,1011.56,381.44,0,L,1
TXN001885,2022-03-04,2022,3,1,Friday,Sports,North,Mobile App,SP_029,10,106.87,0.0,1068.7,462.93,1,L,0
TXN004263,2022-03-04,2022,3,1,Friday,Books,Central,Retail Store,SP_035,5,25.6,0.1,115.2,70.43,0,XS,1
TXN003417,2022-03-05,2022,3,1,Saturday,Books,West,Mobile App,SP_011,4,21.98,0.1,79.13,46.82,0,XS,1
TXN001204,2022-03-05,2022,3,1,Saturday,Electronics,West,Online,SP_011,3,385.49,0.05,1098.65,323.41,0,L,1
TXN004765,2022-03-06,2022,3,1,Sunday,Sports,West,Retail Store,SP_013,8,102.18,0.0,817.44,287.89,0,M,0
TXN000371,2022-03-06,2022,3,1,Sunday,Sports,East,Online,SP_027,3,84.26,0.1,227.5,87.09,1,S,1
TXN001218,2022-03-06,2022,3,1,Sunday,Sports,South,Mobile App,SP_030,4,101.15,0.0,404.6,147.03,1,S,0
TXN004815,2022-03-06,2022,3,1,Sunday,Home Goods,East,Mobile App,SP_040,5,110.57,0.0,552.85,250.94,0,M,0
TXN003169,2022-03-06,2022,3,1,Sunday,Home Goods,North,Wholesale,SP_027,7,129.11,0.15,768.2,343.45,0,M,1
TXN000909,2022-03-06,2022,3,1,Sunday,Sports,East,Wholesale,SP_040,9,102.87,0.1,833.25,314.91,0,M,1
TXN002004,2022-03-07,2022,3,1,Monday,Home Goods,North,Online,SP_010,10,102.99,0.0,1029.9,380.62,0,L,0
TXN003404,2022-03-07,2022,3,1,Monday,Sports,North,Retail Store,SP_020,10,94.41,0.1,849.69,386.96,0,M,1
TXN002915,2022-03-08,2022,3,1,Tuesday,Electronics,North,Retail Store,SP_015,6,495.44,0.1,2675.38,813.78,0,L,1
TXN000047,2022-03-08,2022,3,1,Tuesday,Home Goods,South,Wholesale,SP_033,13,119.73,0.05,1478.67,578.5,0,L,1
TXN001720,2022-03-08,2022,3,1,Tuesday,Home Goods,South,Retail Store,SP_034,14,113.85,0.1,1434.51,580.07,0,L,1
TXN002592,2022-03-08,2022,3,1,Tuesday,Books,Central,Wholesale,SP_038,2,24.12,0.05,45.83,27.87,1,XS,1
TXN000635,2022-03-08,2022,3,1,Tuesday,Books,South,Mobile App,SP_002,9,27.53,0.0,247.77,192.97,1,S,0
TXN002233,2022-03-08,2022,3,1,Tuesday,Electronics,North,Retail Store,SP_003,6,423.78,0.0,2542.68,714.29,0,L,0
TXN003589,2022-03-09,2022,3,1,Wednesday,Clothing,East,Online,SP_030,16,66.19,0.0,1059.04,468.31,0,L,0
TXN001832,2022-03-10,2022,3,1,Thursday,Books,East,Retail Store,SP_038,10,22.74,0.0,227.4,118.45,0,S,0
TXN000807,2022-03-11,2022,3,1,Friday,Electronics,South,Wholesale,SP_017,8,507.92,0.1,3657.02,973.98,0,L,1
TXN001287,2022-03-12,2022,3,1,Saturday,Clothing,South,Online,SP_012,8,64.02,0.1,460.94,252.37,0,S,1
TXN003635,2022-03-12,2022,3,1,Saturday,Home Goods,West,Wholesale,SP_033,3,106.35,0.1,287.14,121.58,0,S,1
TXN003034,2022-03-12,2022,3,1,Saturday,Home Goods,South,Mobile App,SP_033,7,121.07,0.0,847.49,298.63,0,M,0
TXN004977,2022-03-13,2022,3,1,Sunday,Sports,East,Wholesale,SP_001,7,98.91,0.15,588.51,207.19,0,M,1
TXN003718,2022-03-13,2022,3,1,Sunday,Clothing,South,Wholesale,SP_039,13,80.52,0.0,1046.76,576.14,1,L,0
TXN002620,2022-03-13,2022,3,1,Sunday,Sports,West,Online,SP_022,2,107.81,0.0,215.62,98.0,0,S,0
TXN001194,2022-03-13,2022,3,1,Sunday,Clothing,West,Wholesale,SP_025,17,85.32,0.0,1450.44,726.63,1,L,0
TXN002836,2022-03-13,2022,3,1,Sunday,Clothing,South,Retail Store,SP_010,11,76.33,0.05,797.65,470.58,0,M,1
TXN000419,2022-03-13,2022,3,1,Sunday,Clothing,West,Mobile App,SP_014,14,67.94,0.0,951.16,575.32,1,M,0
TXN003912,2022-03-14,2022,3,1,Monday,Clothing,Central,Online,SP_028,12,71.93,0.0,863.16,498.39,0,M,0
TXN002397,2022-03-14,2022,3,1,Monday,Sports,East,Wholesale,SP_009,4,89.0,0.15,302.6,124.62,1,S,1
TXN003781,2022-03-14,2022,3,1,Monday,Home Goods,South,Online,SP_018,3,137.1,0.05,390.73,185.01,0,S,1
TXN004894,2022-03-14,2022,3,1,Monday,Electronics,Central,Mobile App,SP_007,5,424.18,0.1,1908.81,479.61,0,L,1
TXN003098,2022-03-15,2022,3,1,Tuesday,Clothing,West,Online,SP_007,6,84.61,0.05,482.28,275.83,0,S,1
TXN000075,2022-03-15,2022,3,1,Tuesday,Electronics,West,Mobile App,SP_022,7,503.51,0.05,3348.34,754.9,0,L,1
TXN004707,2022-03-15,2022,3,1,Tuesday,Sports,North,Online,SP_027,7,99.63,0.05,662.54,211.26,1,M,1
TXN001734,2022-03-15,2022,3,1,Tuesday,Clothing,East,Retail Store,SP_028,7,84.73,0.05,563.45,285.61,0,M,1
TXN000738,2022-03-15,2022,3,1,Tuesday,Sports,Central,Wholesale,SP_024,3,90.35,0.2,216.84,85.22,0,S,1
TXN003074,2022-03-15,2022,3,1,Tuesday,Electronics,East,Retail Store,SP_032,9,425.05,0.05,3634.18,858.49,0,L,1
TXN000385,2022-03-16,2022,3,1,Wednesday,Clothing,East,Online,SP_037,13,84.71,0.0,1101.23,726.07,0,L,0
TXN004413,2022-03-16,2022,3,1,Wednesday,Sports,North,Mobile App,SP_030,7,93.1,0.0,651.7,254.51,0,M,0
TXN004362,2022-03-16,2022,3,1,Wednesday,Electronics,South,Wholesale,SP_016,10,458.76,0.05,4358.22,1447.93,0,L,1
TXN004698,2022-03-16,2022,3,1,Wednesday,Home Goods,Central,Retail Store,SP_016,3,104.7,0.05,298.39,114.84,0,S,1
TXN001990,2022-03-16,2022,3,1,Wednesday,Electronics,West,Retail Store,SP_015,5,390.37,0.1,1756.66,423.74,1,L,1
TXN004821,2022-03-17,2022,3,1,Thursday,Clothing,East,Retail Store,SP_035,10,80.18,0.05,761.71,434.23,0,M,1
TXN001846,2022-03-17,2022,3,1,Thursday,Books,West,Wholesale,SP_037,11,21.89,0.0,240.79,161.7,0,S,0
TXN004116,2022-03-17,2022,3,1,Thursday,Electronics,Central,Wholesale,SP_015,1,488.78,0.0,488.78,117.68,0,S,0
TXN003100,2022-03-17,2022,3,1,Thursday,Electronics,West,Online,SP_010,3,443.89,0.05,1265.09,297.85,0,L,1
TXN004889,2022-03-17,2022,3,1,Thursday,Sports,Central,Wholesale,SP_039,7,85.49,0.0,598.43,266.26,0,M,0
TXN001690,2022-03-17,2022,3,1,Thursday,Sports,North,Wholesale,SP_017,7,99.31,0.1,625.65,262.99,0,M,1
TXN001048,2022-03-18,2022,3,1,Friday,Home Goods,South,Mobile App,SP_012,11,122.24,0.05,1277.41,483.31,1,L,1
TXN003983,2022-03-18,2022,3,1,Friday,Books,West,Retail Store,SP_028,2,23.95,0.05,45.5,25.89,0,XS,1
TXN001697,2022-03-18,2022,3,1,Friday,Books,South,Online,SP_003,11,28.2,0.1,279.18,184.08,0,S,1
TXN004910,2022-03-18,2022,3,1,Friday,Books,South,Retail Store,SP_001,6,23.02,0.15,117.4,81.92,0,XS,1
TXN000572,2022-03-18,2022,3,1,Friday,Sports,South,Wholesale,SP_007,3,88.93,0.1,240.11,83.23,1,S,1
TXN001337,2022-03-19,2022,3,1,Saturday,Books,East,Wholesale,SP_009,5,21.49,0.1,96.7,59.61,0,XS,1
TXN002071,2022-03-20,2022,3,1,Sunday,Sports,West,Online,SP_020,9,96.63,0.05,826.19,278.12,0,M,1
TXN004414,2022-03-20,2022,3,1,Sunday,Books,East,Mobile App,SP_010,7,23.4,0.0,163.8,106.6,0,XS,0
TXN002109,2022-03-21,2022,3,1,Monday,Books,North,Wholesale,SP_001,7,24.23,0.0,169.61,126.12,1,XS,0
TXN003063,2022-03-21,2022,3,1,Monday,Home Goods,Central,Mobile App,SP_037,12,121.61,0.0,1459.32,718.21,0,L,0
TXN001502,2022-03-21,2022,3,1,Monday,Electronics,East,Retail Store,SP_015,4,480.76,0.0,1923.04,564.7,0,L,0
TXN004766,2022-03-21,2022,3,1,Monday,Home Goods,South,Retail Store,SP_035,8,128.73,0.15,875.36,397.79,0,M,1
TXN001238,2022-03-21,2022,3,1,Monday,Sports,West,Online,SP_024,8,81.25,0.0,650.0,237.63,1,M,0
TXN004793,2022-03-21,2022,3,1,Monday,Electronics,North,Retail Store,SP_006,7,385.27,0.0,2696.89,705.98,1,L,0
TXN000875,2022-03-21,2022,3,1,Monday,Books,North,Online,SP_006,7,28.06,0.15,166.96,97.05,1,XS,1
TXN001809,2022-03-22,2022,3,1,Tuesday,Sports,Central,Wholesale,SP_021,7,100.9,0.1,635.67,233.72,0,M,1
TXN004221,2022-03-22,2022,3,1,Tuesday,Home Goods,North,Online,SP_011,9,132.41,0.1,1072.52,360.48,0,L,1
TXN004146,2022-03-22,2022,3,1,Tuesday,Books,South,Online,SP_032,5,25.44,0.05,120.84,74.4,0,XS,1
TXN001514,2022-03-22,2022,3,1,Tuesday,Electronics,Central,Wholesale,SP_039,5,479.9,0.15,2039.58,531.55,0,L,1
TXN000312,2022-03-23,2022,3,1,Wednesday,Books,North,Online,SP_028,8,23.36,0.0,186.88,143.99,1,XS,0
TXN001758,2022-03-23,2022,3,1,Wednesday,Sports,East,Online,SP_008,6,97.46,0.05,555.52,248.64,0,M,1
TXN003972,2022-03-23,2022,3,1,Wednesday,Books,South,Retail Store,SP_021,7,23.65,0.1,148.99,78.53,0,XS,1
TXN003556,2022-03-23,2022,3,1,Wednesday,Electronics,East,Wholesale,SP_022,5,467.98,0.05,2222.91,607.7,0,L,1
TXN002226,2022-03-24,2022,3,1,Thursday,Books,East,Online,SP_029,10,25.06,0.05,238.07,132.08,0,S,1
TXN001208,2022-03-24,2022,3,1,Thursday,Home Goods,West,Mobile App,SP_037,14,135.68,0.0,1899.52,825.28,0,L,0
TXN004768,2022-03-25,2022,3,1,Friday,Sports,South,Retail Store,SP_022,3,95.53,0.1,257.93,85.59,0,S,1
TXN001951,2022-03-25,2022,3,1,Friday,Clothing,South,Mobile App,SP_014,19,85.78,0.0,1629.82,879.6,0,L,0
TXN002853,2022-03-27,2022,3,1,Sunday,Sports,South,Mobile App,SP_004,6,83.74,0.05,477.32,178.16,0,S,1
TXN002187,2022-03-27,2022,3,1,Sunday,Clothing,West,Retail Store,SP_035,9,74.49,0.05,636.89,280.83,0,M,1
TXN003531,2022-03-27,2022,3,1,Sunday,Clothing,West,Online,SP_024,22,79.57,0.1,1575.49,1031.23,0,L,1
TXN000593,2022-03-27,2022,3,1,Sunday,Clothing,Central,Online,SP_033,11,75.75,0.0,833.25,366.67,0,M,0
TXN004622,2022-03-28,2022,3,1,Monday,Clothing,Central,Mobile App,SP_006,13,77.75,0.1,909.68,523.42,0,M,1
TXN002875,2022-03-28,2022,3,1,Monday,Sports,South,Online,SP_038,5,90.86,0.1,408.87,169.6,0,S,1
TXN000951,2022-03-28,2022,3,1,Monday,Sports,East,Online,SP_021,6,90.76,0.0,544.56,195.44,0,M,0
TXN003753,2022-03-28,2022,3,1,Monday,Home Goods,North,Retail Store,SP_032,9,122.21,0.0,1099.89,481.21,0,L,0
TXN000027,2022-03-28,2022,3,1,Monday,Electronics,North,Online,SP_015,7,482.12,0.0,3374.84,965.5,1,L,0
TXN001622,2022-03-28,2022,3,1,Monday,Sports,East,Wholesale,SP_036,10,106.81,0.0,1068.1,392.71,0,L,0
TXN002190,2022-03-28,2022,3,1,Monday,Home Goods,North,Online,SP_016,8,135.9,0.1,978.48,392.6,0,M,1
TXN004715,2022-03-28,2022,3,1,Monday,Books,West,Mobile App,SP_018,9,27.4,0.1,221.94,116.97,0,S,1
TXN003678,2022-03-29,2022,3,1,Tuesday,Electronics,North,Wholesale,SP_007,5,399.56,0.05,1897.91,463.2,0,L,1
TXN000195,2022-03-30,2022,3,1,Wednesday,Home Goods,South,Online,SP_033,6,104.56,0.05,595.99,208.28,0,M,1
TXN000097,2022-03-30,2022,3,1,Wednesday,Sports,South,Wholesale,SP_038,17,105.6,0.0,1795.2,553.72,0,L,0
TXN004405,2022-03-31,2022,3,1,Thursday,Sports,East,Wholesale,SP_039,9,99.06,0.0,891.54,358.6,1,M,0
TXN003797,2022-03-31,2022,3,1,Thursday,Home Goods,East,Online,SP_024,9,127.39,0.1,1031.86,419.7,0,L,1
TXN004629,2022-03-31,2022,3,1,Thursday,Home Goods,East,Wholesale,SP_031,6,122.65,0.0,735.9,330.05,0,M,0
TXN000569,2022-03-31,2022,3,1,Thursday,Electronics,East,Wholesale,SP_019,7,491.48,0.05,3268.34,900.36,0,L,1
TXN001310,2022-03-31,2022,3,1,Thursday,Electronics,West,Online,SP_035,5,444.67,0.15,1889.85,514.17,0,L,1
TXN002273,2022-03-31,2022,3,1,Thursday,Sports,South,Mobile App,SP_001,6,103.55,0.05,590.23,226.88,0,M,1
TXN003300,2022-04-01,2022,4,2,Friday,Sports,North,Online,SP_027,7,96.9,0.2,542.64,169.12,0,M,1
TXN003146,2022-04-01,2022,4,2,Friday,Books,West,Wholesale,SP_001,5,27.86,0.0,139.3,78.76,0,XS,0
TXN001264,2022-04-01,2022,4,2,Friday,Books,West,Wholesale,SP_012,3,24.2,0.05,68.97,47.88,1,XS,1
TXN004446,2022-04-01,2022,4,2,Friday,Clothing,North,Mobile App,SP_017,10,85.73,0.0,857.3,399.98,0,M,0
TXN002488,2022-04-01,2022,4,2,Friday,Home Goods,Central,Wholesale,SP_007,10,105.26,0.0,1052.6,525.44,0,L,0
TXN003491,2022-04-01,2022,4,2,Friday,Books,East,Mobile App,SP_007,8,26.55,0.0,212.4,113.67,1,S,0
TXN001344,2022-04-01,2022,4,2,Friday,Sports,North,Online,SP_012,10,105.71,0.05,1004.24,375.48,0,L,1
TXN004393,2022-04-01,2022,4,2,Friday,Clothing,West,Wholesale,SP_017,11,68.42,0.05,714.99,379.57,0,M,1
TXN003719,2022-04-01,2022,4,2,Friday,Electronics,East,Retail Store,SP_034,12,447.68,0.0,5372.16,1605.76,1,XL,0
TXN000568,2022-04-02,2022,4,2,Saturday,Sports,East,Mobile App,SP_024,7,87.33,0.1,550.18,191.61,1,M,1
TXN000631,2022-04-02,2022,4,2,Saturday,Books,West,Wholesale,SP_023,8,22.94,0.05,174.34,102.31,0,XS,1
TXN001879,2022-04-02,2022,4,2,Saturday,Books,East,Mobile App,SP_013,12,24.28,0.1,262.22,169.76,0,S,1
TXN003522,2022-04-02,2022,4,2,Saturday,Books,East,Online,SP_022,2,28.27,0.05,53.71,29.36,0,XS,1
TXN002899,2022-04-02,2022,4,2,Saturday,Books,Central,Wholesale,SP_004,6,23.16,0.15,118.12,85.41,0,XS,1
TXN003305,2022-04-02,2022,4,2,Saturday,Electronics,South,Retail Store,SP_027,7,417.28,0.0,2920.96,965.44,0,L,0
TXN004294,2022-04-02,2022,4,2,Saturday,Books,North,Retail Store,SP_040,4,22.64,0.15,76.98,56.41,1,XS,1
TXN002421,2022-04-02,2022,4,2,Saturday,Home Goods,South,Mobile App,SP_026,5,119.1,0.05,565.73,209.94,0,M,1
TXN003619,2022-04-03,2022,4,2,Sunday,Books,North,Retail Store,SP_015,3,26.97,0.05,76.86,39.98,0,XS,1
TXN004437,2022-04-03,2022,4,2,Sunday,Electronics,South,Retail Store,SP_027,9,496.78,0.0,4471.02,1159.46,1,L,0
TXN002434,2022-04-04,2022,4,2,Monday,Electronics,North,Mobile App,SP_039,3,440.18,0.0,1320.54,310.17,0,L,0
TXN003552,2022-04-04,2022,4,2,Monday,Home Goods,Central,Mobile App,SP_020,9,110.58,0.05,945.46,411.04,0,M,1
TXN001103,2022-04-04,2022,4,2,Monday,Sports,East,Wholesale,SP_023,7,95.73,0.1,603.1,191.71,0,M,1
TXN001305,2022-04-04,2022,4,2,Monday,Books,Central,Online,SP_022,6,22.5,0.0,135.0,90.4,0,XS,0
TXN002976,2022-04-04,2022,4,2,Monday,Home Goods,South,Mobile App,SP_039,11,109.72,0.1,1086.23,507.08,1,L,1
TXN000222,2022-04-05,2022,4,2,Tuesday,Electronics,East,Online,SP_022,6,497.3,0.1,2685.42,665.29,1,L,1
TXN003650,2022-04-05,2022,4,2,Tuesday,Clothing,East,Retail Store,SP_039,6,80.88,0.0,485.28,294.77,1,S,0
TXN001415,2022-04-05,2022,4,2,Tuesday,Electronics,East,Wholesale,SP_005,7,489.89,0.05,3257.77,956.6,1,L,1
TXN002951,2022-04-05,2022,4,2,Tuesday,Clothing,North,Online,SP_012,6,85.23,0.15,434.67,219.44,1,S,1
TXN004185,2022-04-06,2022,4,2,Wednesday,Home Goods,West,Mobile App,SP_029,4,102.89,0.1,370.4,131.7,0,S,1
TXN002692,2022-04-06,2022,4,2,Wednesday,Home Goods,North,Mobile App,SP_035,5,134.09,0.0,670.45,284.87,0,M,0
TXN002165,2022-04-06,2022,4,2,Wednesday,Clothing,West,Mobile App,SP_011,14,69.88,0.0,978.32,553.55,0,M,0
TXN004751,2022-04-06,2022,4,2,Wednesday,Clothing,North,Mobile App,SP_003,9,69.95,0.05,598.07,331.66,0,M,1
TXN003909,2022-04-06,2022,4,2,Wednesday,Electronics,North,Retail Store,SP_038,6,497.46,0.05,2835.52,668.71,1,L,1
TXN001612,2022-04-07,2022,4,2,Thursday,Home Goods,West,Mobile App,SP_020,4,127.48,0.1,458.93,195.43,0,S,1
TXN000256,2022-04-07,2022,4,2,Thursday,Home Goods,Central,Wholesale,SP_006,7,112.7,0.0,788.9,277.27,0,M,0
TXN002097,2022-04-07,2022,4,2,Thursday,Sports,North,Online,SP_015,15,103.55,0.1,1397.92,609.58,0,L,1
TXN003407,2022-04-07,2022,4,2,Thursday,Home Goods,North,Online,SP_031,10,137.44,0.05,1305.68,646.48,1,L,1
TXN002163,2022-04-07,2022,4,2,Thursday,Home Goods,West,Online,SP_028,5,120.82,0.0,604.1,258.22,0,M,0
TXN001598,2022-04-07,2022,4,2,Thursday,Clothing,South,Mobile App,SP_034,21,75.94,0.1,1435.27,685.27,0,L,1
TXN000152,2022-04-08,2022,4,2,Friday,Sports,Central,Wholesale,SP_006,5,102.53,0.1,461.38,158.85,1,S,1
TXN002770,2022-04-08,2022,4,2,Friday,Books,North,Retail Store,SP_013,11,28.45,0.05,297.3,198.42,0,S,1
TXN000292,2022-04-08,2022,4,2,Friday,Clothing,North,Online,SP_027,13,81.28,0.0,1056.64,606.65,0,L,0
TXN004232,2022-04-08,2022,4,2,Friday,Clothing,East,Mobile App,SP_029,17,63.91,0.0,1086.47,629.37,0,L,0
TXN004379,2022-04-09,2022,4,2,Saturday,Electronics,North,Online,SP_010,5,435.04,0.0,2175.2,677.87,0,L,0
TXN004295,2022-04-09,2022,4,2,Saturday,Home Goods,Central,Online,SP_019,1,117.13,0.0,117.13,45.92,0,XS,0
TXN002017,2022-04-10,2022,4,2,Sunday,Sports,South,Wholesale,SP_014,9,93.27,0.15,713.52,232.8,0,M,1
TXN003884,2022-04-10,2022,4,2,Sunday,Electronics,South,Mobile App,SP_039,8,485.11,0.0,3880.88,913.02,0,L,0
TXN000138,2022-04-11,2022,4,2,Monday,Electronics,West,Online,SP_007,9,418.02,0.05,3574.07,944.75,0,L,1
TXN001613,2022-04-12,2022,4,2,Tuesday,Electronics,North,Online,SP_013,8,442.57,0.05,3363.53,944.67,0,L,1
TXN002616,2022-04-12,2022,4,2,Tuesday,Books,North,Mobile App,SP_009,10,26.88,0.2,215.04,151.91,0,S,1
TXN000056,2022-04-12,2022,4,2,Tuesday,Clothing,North,Retail Store,SP_026,10,85.56,0.0,855.6,539.38,0,M,0
TXN001943,2022-04-12,2022,4,2,Tuesday,Home Goods,East,Online,SP_006,5,104.35,0.05,495.66,227.0,0,S,1
TXN004790,2022-04-12,2022,4,2,Tuesday,Books,Central,Wholesale,SP_040,3,25.92,0.0,77.76,48.13,0,XS,0
TXN001993,2022-04-13,2022,4,2,Wednesday,Home Goods,West,Online,SP_010,4,105.97,0.0,423.88,149.67,0,S,0
TXN004187,2022-04-13,2022,4,2,Wednesday,Home Goods,West,Wholesale,SP_036,8,119.79,0.1,862.49,360.2,0,M,1
TXN002562,2022-04-13,2022,4,2,Wednesday,Clothing,South,Wholesale,SP_034,20,74.69,0.1,1344.42,591.98,0,L,1
TXN002780,2022-04-14,2022,4,2,Thursday,Clothing,South,Online,SP_017,10,72.79,0.0,727.9,421.03,0,M,0
TXN003597,2022-04-14,2022,4,2,Thursday,Books,North,Wholesale,SP_031,8,24.33,0.1,175.18,132.5,0,XS,1
TXN001351,2022-04-14,2022,4,2,Thursday,Home Goods,North,Wholesale,SP_027,9,121.01,0.1,980.18,475.69,0,M,1
TXN003276,2022-04-14,2022,4,2,Thursday,Electronics,North,Retail Store,SP_035,4,510.98,0.15,1737.33,540.43,0,L,1
TXN002204,2022-04-15,2022,4,2,Friday,Sports,East,Retail Store,SP_034,9,100.07,0.0,900.63,296.93,0,M,0
TXN002272,2022-04-15,2022,4,2,Friday,Books,East,Mobile App,SP_017,8,24.36,0.0,194.88,111.13,1,XS,0
TXN004023,2022-04-15,2022,4,2,Friday,Sports,East,Wholesale,SP_003,8,101.0,0.0,808.0,274.6,0,M,0
TXN004871,2022-04-16,2022,4,2,Saturday,Home Goods,South,Retail Store,SP_010,6,107.39,0.0,644.34,311.0,0,M,0
TXN004581,2022-04-16,2022,4,2,Saturday,Sports,West,Mobile App,SP_037,3,103.51,0.1,279.48,121.43,0,S,1
TXN003278,2022-04-17,2022,4,2,Sunday,Home Goods,East,Online,SP_021,10,102.66,0.0,1026.6,453.76,1,L,0
TXN001210,2022-04-17,2022,4,2,Sunday,Books,North,Mobile App,SP_033,3,24.47,0.05,69.74,37.41,0,XS,1
TXN003266,2022-04-18,2022,4,2,Monday,Electronics,South,Wholesale,SP_018,14,427.89,0.0,5990.46,1513.88,0,XL,0
TXN001604,2022-04-18,2022,4,2,Monday,Electronics,Central,Wholesale,SP_002,5,501.58,0.0,2507.9,570.83,0,L,0
TXN003832,2022-04-18,2022,4,2,Monday,Home Goods,East,Online,SP_022,5,132.05,0.05,627.24,239.72,0,M,1
TXN000733,2022-04-19,2022,4,2,Tuesday,Books,West,Retail Store,SP_013,6,22.91,0.05,130.59,69.09,0,XS,1
TXN001446,2022-04-20,2022,4,2,Wednesday,Clothing,South,Retail Store,SP_033,19,64.42,0.05,1162.78,640.59,0,L,1
TXN000627,2022-04-20,2022,4,2,Wednesday,Electronics,East,Wholesale,SP_015,9,448.01,0.0,4032.09,1148.59,1,L,0
TXN002299,2022-04-20,2022,4,2,Wednesday,Electronics,East,Wholesale,SP_036,5,466.64,0.1,2099.88,591.4,0,L,1
TXN001593,2022-04-20,2022,4,2,Wednesday,Electronics,North,Mobile App,SP_031,9,505.64,0.0,4550.76,1469.53,0,L,0
TXN004061,2022-04-20,2022,4,2,Wednesday,Electronics,South,Retail Store,SP_032,5,427.71,0.05,2031.62,533.81,0,L,1
TXN001252,2022-04-21,2022,4,2,Thursday,Clothing,North,Wholesale,SP_021,12,72.0,0.0,864.0,524.78,0,M,0
TXN002508,2022-04-21,2022,4,2,Thursday,Electronics,South,Retail Store,SP_008,6,386.78,0.1,2088.61,609.65,0,L,1
TXN000775,2022-04-21,2022,4,2,Thursday,Clothing,North,Wholesale,SP_006,13,68.76,0.1,804.49,480.95,0,M,1
TXN003885,2022-04-22,2022,4,2,Friday,Clothing,West,Wholesale,SP_013,14,64.2,0.0,898.8,505.23,0,M,0
TXN000708,2022-04-22,2022,4,2,Friday,Electronics,South,Online,SP_032,12,513.19,0.0,6158.28,1898.81,0,XL,0
TXN002657,2022-04-22,2022,4,2,Friday,Books,East,Wholesale,SP_024,8,27.6,0.1,198.72,154.39,0,XS,1
TXN003841,2022-04-22,2022,4,2,Friday,Sports,West,Wholesale,SP_002,9,108.62,0.1,879.82,330.72,1,M,1
TXN004638,2022-04-22,2022,4,2,Friday,Books,West,Wholesale,SP_025,6,23.92,0.05,136.34,88.27,0,XS,1
TXN003976,2022-04-23,2022,4,2,Saturday,Books,Central,Wholesale,SP_023,7,26.44,0.0,185.08,136.31,0,XS,0
TXN004669,2022-04-23,2022,4,2,Saturday,Home Goods,Central,Wholesale,SP_031,5,106.01,0.0,530.05,201.19,1,M,0
TXN000164,2022-04-23,2022,4,2,Saturday,Home Goods,South,Online,SP_018,10,114.04,0.15,969.34,329.96,1,M,1
TXN003858,2022-04-23,2022,4,2,Saturday,Electronics,South,Retail Store,SP_002,8,399.79,0.0,3198.32,1045.68,0,L,0
TXN002910,2022-04-24,2022,4,2,Sunday,Electronics,South,Online,SP_009,7,447.07,0.0,3129.49,953.78,0,L,0
TXN002117,2022-04-26,2022,4,2,Tuesday,Sports,Central,Wholesale,SP_018,8,94.26,0.0,754.08,241.63,0,M,0
TXN003971,2022-04-26,2022,4,2,Tuesday,Books,Central,Online,SP_010,8,28.13,0.05,213.79,164.66,0,S,1
TXN000691,2022-04-26,2022,4,2,Tuesday,Home Goods,North,Retail Store,SP_011,9,136.66,0.0,1229.94,439.43,1,L,0
TXN001955,2022-04-26,2022,4,2,Tuesday,Home Goods,Central,Wholesale,SP_005,7,126.47,0.2,708.23,321.58,1,M,1
TXN002473,2022-04-27,2022,4,2,Wednesday,Books,West,Mobile App,SP_025,5,23.22,0.05,110.29,67.88,0,XS,1
TXN000564,2022-04-27,2022,4,2,Wednesday,Electronics,West,Mobile App,SP_037,8,403.02,0.05,3062.95,730.81,0,L,1
TXN002093,2022-04-27,2022,4,2,Wednesday,Electronics,East,Wholesale,SP_022,5,451.81,0.0,2259.05,523.66,0,L,0
TXN002684,2022-04-27,2022,4,2,Wednesday,Books,East,Wholesale,SP_016,9,28.57,0.05,244.27,161.58,1,S,1
TXN001713,2022-04-28,2022,4,2,Thursday,Home Goods,West,Mobile App,SP_033,4,134.59,0.05,511.44,226.11,0,M,1
TXN003282,2022-04-29,2022,4,2,Friday,Home Goods,East,Online,SP_038,4,136.7,0.0,546.8,242.77,0,M,0
TXN000863,2022-04-29,2022,4,2,Friday,Sports,South,Online,SP_022,5,87.66,0.2,350.64,116.42,0,S,1
TXN000160,2022-04-29,2022,4,2,Friday,Home Goods,North,Wholesale,SP_035,8,116.85,0.15,794.58,359.84,0,M,1
TXN002527,2022-04-30,2022,4,2,Saturday,Clothing,East,Wholesale,SP_016,7,75.38,0.1,474.89,245.2,0,S,1
TXN003102,2022-04-30,2022,4,2,Saturday,Sports,West,Retail Store,SP_005,6,104.26,0.05,594.28,226.46,0,M,1
TXN001594,2022-04-30,2022,4,2,Saturday,Electronics,South,Mobile App,SP_027,8,453.08,0.15,3080.94,937.05,1,L,1
TXN003469,2022-04-30,2022,4,2,Saturday,Books,South,Retail Store,SP_035,3,21.97,0.15,56.02,30.54,0,XS,1
TXN000053,2022-04-30,2022,4,2,Saturday,Clothing,South,Mobile App,SP_002,5,68.51,0.0,342.55,175.4,0,S,0
TXN004189,2022-05-01,2022,5,2,Sunday,Sports,Central,Wholesale,SP_005,9,108.31,0.0,974.79,318.71,0,M,0
TXN003929,2022-05-02,2022,5,2,Monday,Books,Central,Online,SP_031,12,28.02,0.2,268.99,205.89,0,S,1
TXN002479,2022-05-02,2022,5,2,Monday,Home Goods,North,Wholesale,SP_002,11,120.99,0.1,1197.8,467.59,0,L,1
TXN002013,2022-05-02,2022,5,2,Monday,Sports,Central,Wholesale,SP_023,12,85.86,0.2,824.26,335.14,0,M,1
TXN004288,2022-05-03,2022,5,2,Tuesday,Books,West,Retail Store,SP_025,9,28.3,0.0,254.7,147.24,0,S,0
TXN000480,2022-05-03,2022,5,2,Tuesday,Home Goods,East,Retail Store,SP_006,17,107.99,0.1,1652.25,752.85,0,L,1
TXN004276,2022-05-03,2022,5,2,Tuesday,Books,South,Mobile App,SP_035,10,26.51,0.1,238.59,169.35,1,S,1
TXN004782,2022-05-03,2022,5,2,Tuesday,Clothing,North,Wholesale,SP_038,5,71.86,0.1,323.37,199.99,0,S,1
TXN000132,2022-05-05,2022,5,2,Thursday,Books,West,Retail Store,SP_027,5,26.06,0.0,130.3,88.32,0,XS,0
TXN000073,2022-05-05,2022,5,2,Thursday,Home Goods,West,Online,SP_019,12,127.78,0.0,1533.36,684.95,0,L,0
TXN001817,2022-05-06,2022,5,2,Friday,Clothing,West,Retail Store,SP_021,8,76.52,0.0,612.16,393.59,1,M,0
TXN002172,2022-05-06,2022,5,2,Friday,Books,South,Wholesale,SP_020,2,24.82,0.0,49.64,30.97,0,XS,0
TXN000423,2022-05-06,2022,5,2,Friday,Sports,West,Online,SP_016,8,85.47,0.05,649.57,267.24,0,M,1
TXN001439,2022-05-06,2022,5,2,Friday,Home Goods,South,Online,SP_005,15,116.55,0.0,1748.25,815.37,1,L,0
TXN002805,2022-05-06,2022,5,2,Friday,Clothing,East,Mobile App,SP_012,5,64.58,0.15,274.46,126.49,0,S,1
TXN000125,2022-05-06,2022,5,2,Friday,Clothing,East,Online,SP_036,6,78.78,0.05,449.05,258.78,0,S,1
TXN003093,2022-05-07,2022,5,2,Saturday,Books,North,Online,SP_040,5,28.27,0.05,134.28,70.73,0,XS,1
TXN004355,2022-05-07,2022,5,2,Saturday,Sports,West,Mobile App,SP_016,8,103.65,0.0,829.2,347.8,1,M,0
TXN001582,2022-05-08,2022,5,2,Sunday,Clothing,Central,Retail Store,SP_031,5,70.23,0.05,333.59,147.46,0,S,1
TXN004471,2022-05-08,2022,5,2,Sunday,Home Goods,North,Retail Store,SP_034,9,112.22,0.0,1009.98,389.09,0,L,0
TXN003584,2022-05-08,2022,5,2,Sunday,Home Goods,South,Online,SP_009,12,136.86,0.1,1478.09,598.47,0,L,1
TXN002767,2022-05-08,2022,5,2,Sunday,Sports,South,Online,SP_010,9,106.35,0.05,909.29,315.01,0,M,1
TXN000228,2022-05-08,2022,5,2,Sunday,Books,West,Retail Store,SP_006,3,26.1,0.05,74.39,57.53,0,XS,1
TXN002057,2022-05-09,2022,5,2,Monday,Books,North,Wholesale,SP_019,5,28.61,0.1,128.75,70.47,1,XS,1
TXN004250,2022-05-11,2022,5,2,Wednesday,Electronics,South,Retail Store,SP_040,8,444.87,0.05,3381.01,1118.43,0,L,1
TXN003780,2022-05-11,2022,5,2,Wednesday,Electronics,East,Mobile App,SP_025,5,512.11,0.15,2176.47,541.27,0,L,1
TXN001819,2022-05-11,2022,5,2,Wednesday,Clothing,West,Online,SP_039,2,76.07,0.1,136.93,66.74,0,XS,1
TXN000669,2022-05-11,2022,5,2,Wednesday,Home Goods,South,Retail Store,SP_013,9,130.86,0.1,1059.97,434.78,0,L,1
TXN004662,2022-05-11,2022,5,2,Wednesday,Clothing,North,Retail Store,SP_019,5,79.6,0.15,338.3,215.53,0,S,1
TXN000332,2022-05-12,2022,5,2,Thursday,Books,South,Mobile App,SP_016,3,23.0,0.05,65.55,34.49,0,XS,1
TXN003625,2022-05-12,2022,5,2,Thursday,Home Goods,Central,Wholesale,SP_012,12,137.52,0.05,1567.73,615.08,0,L,1
TXN004201,2022-05-13,2022,5,2,Friday,Home Goods,East,Online,SP_007,8,126.83,0.0,1014.64,420.68,0,L,0
TXN002317,2022-05-13,2022,5,2,Friday,Sports,West,Wholesale,SP_028,8,105.19,0.0,841.52,283.45,1,M,0
TXN000088,2022-05-13,2022,5,2,Friday,Electronics,East,Online,SP_037,4,455.33,0.1,1639.19,512.35,0,L,1
TXN001826,2022-05-13,2022,5,2,Friday,Sports,South,Wholesale,SP_007,9,100.31,0.0,902.79,376.26,0,M,0
TXN000328,2022-05-13,2022,5,2,Friday,Home Goods,South,Wholesale,SP_006,17,113.71,0.15,1643.11,562.92,0,L,1
TXN000664,2022-05-14,2022,5,2,Saturday,Home Goods,West,Mobile App,SP_038,9,123.81,0.15,947.15,428.33,0,M,1
TXN002862,2022-05-14,2022,5,2,Saturday,Sports,Central,Mobile App,SP_030,6,89.69,0.05,511.23,201.71,0,M,1
TXN002750,2022-05-14,2022,5,2,Saturday,Home Goods,Central,Wholesale,SP_010,6,136.31,0.0,817.86,363.71,0,M,0
TXN002245,2022-05-14,2022,5,2,Saturday,Books,South,Wholesale,SP_011,9,25.02,0.05,213.92,122.55,0,S,1
TXN003604,2022-05-14,2022,5,2,Saturday,Electronics,East,Retail Store,SP_038,6,481.19,0.0,2887.14,716.44,1,L,0
TXN001302,2022-05-14,2022,5,2,Saturday,Clothing,South,Online,SP_007,5,78.46,0.05,372.68,207.83,0,S,1
TXN004065,2022-05-14,2022,5,2,Saturday,Clothing,Central,Online,SP_017,8,69.63,0.05,529.19,296.5,0,M,1
TXN004416,2022-05-14,2022,5,2,Saturday,Books,South,Mobile App,SP_025,5,27.28,0.05,129.58,92.88,0,XS,1
TXN004998,2022-05-15,2022,5,2,Sunday,Electronics,Central,Online,SP_037,3,425.55,0.05,1212.82,384.72,0,L,1
TXN001791,2022-05-15,2022,5,2,Sunday,Books,Central,Mobile App,SP_003,5,27.72,0.0,138.6,78.35,0,XS,0
TXN001653,2022-05-15,2022,5,2,Sunday,Home Goods,South,Wholesale,SP_015,11,121.07,0.05,1265.18,633.92,0,L,1
TXN004440,2022-05-15,2022,5,2,Sunday,Clothing,South,Online,SP_037,7,80.09,0.1,504.57,243.6,0,M,1
TXN001620,2022-05-16,2022,5,2,Monday,Home Goods,South,Mobile App,SP_031,16,113.49,0.1,1634.26,569.62,0,L,1
TXN003139,2022-05-16,2022,5,2,Monday,Sports,North,Online,SP_034,5,88.77,0.15,377.27,147.83,0,S,1
TXN004483,2022-05-16,2022,5,2,Monday,Clothing,South,Online,SP_021,3,78.68,0.05,224.24,143.73,0,S,1
TXN004537,2022-05-16,2022,5,2,Monday,Sports,Central,Mobile App,SP_010,6,92.25,0.15,470.47,162.9,0,S,1
TXN000140,2022-05-16,2022,5,2,Monday,Books,West,Retail Store,SP_011,8,23.85,0.0,190.8,147.61,0,XS,0
TXN001202,2022-05-16,2022,5,2,Monday,Electronics,Central,Retail Store,SP_035,2,393.85,0.0,787.7,192.44,1,M,0
TXN004986,2022-05-17,2022,5,2,Tuesday,Electronics,West,Online,SP_023,8,482.61,0.0,3860.88,1245.84,0,L,0
TXN002330,2022-05-17,2022,5,2,Tuesday,Home Goods,North,Wholesale,SP_023,10,113.09,0.05,1074.36,442.2,0,L,1
TXN001430,2022-05-17,2022,5,2,Tuesday,Electronics,North,Mobile App,SP_010,9,412.37,0.1,3340.2,945.5,0,L,1
TXN000963,2022-05-17,2022,5,2,Tuesday,Electronics,North,Wholesale,SP_032,5,470.59,0.2,1882.36,550.69,1,L,1
TXN003735,2022-05-17,2022,5,2,Tuesday,Sports,North,Online,SP_040,8,109.09,0.0,872.72,376.84,0,M,0
TXN004172,2022-05-18,2022,5,2,Wednesday,Home Goods,North,Wholesale,SP_021,16,107.42,0.05,1632.78,802.9,0,L,1
TXN003742,2022-05-19,2022,5,2,Thursday,Clothing,South,Retail Store,SP_032,4,76.18,0.0,304.72,182.37,0,S,0
TXN000286,2022-05-20,2022,5,2,Friday,Home Goods,Central,Wholesale,SP_015,12,137.86,0.15,1406.17,667.47,0,L,1
TXN002074,2022-05-20,2022,5,2,Friday,Clothing,East,Retail Store,SP_021,10,68.31,0.05,648.94,400.91,0,M,1
TXN001030,2022-05-20,2022,5,2,Friday,Home Goods,South,Wholesale,SP_031,15,131.0,0.1,1768.5,642.23,0,L,1
TXN002533,2022-05-20,2022,5,2,Friday,Books,West,Mobile App,SP_008,4,27.0,0.0,108.0,83.34,0,XS,0
TXN004804,2022-05-21,2022,5,2,Saturday,Home Goods,West,Mobile App,SP_037,10,105.38,0.1,948.42,460.87,0,M,1
TXN001278,2022-05-21,2022,5,2,Saturday,Clothing,West,Online,SP_024,6,86.11,0.05,490.83,274.66,0,S,1
TXN003652,2022-05-21,2022,5,2,Saturday,Books,Central,Wholesale,SP_038,10,21.7,0.0,217.0,130.79,0,S,0
TXN001956,2022-05-21,2022,5,2,Saturday,Books,Central,Retail Store,SP_007,8,22.31,0.2,142.78,91.06,0,XS,1
TXN000920,2022-05-21,2022,5,2,Saturday,Clothing,East,Mobile App,SP_038,8,65.68,0.0,525.44,343.27,0,M,0
TXN002176,2022-05-21,2022,5,2,Saturday,Clothing,Central,Wholesale,SP_012,11,73.24,0.15,684.79,352.39,0,M,1
TXN000307,2022-05-22,2022,5,2,Sunday,Books,North,Mobile App,SP_034,8,22.78,0.1,164.02,99.81,1,XS,1
TXN000398,2022-05-22,2022,5,2,Sunday,Home Goods,North,Mobile App,SP_017,6,134.94,0.0,809.64,386.82,0,M,0
TXN001203,2022-05-22,2022,5,2,Sunday,Electronics,East,Retail Store,SP_033,5,470.76,0.2,1883.04,514.18,0,L,1
TXN000712,2022-05-22,2022,5,2,Sunday,Electronics,South,Mobile App,SP_007,7,514.2,0.05,3419.43,893.58,0,L,1
TXN002926,2022-05-22,2022,5,2,Sunday,Sports,South,Retail Store,SP_029,4,82.82,0.05,314.72,97.95,0,S,1
TXN002792,2022-05-23,2022,5,2,Monday,Books,East,Online,SP_040,4,22.37,0.0,89.48,64.49,1,XS,0
TXN000205,2022-05-23,2022,5,2,Monday,Sports,West,Retail Store,SP_024,4,108.29,0.0,433.16,168.4,0,S,0
TXN000026,2022-05-23,2022,5,2,Monday,Clothing,North,Wholesale,SP_002,8,82.56,0.05,627.46,372.16,0,M,1
TXN000577,2022-05-24,2022,5,2,Tuesday,Home Goods,West,Wholesale,SP_019,15,126.34,0.05,1800.35,727.41,1,L,1
TXN004972,2022-05-24,2022,5,2,Tuesday,Sports,West,Mobile App,SP_001,4,88.93,0.0,355.72,149.56,0,S,0
TXN002619,2022-05-24,2022,5,2,Tuesday,Home Goods,Central,Retail Store,SP_014,14,116.5,0.1,1467.9,652.28,1,L,1
TXN003416,2022-05-25,2022,5,2,Wednesday,Books,Central,Retail Store,SP_012,5,28.15,0.0,140.75,93.92,0,XS,0
TXN001398,2022-05-25,2022,5,2,Wednesday,Clothing,Central,Online,SP_001,10,70.45,0.05,669.27,359.46,0,M,1
TXN003131,2022-05-25,2022,5,2,Wednesday,Home Goods,West,Mobile App,SP_016,10,107.86,0.05,1024.67,458.92,0,L,1
TXN004682,2022-05-25,2022,5,2,Wednesday,Home Goods,East,Wholesale,SP_028,23,133.35,0.0,3067.05,1114.21,0,L,0
TXN004009,2022-05-25,2022,5,2,Wednesday,Books,West,Mobile App,SP_019,3,26.59,0.0,79.77,45.35,0,XS,0
TXN001296,2022-05-25,2022,5,2,Wednesday,Home Goods,West,Mobile App,SP_033,13,121.73,0.05,1503.37,547.96,0,L,1
TXN004083,2022-05-26,2022,5,2,Thursday,Electronics,East,Wholesale,SP_024,1,465.99,0.0,465.99,135.78,1,S,0
TXN002077,2022-05-26,2022,5,2,Thursday,Sports,Central,Mobile App,SP_002,4,95.11,0.0,380.44,137.46,0,S,0
TXN003070,2022-05-26,2022,5,2,Thursday,Home Goods,South,Online,SP_025,12,112.81,0.1,1218.35,613.88,0,L,1
TXN004460,2022-05-26,2022,5,2,Thursday,Electronics,Central,Retail Store,SP_037,7,405.36,0.2,2270.02,679.33,0,L,1
TXN000033,2022-05-27,2022,5,2,Friday,Electronics,West,Online,SP_004,13,498.39,0.1,5831.16,1586.35,0,XL,1
TXN003615,2022-05-27,2022,5,2,Friday,Clothing,Central,Retail Store,SP_009,7,85.6,0.0,599.2,385.57,1,M,0
TXN001359,2022-05-27,2022,5,2,Friday,Books,North,Wholesale,SP_020,6,21.88,0.05,124.72,91.53,0,XS,1
TXN001365,2022-05-28,2022,5,2,Saturday,Clothing,West,Mobile App,SP_024,10,77.05,0.0,770.5,388.78,0,M,0
TXN001595,2022-05-28,2022,5,2,Saturday,Electronics,North,Online,SP_029,4,469.21,0.1,1689.16,464.52,0,L,1
TXN000218,2022-05-28,2022,5,2,Saturday,Electronics,West,Wholesale,SP_036,3,482.52,0.15,1230.43,319.2,0,L,1
TXN001567,2022-05-28,2022,5,2,Saturday,Clothing,West,Retail Store,SP_020,13,85.08,0.0,1106.04,547.4,0,L,0
TXN000144,2022-05-28,2022,5,2,Saturday,Sports,East,Retail Store,SP_025,4,82.53,0.15,280.6,107.03,1,S,1
TXN004930,2022-05-28,2022,5,2,Saturday,Sports,Central,Online,SP_020,5,95.94,0.1,431.73,182.8,0,S,1
TXN000711,2022-05-28,2022,5,2,Saturday,Sports,North,Online,SP_016,7,97.3,0.0,681.1,247.24,0,M,0
TXN002454,2022-05-28,2022,5,2,Saturday,Electronics,West,Mobile App,SP_035,6,483.65,0.0,2901.9,819.26,1,L,0
TXN004211,2022-05-28,2022,5,2,Saturday,Books,North,Mobile App,SP_001,8,27.88,0.0,223.04,145.27,1,S,0
TXN000882,2022-05-29,2022,5,2,Sunday,Sports,North,Mobile App,SP_010,9,95.08,0.1,770.15,291.7,1,M,1
TXN002470,2022-05-29,2022,5,2,Sunday,Books,East,Retail Store,SP_020,7,22.63,0.15,134.65,83.4,0,XS,1
TXN001735,2022-05-29,2022,5,2,Sunday,Electronics,Central,Mobile App,SP_023,9,436.62,0.0,3929.58,1246.73,0,L,0
TXN000994,2022-05-29,2022,5,2,Sunday,Sports,West,Retail Store,SP_009,10,98.82,0.0,988.2,339.01,0,M,0
TXN004554,2022-05-29,2022,5,2,Sunday,Sports,West,Wholesale,SP_001,6,86.73,0.05,494.36,154.67,0,S,1
TXN004928,2022-05-30,2022,5,2,Monday,Sports,Central,Retail Store,SP_005,4,104.15,0.0,416.6,149.1,0,S,0
TXN001015,2022-05-30,2022,5,2,Monday,Books,Central,Mobile App,SP_036,3,23.07,0.0,69.21,49.91,1,XS,0
TXN000099,2022-05-30,2022,5,2,Monday,Clothing,North,Retail Store,SP_021,12,79.23,0.0,950.76,432.52,0,M,0
TXN001605,2022-05-30,2022,5,2,Monday,Sports,East,Online,SP_011,8,82.04,0.2,525.06,192.17,1,M,1
TXN003293,2022-05-31,2022,5,2,Tuesday,Clothing,North,Online,SP_011,5,80.15,0.1,360.68,214.31,0,S,1
TXN003875,2022-05-31,2022,5,2,Tuesday,Home Goods,South,Mobile App,SP_039,4,110.68,0.1,398.45,187.26,0,S,1
TXN002379,2022-05-31,2022,5,2,Tuesday,Electronics,West,Online,SP_025,9,513.73,0.0,4623.57,1058.26,0,L,0
TXN001931,2022-05-31,2022,5,2,Tuesday,Books,East,Mobile App,SP_017,6,22.68,0.2,108.86,79.75,1,XS,1
TXN004265,2022-05-31,2022,5,2,Tuesday,Clothing,East,Wholesale,SP_027,7,67.09,0.0,469.63,293.96,0,S,0
TXN000518,2022-06-01,2022,6,2,Wednesday,Books,East,Wholesale,SP_028,6,28.75,0.15,146.62,106.83,0,XS,1
TXN002260,2022-06-01,2022,6,2,Wednesday,Sports,South,Mobile App,SP_030,13,108.6,0.1,1270.62,399.83,0,L,1
TXN004599,2022-06-01,2022,6,2,Wednesday,Sports,South,Online,SP_017,8,90.41,0.05,687.12,284.9,0,M,1
TXN002142,2022-06-01,2022,6,2,Wednesday,Books,North,Online,SP_016,4,26.01,0.1,93.64,52.5,0,XS,1
TXN004509,2022-06-02,2022,6,2,Thursday,Home Goods,East,Online,SP_003,8,117.62,0.05,893.91,370.29,0,M,1
TXN003171,2022-06-02,2022,6,2,Thursday,Books,East,Retail Store,SP_023,8,26.09,0.0,208.72,146.88,0,S,0
TXN001389,2022-06-02,2022,6,2,Thursday,Books,East,Wholesale,SP_029,8,24.27,0.05,184.45,130.57,1,XS,1
TXN001509,2022-06-03,2022,6,2,Friday,Books,West,Wholesale,SP_039,6,25.35,0.1,136.89,90.15,0,XS,1
TXN002127,2022-06-03,2022,6,2,Friday,Clothing,East,Wholesale,SP_030,4,67.53,0.05,256.61,119.94,0,S,1
TXN003674,2022-06-03,2022,6,2,Friday,Home Goods,East,Retail Store,SP_021,19,126.36,0.0,2400.84,1029.23,0,L,0
TXN000978,2022-06-03,2022,6,2,Friday,Electronics,North,Wholesale,SP_001,5,506.35,0.1,2278.58,683.9,0,L,1
TXN003771,2022-06-03,2022,6,2,Friday,Books,South,Retail Store,SP_014,7,26.0,0.05,172.9,92.64,0,XS,1
TXN001739,2022-06-04,2022,6,2,Saturday,Books,North,Wholesale,SP_003,3,21.81,0.05,62.16,42.68,0,XS,1
TXN000651,2022-06-04,2022,6,2,Saturday,Home Goods,Central,Wholesale,SP_026,13,121.95,0.1,1426.82,662.08,0,L,1
TXN004043,2022-06-04,2022,6,2,Saturday,Electronics,South,Mobile App,SP_025,6,408.5,0.05,2328.45,621.84,0,L,1
TXN001339,2022-06-05,2022,6,2,Sunday,Sports,South,Retail Store,SP_005,14,82.45,0.05,1096.58,425.95,0,L,1
TXN000142,2022-06-05,2022,6,2,Sunday,Sports,East,Online,SP_030,12,86.91,0.15,886.48,352.98,0,M,1
TXN002621,2022-06-06,2022,6,2,Monday,Home Goods,Central,Online,SP_026,11,117.19,0.0,1289.09,584.89,0,L,0
TXN002797,2022-06-06,2022,6,2,Monday,Home Goods,North,Mobile App,SP_028,9,133.98,0.0,1205.82,425.93,1,L,0
TXN001209,2022-06-06,2022,6,2,Monday,Books,North,Retail Store,SP_006,8,21.91,0.0,175.28,119.89,0,XS,0
TXN002402,2022-06-07,2022,6,2,Tuesday,Electronics,East,Retail Store,SP_034,3,477.24,0.05,1360.13,406.31,0,L,1
TXN002416,2022-06-07,2022,6,2,Tuesday,Books,South,Mobile App,SP_039,8,23.68,0.1,170.5,118.26,0,XS,1
TXN004701,2022-06-07,2022,6,2,Tuesday,Sports,East,Wholesale,SP_027,14,85.25,0.05,1133.83,442.1,0,L,1
TXN003596,2022-06-08,2022,6,2,Wednesday,Books,West,Mobile App,SP_010,2,25.26,0.0,50.52,26.96,0,XS,0
TXN003499,2022-06-08,2022,6,2,Wednesday,Books,East,Mobile App,SP_020,8,26.11,0.05,198.44,120.03,0,XS,1
TXN003867,2022-06-08,2022,6,2,Wednesday,Electronics,West,Mobile App,SP_014,2,413.43,0.0,826.86,220.15,0,M,0
TXN001401,2022-06-09,2022,6,2,Thursday,Electronics,Central,Online,SP_025,7,503.91,0.15,2998.26,845.98,0,L,1
TXN004683,2022-06-09,2022,6,2,Thursday,Books,West,Mobile App,SP_023,4,27.66,0.0,110.64,80.86,0,XS,0
TXN000290,2022-06-10,2022,6,2,Friday,Sports,South,Retail Store,SP_035,23,86.78,0.0,1995.94,908.82,0,L,0
TXN003837,2022-06-10,2022,6,2,Friday,Sports,North,Wholesale,SP_015,10,105.4,0.0,1054.0,461.42,0,L,0
TXN003379,2022-06-10,2022,6,2,Friday,Clothing,Central,Mobile App,SP_012,3,69.4,0.0,208.2,114.7,0,S,0
TXN000482,2022-06-10,2022,6,2,Friday,Electronics,North,Online,SP_025,7,430.36,0.05,2861.89,822.03,0,L,1
TXN003197,2022-06-11,2022,6,2,Saturday,Home Goods,South,Retail Store,SP_014,11,106.95,0.15,999.98,449.34,0,M,1
TXN004444,2022-06-11,2022,6,2,Saturday,Home Goods,East,Wholesale,SP_016,8,130.24,0.1,937.73,449.08,0,M,1
TXN004559,2022-06-11,2022,6,2,Saturday,Electronics,West,Online,SP_001,4,503.74,0.0,2014.96,486.83,0,L,0
TXN003445,2022-06-12,2022,6,2,Sunday,Home Goods,Central,Retail Store,SP_003,9,124.32,0.0,1118.88,390.72,0,L,0
TXN003897,2022-06-12,2022,6,2,Sunday,Books,North,Mobile App,SP_026,5,26.0,0.0,130.0,83.46,0,XS,0
TXN004956,2022-06-12,2022,6,2,Sunday,Electronics,East,Online,SP_003,5,411.37,0.1,1851.16,571.09,0,L,1
TXN002239,2022-06-12,2022,6,2,Sunday,Electronics,South,Retail Store,SP_015,10,386.4,0.15,3284.4,896.45,0,L,1
TXN000684,2022-06-12,2022,6,2,Sunday,Home Goods,North,Mobile App,SP_008,9,117.68,0.0,1059.12,429.68,0,L,0
TXN004291,2022-06-13,2022,6,2,Monday,Home Goods,South,Wholesale,SP_013,17,132.1,0.05,2133.41,933.19,0,L,1
TXN004873,2022-06-13,2022,6,2,Monday,Clothing,North,Wholesale,SP_005,6,73.28,0.0,439.68,275.01,1,S,0
TXN001994,2022-06-13,2022,6,2,Monday,Sports,Central,Wholesale,SP_014,15,98.24,0.15,1252.56,499.07,0,L,1
TXN000665,2022-06-13,2022,6,2,Monday,Electronics,West,Retail Store,SP_015,7,423.43,0.1,2667.61,806.08,0,L,1
TXN004506,2022-06-13,2022,6,2,Monday,Clothing,Central,Mobile App,SP_026,6,68.78,0.1,371.41,236.27,1,S,1
TXN001120,2022-06-14,2022,6,2,Tuesday,Clothing,East,Mobile App,SP_033,7,74.54,0.0,521.78,331.47,1,M,0
TXN002607,2022-06-14,2022,6,2,Tuesday,Electronics,Central,Mobile App,SP_008,11,512.6,0.0,5638.6,1658.3,1,XL,0
TXN002885,2022-06-14,2022,6,2,Tuesday,Home Goods,Central,Mobile App,SP_019,9,113.5,0.0,1021.5,348.56,0,L,0
TXN004718,2022-06-14,2022,6,2,Tuesday,Electronics,Central,Online,SP_027,6,489.69,0.1,2644.33,875.53,0,L,1
TXN002916,2022-06-14,2022,6,2,Tuesday,Sports,South,Retail Store,SP_002,22,106.83,0.0,2350.26,720.14,0,L,0
TXN004512,2022-06-15,2022,6,2,Wednesday,Clothing,East,Retail Store,SP_040,9,82.58,0.05,706.06,399.36,0,M,1
TXN003467,2022-06-15,2022,6,2,Wednesday,Electronics,South,Retail Store,SP_021,4,426.09,0.0,1704.36,471.57,1,L,0
TXN001643,2022-06-15,2022,6,2,Wednesday,Home Goods,North,Wholesale,SP_035,17,125.36,0.1,1918.01,746.01,0,L,1
TXN003122,2022-06-15,2022,6,2,Wednesday,Electronics,Central,Retail Store,SP_029,4,453.5,0.1,1632.6,427.35,0,L,1
TXN004377,2022-06-16,2022,6,2,Thursday,Books,South,Wholesale,SP_035,6,25.68,0.05,146.38,78.92,0,XS,1
TXN004720,2022-06-16,2022,6,2,Thursday,Electronics,South,Wholesale,SP_034,4,465.9,0.05,1770.42,525.76,0,L,1
TXN000525,2022-06-16,2022,6,2,Thursday,Sports,West,Mobile App,SP_003,12,104.75,0.05,1194.15,401.01,0,L,1
TXN000676,2022-06-16,2022,6,2,Thursday,Clothing,Central,Wholesale,SP_016,3,83.89,0.0,251.67,165.14,0,S,0
TXN003541,2022-06-16,2022,6,2,Thursday,Electronics,West,Mobile App,SP_032,3,411.34,0.0,1234.02,308.32,1,L,0
TXN001634,2022-06-17,2022,6,2,Friday,Clothing,West,Mobile App,SP_016,6,68.86,0.0,413.16,204.0,1,S,0
TXN002200,2022-06-17,2022,6,2,Friday,Sports,South,Retail Store,SP_015,14,101.45,0.15,1207.25,374.19,0,L,1
TXN002252,2022-06-17,2022,6,2,Friday,Clothing,Central,Online,SP_032,3,65.59,0.05,186.93,121.9,0,XS,1
TXN001041,2022-06-18,2022,6,2,Saturday,Clothing,Central,Wholesale,SP_019,5,71.43,0.0,357.15,209.15,0,S,0
TXN000623,2022-06-18,2022,6,2,Saturday,Books,Central,Mobile App,SP_010,13,26.31,0.0,342.03,234.17,1,S,0
TXN004981,2022-06-19,2022,6,2,Sunday,Home Goods,North,Wholesale,SP_038,9,115.34,0.0,1038.06,401.36,1,L,0
TXN004417,2022-06-19,2022,6,2,Sunday,Electronics,South,Wholesale,SP_037,9,400.69,0.0,3606.21,851.91,1,L,0
TXN002096,2022-06-19,2022,6,2,Sunday,Clothing,South,Online,SP_036,7,71.13,0.0,497.91,243.24,0,S,0
TXN000058,2022-06-19,2022,6,2,Sunday,Clothing,Central,Wholesale,SP_003,5,64.92,0.0,324.6,166.86,0,S,0
TXN000662,2022-06-19,2022,6,2,Sunday,Clothing,West,Online,SP_036,3,66.08,0.0,198.24,106.04,0,XS,0
TXN002374,2022-06-20,2022,6,2,Monday,Home Goods,South,Mobile App,SP_032,16,131.73,0.15,1791.53,638.7,0,L,1
TXN000649,2022-06-20,2022,6,2,Monday,Books,West,Wholesale,SP_040,10,28.28,0.0,282.8,186.02,0,S,0
TXN001954,2022-06-20,2022,6,2,Monday,Home Goods,East,Mobile App,SP_024,16,124.75,0.0,1996.0,707.69,0,L,0
TXN004385,2022-06-21,2022,6,2,Tuesday,Electronics,East,Online,SP_013,8,496.41,0.1,3574.15,984.9,0,L,1
TXN000049,2022-06-21,2022,6,2,Tuesday,Clothing,West,Mobile App,SP_036,5,70.02,0.0,350.1,167.68,1,S,0
TXN000962,2022-06-22,2022,6,2,Wednesday,Home Goods,West,Online,SP_019,16,129.2,0.05,1963.84,859.48,0,L,1
TXN003296,2022-06-22,2022,6,2,Wednesday,Home Goods,North,Wholesale,SP_028,8,111.59,0.0,892.72,325.41,1,M,0
TXN004371,2022-06-22,2022,6,2,Wednesday,Electronics,Central,Retail Store,SP_033,5,497.21,0.15,2113.14,498.24,1,L,1
TXN002845,2022-06-22,2022,6,2,Wednesday,Clothing,South,Retail Store,SP_014,3,66.03,0.2,158.47,80.65,0,XS,1
TXN004564,2022-06-22,2022,6,2,Wednesday,Clothing,Central,Wholesale,SP_016,8,85.12,0.2,544.77,254.35,0,M,1
TXN000548,2022-06-23,2022,6,2,Thursday,Books,South,Wholesale,SP_027,7,24.93,0.0,174.51,133.87,1,XS,0
TXN004780,2022-06-23,2022,6,2,Thursday,Clothing,Central,Retail Store,SP_037,4,76.79,0.0,307.16,157.38,0,S,0
TXN001941,2022-06-23,2022,6,2,Thursday,Clothing,South,Wholesale,SP_026,9,82.16,0.1,665.5,319.48,0,M,1
TXN002040,2022-06-23,2022,6,2,Thursday,Sports,West,Wholesale,SP_003,12,93.41,0.0,1120.92,415.02,0,L,0
TXN001727,2022-06-23,2022,6,2,Thursday,Books,North,Retail Store,SP_034,8,26.4,0.05,200.64,135.77,0,S,1
TXN000019,2022-06-24,2022,6,2,Friday,Books,South,Online,SP_020,9,26.18,0.1,212.06,141.61,0,S,1
TXN001375,2022-06-24,2022,6,2,Friday,Clothing,West,Retail Store,SP_031,9,70.29,0.1,569.35,340.13,0,M,1
TXN001948,2022-06-24,2022,6,2,Friday,Clothing,East,Wholesale,SP_026,3,68.97,0.0,206.91,132.79,0,S,0
TXN004104,2022-06-24,2022,6,2,Friday,Sports,West,Wholesale,SP_003,8,108.28,0.1,779.62,300.09,1,M,1
TXN001058,2022-06-25,2022,6,2,Saturday,Books,East,Mobile App,SP_011,3,26.21,0.0,78.63,55.63,0,XS,0
TXN002410,2022-06-25,2022,6,2,Saturday,Home Goods,North,Online,SP_016,14,118.73,0.0,1662.22,795.06,0,L,0
TXN002707,2022-06-26,2022,6,2,Sunday,Home Goods,East,Retail Store,SP_007,10,126.2,0.1,1135.8,442.11,0,L,1
TXN004024,2022-06-26,2022,6,2,Sunday,Clothing,Central,Mobile App,SP_005,4,64.19,0.05,243.92,157.77,0,S,1
TXN000006,2022-06-26,2022,6,2,Sunday,Electronics,West,Online,SP_025,5,419.13,0.0,2095.65,663.94,0,L,0
TXN003153,2022-06-26,2022,6,2,Sunday,Sports,West,Online,SP_004,13,100.45,0.0,1305.85,552.25,0,L,0
TXN003156,2022-06-26,2022,6,2,Sunday,Books,East,Online,SP_032,6,27.89,0.1,150.61,112.27,0,XS,1
TXN004913,2022-06-26,2022,6,2,Sunday,Clothing,East,Wholesale,SP_038,10,64.61,0.15,549.19,350.41,0,M,1
TXN000590,2022-06-26,2022,6,2,Sunday,Clothing,South,Wholesale,SP_001,9,65.12,0.0,586.08,311.17,0,M,0
TXN003952,2022-06-26,2022,6,2,Sunday,Electronics,West,Retail Store,SP_038,3,504.53,0.0,1513.59,364.4,0,L,0
TXN000112,2022-06-26,2022,6,2,Sunday,Books,South,Mobile App,SP_008,10,28.56,0.05,271.32,186.96,0,S,1
TXN002465,2022-06-27,2022,6,2,Monday,Sports,Central,Retail Store,SP_005,17,97.54,0.05,1575.27,664.39,0,L,1
TXN000493,2022-06-27,2022,6,2,Monday,Electronics,Central,Mobile App,SP_012,8,454.7,0.0,3637.6,1220.7,0,L,0
TXN000879,2022-06-27,2022,6,2,Monday,Clothing,West,Online,SP_032,11,73.55,0.2,647.24,295.09,0,M,1
TXN004834,2022-06-28,2022,6,2,Tuesday,Electronics,North,Retail Store,SP_031,8,433.84,0.15,2950.11,818.3,1,L,1
TXN000113,2022-06-29,2022,6,2,Wednesday,Clothing,North,Online,SP_011,2,74.16,0.1,133.49,84.23,0,XS,1
TXN002429,2022-06-29,2022,6,2,Wednesday,Electronics,Central,Mobile App,SP_037,5,468.27,0.0,2341.35,748.35,0,L,0
TXN001292,2022-06-29,2022,6,2,Wednesday,Sports,West,Wholesale,SP_039,13,102.06,0.05,1260.44,489.85,0,L,1
TXN002079,2022-06-29,2022,6,2,Wednesday,Electronics,West,Mobile App,SP_013,6,412.16,0.1,2225.66,735.35,0,L,1
TXN001047,2022-06-30,2022,6,2,Thursday,Home Goods,West,Mobile App,SP_009,14,130.12,0.05,1730.6,688.09,0,L,1
TXN004450,2022-06-30,2022,6,2,Thursday,Sports,South,Mobile App,SP_011,16,103.28,0.0,1652.48,593.84,1,L,0
TXN003370,2022-06-30,2022,6,2,Thursday,Books,West,Mobile App,SP_004,4,24.84,0.0,99.36,53.27,0,XS,0
TXN003564,2022-07-01,2022,7,3,Friday,Home Goods,West,Wholesale,SP_017,6,122.28,0.05,697.0,310.82,0,M,1
TXN003145,2022-07-01,2022,7,3,Friday,Electronics,South,Online,SP_033,6,397.87,0.0,2387.22,651.31,1,L,0
TXN001020,2022-07-01,2022,7,3,Friday,Home Goods,South,Wholesale,SP_039,12,108.82,0.0,1305.84,558.95,0,L,0
TXN000018,2022-07-01,2022,7,3,Friday,Home Goods,North,Wholesale,SP_028,5,125.89,0.0,629.45,212.03,1,M,0
TXN002186,2022-07-01,2022,7,3,Friday,Books,East,Retail Store,SP_010,12,24.5,0.0,294.0,167.77,0,S,0
TXN004099,2022-07-02,2022,7,3,Saturday,Books,East,Mobile App,SP_009,6,22.71,0.0,136.26,90.42,1,XS,0
TXN004771,2022-07-02,2022,7,3,Saturday,Clothing,South,Retail Store,SP_013,8,71.22,0.1,512.78,293.12,0,M,1
TXN000181,2022-07-02,2022,7,3,Saturday,Electronics,South,Wholesale,SP_020,8,498.02,0.15,3386.54,844.75,0,L,1
TXN000689,2022-07-02,2022,7,3,Saturday,Books,West,Wholesale,SP_029,7,28.48,0.1,179.42,118.44,0,XS,1
TXN003870,2022-07-03,2022,7,3,Sunday,Books,South,Wholesale,SP_036,11,23.74,0.1,235.03,122.81,0,S,1
TXN002739,2022-07-03,2022,7,3,Sunday,Electronics,South,Online,SP_006,5,469.91,0.1,2114.6,641.01,0,L,1
TXN004186,2022-07-03,2022,7,3,Sunday,Books,North,Retail Store,SP_001,6,23.12,0.1,124.85,81.33,0,XS,1
TXN003691,2022-07-03,2022,7,3,Sunday,Sports,Central,Online,SP_015,17,95.26,0.0,1619.42,661.17,0,L,0
TXN002810,2022-07-04,2022,7,3,Monday,Home Goods,South,Wholesale,SP_016,10,128.72,0.05,1222.84,555.6,0,L,1
TXN001396,2022-07-04,2022,7,3,Monday,Books,North,Retail Store,SP_015,4,23.48,0.0,93.92,62.93,0,XS,0
TXN000363,2022-07-04,2022,7,3,Monday,Sports,South,Online,SP_011,17,84.29,0.05,1361.28,594.91,0,L,1
TXN000092,2022-07-04,2022,7,3,Monday,Home Goods,South,Online,SP_018,10,110.34,0.15,937.89,463.67,0,M,1
TXN004241,2022-07-04,2022,7,3,Monday,Electronics,South,Online,SP_039,3,426.19,0.05,1214.64,369.11,0,L,1
TXN004300,2022-07-04,2022,7,3,Monday,Electronics,North,Wholesale,SP_010,6,391.58,0.05,2232.01,534.21,1,L,1
TXN001712,2022-07-04,2022,7,3,Monday,Clothing,Central,Mobile App,SP_035,10,79.26,0.05,752.97,396.4,0,M,1
TXN002987,2022-07-04,2022,7,3,Monday,Sports,South,Mobile App,SP_028,9,107.63,0.05,920.24,393.14,0,M,1
TXN002658,2022-07-04,2022,7,3,Monday,Electronics,North,Mobile App,SP_017,10,448.07,0.0,4480.7,1083.69,0,L,0
TXN000495,2022-07-05,2022,7,3,Tuesday,Books,North,Retail Store,SP_007,7,21.4,0.0,149.8,100.74,0,XS,0
TXN000434,2022-07-05,2022,7,3,Tuesday,Electronics,North,Wholesale,SP_028,7,433.39,0.0,3033.73,884.51,1,L,0
TXN000507,2022-07-05,2022,7,3,Tuesday,Home Goods,North,Wholesale,SP_020,5,120.12,0.0,600.6,279.01,0,M,0
TXN002484,2022-07-06,2022,7,3,Wednesday,Sports,South,Retail Store,SP_035,11,87.69,0.2,771.67,308.35,0,M,1
TXN001765,2022-07-06,2022,7,3,Wednesday,Books,West,Online,SP_011,4,22.48,0.05,85.42,61.94,0,XS,1
TXN000546,2022-07-07,2022,7,3,Thursday,Books,Central,Retail Store,SP_027,5,23.24,0.1,104.58,73.04,1,XS,1
TXN000778,2022-07-07,2022,7,3,Thursday,Sports,South,Retail Store,SP_014,11,84.34,0.0,927.74,413.55,0,M,0
TXN000928,2022-07-07,2022,7,3,Thursday,Books,Central,Retail Store,SP_006,4,21.69,0.05,82.42,62.77,0,XS,1
TXN000091,2022-07-08,2022,7,3,Friday,Books,Central,Mobile App,SP_030,2,24.46,0.05,46.47,28.81,0,XS,1
TXN003524,2022-07-08,2022,7,3,Friday,Clothing,North,Retail Store,SP_006,10,64.42,0.0,644.2,422.73,0,M,0
TXN004565,2022-07-08,2022,7,3,Friday,Electronics,West,Online,SP_006,5,416.86,0.05,1980.09,480.89,1,L,1
TXN002811,2022-07-09,2022,7,3,Saturday,Sports,West,Mobile App,SP_005,11,101.04,0.05,1055.87,429.37,0,L,1
TXN004551,2022-07-09,2022,7,3,Saturday,Sports,West,Online,SP_037,13,89.67,0.05,1107.42,393.0,0,L,1
TXN001848,2022-07-09,2022,7,3,Saturday,Sports,South,Wholesale,SP_033,8,96.43,0.05,732.87,295.29,0,M,1
TXN004726,2022-07-09,2022,7,3,Saturday,Home Goods,West,Wholesale,SP_021,7,117.25,0.05,779.71,370.24,0,M,1
TXN000825,2022-07-10,2022,7,3,Sunday,Clothing,East,Retail Store,SP_011,2,83.09,0.0,166.18,82.54,0,XS,0
TXN004757,2022-07-10,2022,7,3,Sunday,Sports,West,Wholesale,SP_001,9,87.05,0.15,665.93,233.14,0,M,1
TXN003353,2022-07-10,2022,7,3,Sunday,Clothing,North,Wholesale,SP_034,14,69.23,0.05,920.76,522.52,0,M,1
TXN001718,2022-07-10,2022,7,3,Sunday,Books,East,Wholesale,SP_037,10,22.38,0.1,201.42,123.96,1,S,1
TXN001883,2022-07-10,2022,7,3,Sunday,Clothing,South,Wholesale,SP_002,7,66.84,0.0,467.88,253.97,0,S,0
TXN002193,2022-07-11,2022,7,3,Monday,Clothing,West,Mobile App,SP_034,5,80.69,0.0,403.45,247.64,1,S,0
TXN002324,2022-07-11,2022,7,3,Monday,Books,East,Mobile App,SP_002,7,22.97,0.0,160.79,110.19,0,XS,0
TXN001394,2022-07-11,2022,7,3,Monday,Clothing,South,Online,SP_011,3,80.73,0.05,230.08,108.61,0,S,1
TXN002121,2022-07-11,2022,7,3,Monday,Clothing,South,Mobile App,SP_001,5,70.43,0.2,281.72,184.44,1,S,1
TXN000291,2022-07-11,2022,7,3,Monday,Clothing,North,Retail Store,SP_016,9,79.29,0.0,713.61,423.43,0,M,0
TXN003092,2022-07-12,2022,7,3,Tuesday,Electronics,Central,Retail Store,SP_011,7,471.66,0.0,3301.62,782.8,0,L,0
TXN000115,2022-07-12,2022,7,3,Tuesday,Books,Central,Mobile App,SP_029,10,22.6,0.0,226.0,131.48,1,S,0
TXN004870,2022-07-12,2022,7,3,Tuesday,Home Goods,West,Online,SP_022,11,136.0,0.05,1421.2,581.24,0,L,1
TXN000870,2022-07-13,2022,7,3,Wednesday,Home Goods,East,Wholesale,SP_007,5,111.1,0.0,555.5,190.43,0,M,0
TXN004304,2022-07-13,2022,7,3,Wednesday,Sports,East,Retail Store,SP_011,17,100.95,0.05,1630.34,697.51,0,L,1
TXN004194,2022-07-13,2022,7,3,Wednesday,Sports,East,Retail Store,SP_012,9,105.6,0.0,950.4,381.85,0,M,0
TXN004140,2022-07-13,2022,7,3,Wednesday,Sports,North,Wholesale,SP_016,4,89.49,0.05,340.06,139.46,0,S,1
TXN001995,2022-07-13,2022,7,3,Wednesday,Sports,North,Mobile App,SP_027,9,102.09,0.0,918.81,314.09,0,M,0
TXN001343,2022-07-14,2022,7,3,Thursday,Clothing,South,Wholesale,SP_001,5,72.56,0.0,362.8,238.64,0,S,0
TXN000186,2022-07-14,2022,7,3,Thursday,Clothing,Central,Online,SP_023,7,69.14,0.05,459.78,282.68,0,S,1
TXN000959,2022-07-14,2022,7,3,Thursday,Sports,South,Mobile App,SP_037,11,85.59,0.1,847.34,306.93,1,M,1
TXN000127,2022-07-14,2022,7,3,Thursday,Sports,West,Mobile App,SP_016,12,106.34,0.05,1212.28,413.4,1,L,1
TXN003294,2022-07-15,2022,7,3,Friday,Electronics,East,Retail Store,SP_039,7,400.47,0.0,2803.29,901.1,1,L,0
TXN002087,2022-07-15,2022,7,3,Friday,Sports,East,Retail Store,SP_039,11,91.49,0.05,956.07,369.21,1,M,1
TXN002624,2022-07-15,2022,7,3,Friday,Electronics,Central,Mobile App,SP_026,8,413.29,0.1,2975.69,894.29,0,L,1
TXN000534,2022-07-15,2022,7,3,Friday,Clothing,South,Retail Store,SP_032,7,75.58,0.1,476.15,294.23,0,S,1
TXN000288,2022-07-15,2022,7,3,Friday,Home Goods,North,Mobile App,SP_026,4,130.21,0.1,468.76,202.09,0,S,1
TXN002274,2022-07-15,2022,7,3,Friday,Books,Central,Mobile App,SP_002,8,28.2,0.05,214.32,165.61,0,S,1
TXN001636,2022-07-16,2022,7,3,Saturday,Home Goods,East,Wholesale,SP_039,5,123.64,0.0,618.2,273.06,0,M,0
TXN003128,2022-07-16,2022,7,3,Saturday,Sports,South,Retail Store,SP_001,8,80.85,0.0,646.8,284.28,0,M,0
TXN000513,2022-07-16,2022,7,3,Saturday,Home Goods,West,Mobile App,SP_008,5,136.17,0.1,612.76,237.3,0,M,1
TXN003992,2022-07-16,2022,7,3,Saturday,Electronics,Central,Wholesale,SP_007,6,479.52,0.0,2877.12,751.19,0,L,0
TXN001862,2022-07-16,2022,7,3,Saturday,Electronics,North,Retail Store,SP_011,4,504.02,0.0,2016.08,615.36,0,L,0
TXN001703,2022-07-16,2022,7,3,Saturday,Sports,South,Online,SP_017,15,103.12,0.2,1237.44,419.38,0,L,1
TXN004847,2022-07-16,2022,7,3,Saturday,Electronics,Central,Online,SP_017,9,425.21,0.0,3826.89,1192.21,0,L,0
TXN001635,2022-07-16,2022,7,3,Saturday,Electronics,South,Wholesale,SP_022,9,415.25,0.05,3550.39,1007.98,1,L,1
TXN003274,2022-07-16,2022,7,3,Saturday,Sports,East,Retail Store,SP_033,11,84.2,0.05,879.89,302.79,0,M,1
TXN004955,2022-07-17,2022,7,3,Sunday,Electronics,East,Online,SP_025,5,461.38,0.0,2306.9,565.28,0,L,0
TXN003683,2022-07-17,2022,7,3,Sunday,Electronics,South,Online,SP_025,6,399.2,0.05,2275.44,676.6,0,L,1
TXN000801,2022-07-17,2022,7,3,Sunday,Home Goods,Central,Mobile App,SP_034,11,112.67,0.0,1239.37,567.5,1,L,0
TXN001892,2022-07-17,2022,7,3,Sunday,Home Goods,North,Retail Store,SP_016,8,123.91,0.0,991.28,392.58,1,M,0
TXN000200,2022-07-17,2022,7,3,Sunday,Books,North,Wholesale,SP_033,4,26.09,0.0,104.36,71.55,0,XS,0
TXN003643,2022-07-18,2022,7,3,Monday,Books,South,Online,SP_009,8,26.58,0.2,170.11,89.4,0,XS,1
TXN002557,2022-07-19,2022,7,3,Tuesday,Clothing,West,Wholesale,SP_036,5,64.06,0.0,320.3,156.47,0,S,0
TXN004374,2022-07-19,2022,7,3,Tuesday,Sports,Central,Online,SP_038,16,99.03,0.05,1505.26,668.17,0,L,1
TXN001640,2022-07-20,2022,7,3,Wednesday,Home Goods,West,Retail Store,SP_015,3,105.81,0.05,301.56,102.55,1,S,1
TXN000095,2022-07-20,2022,7,3,Wednesday,Books,North,Retail Store,SP_006,8,24.05,0.0,192.4,113.04,0,XS,0
TXN000741,2022-07-20,2022,7,3,Wednesday,Books,Central,Retail Store,SP_007,12,26.68,0.0,320.16,200.1,0,S,0
TXN004489,2022-07-20,2022,7,3,Wednesday,Books,Central,Online,SP_016,8,28.47,0.0,227.76,161.62,0,S,0
TXN004756,2022-07-20,2022,7,3,Wednesday,Electronics,Central,Retail Store,SP_033,6,486.87,0.0,2921.22,926.25,0,L,0
TXN000716,2022-07-20,2022,7,3,Wednesday,Books,North,Mobile App,SP_016,2,22.13,0.0,44.26,34.36,1,XS,0
TXN001639,2022-07-21,2022,7,3,Thursday,Books,Central,Wholesale,SP_005,9,24.73,0.05,211.44,114.14,0,S,1
TXN002855,2022-07-21,2022,7,3,Thursday,Sports,North,Wholesale,SP_021,9,105.04,0.0,945.36,334.67,1,M,0
TXN000823,2022-07-21,2022,7,3,Thursday,Books,East,Mobile App,SP_008,5,27.52,0.0,137.6,106.16,1,XS,0
TXN004127,2022-07-21,2022,7,3,Thursday,Electronics,North,Wholesale,SP_034,4,392.43,0.0,1569.72,432.76,0,L,0
TXN000661,2022-07-21,2022,7,3,Thursday,Clothing,Central,Retail Store,SP_030,3,70.84,0.15,180.64,84.06,0,XS,1
TXN001876,2022-07-22,2022,7,3,Friday,Sports,West,Retail Store,SP_022,14,84.13,0.0,1177.82,439.49,0,L,0
TXN000878,2022-07-22,2022,7,3,Friday,Electronics,West,Mobile App,SP_022,6,498.44,0.2,2392.51,569.83,0,L,1
TXN001587,2022-07-22,2022,7,3,Friday,Electronics,South,Wholesale,SP_033,7,391.49,0.15,2329.37,571.02,0,L,1
TXN002185,2022-07-22,2022,7,3,Friday,Home Goods,West,Retail Store,SP_015,4,133.57,0.0,534.28,234.08,0,M,0
TXN000421,2022-07-22,2022,7,3,Friday,Electronics,South,Wholesale,SP_002,2,514.43,0.1,925.97,232.55,0,M,1
TXN001023,2022-07-23,2022,7,3,Saturday,Books,South,Online,SP_032,7,26.67,0.1,168.02,99.06,1,XS,1
TXN003079,2022-07-24,2022,7,3,Sunday,Books,Central,Mobile App,SP_018,9,28.18,0.15,215.58,114.96,0,S,1
TXN000004,2022-07-24,2022,7,3,Sunday,Electronics,South,Mobile App,SP_022,6,441.92,0.0,2651.52,630.18,1,L,0
TXN002264,2022-07-24,2022,7,3,Sunday,Clothing,South,Mobile App,SP_003,7,68.62,0.1,432.31,197.34,0,S,1
TXN004022,2022-07-24,2022,7,3,Sunday,Home Goods,North,Wholesale,SP_027,1,107.9,0.05,102.5,46.69,0,XS,1
TXN003645,2022-07-24,2022,7,3,Sunday,Clothing,Central,Retail Store,SP_025,8,81.96,0.1,590.11,320.59,0,M,1
TXN000861,2022-07-24,2022,7,3,Sunday,Home Goods,South,Wholesale,SP_018,10,110.65,0.15,940.52,360.29,1,M,1
TXN003351,2022-07-24,2022,7,3,Sunday,Clothing,North,Retail Store,SP_005,8,77.54,0.05,589.3,296.28,0,M,1
TXN002283,2022-07-24,2022,7,3,Sunday,Electronics,East,Online,SP_023,6,414.54,0.0,2487.24,752.12,0,L,0
TXN000563,2022-07-24,2022,7,3,Sunday,Electronics,Central,Retail Store,SP_036,8,438.93,0.05,3335.87,841.08,0,L,1
TXN001677,2022-07-25,2022,7,3,Monday,Electronics,East,Online,SP_015,5,400.19,0.1,1800.86,579.0,0,L,1
TXN003419,2022-07-25,2022,7,3,Monday,Electronics,West,Online,SP_010,5,487.01,0.0,2435.05,614.48,1,L,0
TXN001461,2022-07-25,2022,7,3,Monday,Sports,North,Retail Store,SP_031,12,100.18,0.0,1202.16,457.83,1,L,0
TXN001254,2022-07-25,2022,7,3,Monday,Books,East,Online,SP_005,11,27.07,0.15,253.1,160.02,0,S,1
TXN003126,2022-07-25,2022,7,3,Monday,Books,East,Mobile App,SP_018,8,27.18,0.05,206.57,146.87,0,S,1
TXN004123,2022-07-25,2022,7,3,Monday,Home Goods,Central,Retail Store,SP_031,7,123.83,0.2,693.45,328.76,0,M,1
TXN003805,2022-07-25,2022,7,3,Monday,Clothing,South,Wholesale,SP_019,9,81.97,0.05,700.84,320.87,0,M,1
TXN002781,2022-07-25,2022,7,3,Monday,Clothing,South,Online,SP_005,7,65.73,0.05,437.1,211.4,0,S,1
TXN004639,2022-07-25,2022,7,3,Monday,Books,East,Mobile App,SP_032,7,26.46,0.1,166.7,111.07,0,XS,1
TXN002712,2022-07-25,2022,7,3,Monday,Sports,South,Retail Store,SP_036,8,98.97,0.05,752.17,277.97,0,M,1
TXN003958,2022-07-26,2022,7,3,Tuesday,Books,West,Wholesale,SP_027,6,23.41,0.0,140.46,108.68,0,XS,0
TXN000057,2022-07-26,2022,7,3,Tuesday,Home Goods,Central,Mobile App,SP_035,7,117.32,0.0,821.24,345.97,1,M,0
TXN004643,2022-07-26,2022,7,3,Tuesday,Clothing,West,Wholesale,SP_003,4,69.08,0.05,262.5,152.17,1,S,1
TXN001628,2022-07-26,2022,7,3,Tuesday,Books,West,Mobile App,SP_002,5,24.01,0.15,102.04,72.28,0,XS,1
TXN003472,2022-07-26,2022,7,3,Tuesday,Home Goods,South,Retail Store,SP_020,8,122.92,0.05,934.19,372.71,1,M,1
TXN003091,2022-07-27,2022,7,3,Wednesday,Electronics,North,Online,SP_032,11,497.21,0.1,4922.38,1566.23,0,L,1
TXN002823,2022-07-27,2022,7,3,Wednesday,Clothing,West,Mobile App,SP_017,9,84.7,0.0,762.3,420.35,0,M,0
TXN000273,2022-07-27,2022,7,3,Wednesday,Books,Central,Online,SP_009,10,22.12,0.2,176.96,119.88,0,XS,1
TXN004801,2022-07-27,2022,7,3,Wednesday,Electronics,West,Mobile App,SP_004,7,497.65,0.1,3135.19,799.7,0,L,1
TXN003109,2022-07-27,2022,7,3,Wednesday,Sports,North,Mobile App,SP_008,27,81.63,0.05,2093.81,952.39,0,L,1
TXN001158,2022-07-27,2022,7,3,Wednesday,Sports,South,Wholesale,SP_022,19,109.12,0.05,1969.62,602.86,0,L,1
TXN004195,2022-07-28,2022,7,3,Thursday,Home Goods,North,Online,SP_034,4,107.86,0.0,431.44,160.48,0,S,0
TXN002713,2022-07-28,2022,7,3,Thursday,Electronics,North,Online,SP_032,3,474.03,0.05,1350.99,389.89,0,L,1
TXN003827,2022-07-28,2022,7,3,Thursday,Clothing,South,Mobile App,SP_008,4,70.12,0.05,266.46,137.66,0,S,1
TXN002440,2022-07-28,2022,7,3,Thursday,Home Goods,North,Mobile App,SP_029,4,107.29,0.05,407.7,203.87,0,S,1
TXN004251,2022-07-28,2022,7,3,Thursday,Sports,North,Mobile App,SP_002,12,82.67,0.1,892.84,331.17,0,M,1
TXN002335,2022-07-29,2022,7,3,Friday,Books,West,Retail Store,SP_006,8,23.2,0.0,185.6,135.92,0,XS,0
TXN001057,2022-07-30,2022,7,3,Saturday,Home Goods,West,Wholesale,SP_017,1,124.18,0.05,117.97,43.38,0,XS,1
TXN004501,2022-07-30,2022,7,3,Saturday,Sports,North,Online,SP_016,12,104.78,0.1,1131.62,350.95,0,L,1
TXN000633,2022-07-30,2022,7,3,Saturday,Clothing,South,Retail Store,SP_011,5,74.92,0.0,374.6,198.09,0,S,0
TXN004044,2022-07-31,2022,7,3,Sunday,Electronics,East,Retail Store,SP_002,8,466.82,0.2,2987.65,721.64,0,L,1
TXN004597,2022-08-01,2022,8,3,Monday,Sports,East,Wholesale,SP_029,23,97.99,0.0,2253.77,761.51,1,L,0
TXN001682,2022-08-02,2022,8,3,Tuesday,Clothing,South,Online,SP_034,9,86.03,0.15,658.13,396.44,0,M,1
TXN000442,2022-08-02,2022,8,3,Tuesday,Home Goods,East,Online,SP_036,6,125.81,0.05,717.12,245.58,0,M,1
TXN001069,2022-08-03,2022,8,3,Wednesday,Home Goods,North,Online,SP_036,6,122.98,0.2,590.3,203.46,0,M,1
TXN002870,2022-08-03,2022,8,3,Wednesday,Books,West,Wholesale,SP_031,9,25.0,0.0,225.0,156.77,1,S,0
TXN002091,2022-08-03,2022,8,3,Wednesday,Home Goods,Central,Online,SP_033,5,111.27,0.0,556.35,263.28,0,M,0
TXN001773,2022-08-03,2022,8,3,Wednesday,Sports,Central,Mobile App,SP_035,17,101.75,0.0,1729.75,632.74,0,L,0
TXN003448,2022-08-04,2022,8,3,Thursday,Home Goods,East,Mobile App,SP_026,5,125.16,0.0,625.8,279.8,1,M,0
TXN000987,2022-08-04,2022,8,3,Thursday,Sports,Central,Wholesale,SP_029,8,87.5,0.0,700.0,266.27,0,M,0
TXN001197,2022-08-05,2022,8,3,Friday,Clothing,South,Wholesale,SP_012,10,80.7,0.0,807.0,430.6,0,M,0
TXN001227,2022-08-05,2022,8,3,Friday,Clothing,South,Wholesale,SP_034,12,69.42,0.0,833.04,436.39,1,M,0
TXN004348,2022-08-05,2022,8,3,Friday,Books,Central,Retail Store,SP_027,9,24.91,0.05,212.98,163.91,1,S,1
TXN004843,2022-08-06,2022,8,3,Saturday,Home Goods,Central,Mobile App,SP_036,9,110.31,0.1,893.51,350.07,0,M,1
TXN004613,2022-08-06,2022,8,3,Saturday,Home Goods,West,Wholesale,SP_027,2,106.41,0.0,212.82,107.12,1,S,0
TXN004579,2022-08-06,2022,8,3,Saturday,Electronics,East,Retail Store,SP_029,12,448.26,0.0,5379.12,1715.31,0,XL,0
TXN003297,2022-08-07,2022,8,3,Sunday,Electronics,North,Retail Store,SP_040,8,462.96,0.0,3703.68,1053.23,0,L,0
TXN004796,2022-08-07,2022,8,3,Sunday,Books,West,Wholesale,SP_037,8,23.75,0.0,190.0,138.91,0,XS,0
TXN002426,2022-08-07,2022,8,3,Sunday,Electronics,East,Mobile App,SP_008,6,399.34,0.2,1916.83,593.53,0,L,1
TXN003187,2022-08-07,2022,8,3,Sunday,Sports,Central,Wholesale,SP_024,10,82.54,0.15,701.59,302.7,0,M,1
TXN002564,2022-08-08,2022,8,3,Monday,Electronics,South,Online,SP_008,7,397.32,0.0,2781.24,876.11,0,L,0
TXN002105,2022-08-08,2022,8,3,Monday,Sports,North,Mobile App,SP_039,12,102.46,0.2,983.62,416.56,0,M,1
TXN004569,2022-08-08,2022,8,3,Monday,Electronics,East,Retail Store,SP_015,6,460.71,0.05,2626.05,870.97,0,L,1
TXN000784,2022-08-09,2022,8,3,Tuesday,Sports,South,Mobile App,SP_019,17,91.69,0.05,1480.79,616.0,1,L,1
TXN003774,2022-08-09,2022,8,3,Tuesday,Sports,Central,Retail Store,SP_002,14,96.33,0.05,1281.19,493.32,0,L,1
TXN001353,2022-08-09,2022,8,3,Tuesday,Books,West,Online,SP_028,9,25.63,0.1,207.6,131.68,0,S,1
TXN002817,2022-08-09,2022,8,3,Tuesday,Electronics,East,Retail Store,SP_016,5,450.33,0.1,2026.49,608.83,1,L,1
TXN000147,2022-08-10,2022,8,3,Wednesday,Clothing,Central,Wholesale,SP_015,4,85.34,0.05,324.29,177.49,0,S,1
TXN002123,2022-08-10,2022,8,3,Wednesday,Home Goods,North,Wholesale,SP_030,5,113.81,0.1,512.14,208.55,0,M,1
TXN004655,2022-08-10,2022,8,3,Wednesday,Electronics,Central,Retail Store,SP_040,9,403.16,0.0,3628.44,1143.17,1,L,0
TXN001109,2022-08-11,2022,8,3,Thursday,Books,South,Online,SP_018,3,26.45,0.0,79.35,52.24,0,XS,0
TXN003577,2022-08-11,2022,8,3,Thursday,Electronics,South,Wholesale,SP_018,7,430.24,0.1,2710.51,687.29,0,L,1
TXN000223,2022-08-11,2022,8,3,Thursday,Sports,South,Mobile App,SP_029,16,92.01,0.05,1398.55,576.77,0,L,1
TXN004369,2022-08-11,2022,8,3,Thursday,Electronics,East,Mobile App,SP_030,12,499.08,0.05,5689.51,1307.96,0,XL,1
TXN000064,2022-08-11,2022,8,3,Thursday,Clothing,West,Wholesale,SP_030,6,81.69,0.05,465.63,220.23,0,S,1
TXN001657,2022-08-11,2022,8,3,Thursday,Home Goods,East,Online,SP_006,10,110.6,0.05,1050.7,483.24,0,L,1
TXN002213,2022-08-12,2022,8,3,Friday,Sports,Central,Mobile App,SP_026,13,96.83,0.05,1195.85,482.92,0,L,1
TXN001633,2022-08-12,2022,8,3,Friday,Books,West,Mobile App,SP_037,9,26.4,0.1,213.84,147.48,0,S,1
TXN000803,2022-08-12,2022,8,3,Friday,Sports,Central,Wholesale,SP_017,10,98.6,0.05,936.7,305.6,0,M,1
TXN002838,2022-08-12,2022,8,3,Friday,Home Goods,West,Retail Store,SP_023,6,115.88,0.0,695.28,267.02,1,M,0
TXN001986,2022-08-12,2022,8,3,Friday,Electronics,Central,Online,SP_013,7,492.98,0.15,2933.23,662.64,0,L,1
TXN001687,2022-08-12,2022,8,3,Friday,Sports,West,Wholesale,SP_016,15,100.95,0.1,1362.83,526.03,1,L,1
TXN002276,2022-08-12,2022,8,3,Friday,Electronics,South,Mobile App,SP_036,7,395.47,0.1,2491.46,672.9,1,L,1
TXN004161,2022-08-13,2022,8,3,Saturday,Books,East,Retail Store,SP_005,12,24.25,0.1,261.9,147.81,0,S,1
TXN004856,2022-08-13,2022,8,3,Saturday,Sports,West,Mobile App,SP_039,6,100.02,0.0,600.12,204.11,0,M,0
TXN000586,2022-08-13,2022,8,3,Saturday,Electronics,West,Mobile App,SP_027,4,470.14,0.2,1504.45,454.62,0,L,1
TXN000124,2022-08-13,2022,8,3,Saturday,Sports,West,Online,SP_002,16,90.0,0.2,1152.0,414.38,0,L,1
TXN003865,2022-08-14,2022,8,3,Sunday,Electronics,East,Mobile App,SP_006,5,395.87,0.1,1781.41,444.03,0,L,1
TXN002171,2022-08-15,2022,8,3,Monday,Books,Central,Retail Store,SP_021,9,23.29,0.15,178.17,117.6,0,XS,1
TXN002280,2022-08-15,2022,8,3,Monday,Home Goods,Central,Online,SP_005,5,124.4,0.2,497.6,202.31,0,S,1
TXN001757,2022-08-15,2022,8,3,Monday,Clothing,East,Wholesale,SP_006,15,64.51,0.05,919.27,417.67,0,M,1
TXN003942,2022-08-15,2022,8,3,Monday,Sports,North,Wholesale,SP_020,11,83.45,0.1,826.16,279.97,0,M,1
TXN000287,2022-08-15,2022,8,3,Monday,Clothing,West,Wholesale,SP_031,5,81.9,0.0,409.5,257.48,0,S,0
TXN004574,2022-08-15,2022,8,3,Monday,Books,West,Retail Store,SP_015,7,23.43,0.1,147.61,84.5,0,XS,1
TXN002468,2022-08-15,2022,8,3,Monday,Books,North,Retail Store,SP_009,6,25.9,0.15,132.09,97.57,1,XS,1
TXN004236,2022-08-16,2022,8,3,Tuesday,Clothing,West,Online,SP_030,10,73.34,0.05,696.73,458.98,0,M,1
TXN000189,2022-08-16,2022,8,3,Tuesday,Home Goods,North,Online,SP_032,7,119.01,0.1,749.76,257.67,1,M,1
TXN002415,2022-08-16,2022,8,3,Tuesday,Home Goods,Central,Retail Store,SP_002,11,112.48,0.1,1113.55,547.75,0,L,1
TXN000008,2022-08-16,2022,8,3,Tuesday,Electronics,South,Online,SP_025,5,424.48,0.0,2122.4,552.72,0,L,0
TXN000888,2022-08-17,2022,8,3,Wednesday,Clothing,South,Online,SP_025,9,73.55,0.1,595.75,300.75,0,M,1
TXN000607,2022-08-17,2022,8,3,Wednesday,Home Goods,Central,Online,SP_019,6,105.49,0.1,569.65,236.96,0,M,1
TXN004239,2022-08-17,2022,8,3,Wednesday,Home Goods,West,Wholesale,SP_030,6,135.32,0.0,811.92,356.01,0,M,0
TXN000249,2022-08-18,2022,8,3,Thursday,Home Goods,South,Retail Store,SP_024,2,136.93,0.05,260.17,106.55,1,S,1
TXN004359,2022-08-18,2022,8,3,Thursday,Home Goods,East,Online,SP_004,7,105.79,0.2,592.42,242.31,0,M,1
TXN004049,2022-08-18,2022,8,3,Thursday,Home Goods,East,Retail Store,SP_034,5,129.35,0.2,517.4,176.76,0,M,1
TXN003042,2022-08-18,2022,8,3,Thursday,Home Goods,South,Wholesale,SP_025,5,116.58,0.0,582.9,205.26,0,M,0
TXN002269,2022-08-18,2022,8,3,Thursday,Books,West,Online,SP_019,5,26.33,0.0,131.65,70.48,0,XS,0
TXN001049,2022-08-18,2022,8,3,Thursday,Home Goods,South,Mobile App,SP_016,6,120.28,0.0,721.68,363.52,0,M,0
TXN002383,2022-08-19,2022,8,3,Friday,Books,Central,Online,SP_015,6,24.87,0.1,134.3,85.67,0,XS,1
TXN003874,2022-08-19,2022,8,3,Friday,Clothing,South,Mobile App,SP_040,6,84.96,0.05,484.27,313.71,0,S,1
TXN001457,2022-08-19,2022,8,3,Friday,Sports,South,Mobile App,SP_005,11,84.9,0.0,933.9,316.55,0,M,0
TXN001196,2022-08-19,2022,8,3,Friday,Sports,South,Wholesale,SP_003,6,83.53,0.2,400.94,128.07,0,S,1
TXN000614,2022-08-19,2022,8,3,Friday,Electronics,East,Online,SP_013,3,472.94,0.1,1276.94,286.09,0,L,1
TXN001319,2022-08-20,2022,8,3,Saturday,Clothing,South,Retail Store,SP_013,7,71.92,0.1,453.1,224.99,1,S,1
TXN002386,2022-08-20,2022,8,3,Saturday,Clothing,South,Retail Store,SP_014,8,73.31,0.2,469.18,243.6,0,S,1
TXN004550,2022-08-20,2022,8,3,Saturday,Home Goods,West,Mobile App,SP_024,4,132.93,0.05,505.13,211.47,0,M,1
TXN002006,2022-08-21,2022,8,3,Sunday,Books,North,Retail Store,SP_012,14,22.05,0.05,293.26,195.44,0,S,1
TXN000443,2022-08-21,2022,8,3,Sunday,Books,East,Retail Store,SP_030,14,24.85,0.0,347.9,187.13,0,S,0
TXN000450,2022-08-21,2022,8,3,Sunday,Home Goods,East,Mobile App,SP_021,4,120.38,0.0,481.52,182.73,0,S,0
TXN000860,2022-08-21,2022,8,3,Sunday,Books,North,Wholesale,SP_032,6,26.12,0.0,156.72,104.6,0,XS,0
TXN000103,2022-08-22,2022,8,3,Monday,Clothing,West,Online,SP_001,10,68.92,0.05,654.74,318.78,0,M,1
TXN002883,2022-08-22,2022,8,3,Monday,Clothing,East,Wholesale,SP_005,2,71.94,0.1,129.49,83.28,0,XS,1
TXN000395,2022-08-22,2022,8,3,Monday,Electronics,East,Retail Store,SP_035,4,432.33,0.0,1729.32,456.55,0,L,0
TXN001939,2022-08-22,2022,8,3,Monday,Sports,North,Mobile App,SP_017,16,92.8,0.0,1484.8,629.82,0,L,0
TXN000402,2022-08-23,2022,8,3,Tuesday,Home Goods,Central,Wholesale,SP_033,8,110.45,0.2,706.88,334.76,0,M,1
TXN002513,2022-08-23,2022,8,3,Tuesday,Sports,South,Online,SP_009,11,93.83,0.0,1032.13,401.07,0,L,0
TXN003205,2022-08-23,2022,8,3,Tuesday,Books,North,Retail Store,SP_002,7,23.69,0.0,165.83,87.54,0,XS,0
TXN003890,2022-08-23,2022,8,3,Tuesday,Home Goods,North,Wholesale,SP_028,8,131.28,0.2,840.19,303.69,0,M,1
TXN001823,2022-08-23,2022,8,3,Tuesday,Sports,North,Wholesale,SP_026,15,96.44,0.1,1301.94,518.55,0,L,1
TXN001662,2022-08-24,2022,8,3,Wednesday,Electronics,East,Wholesale,SP_038,8,504.14,0.05,3831.46,1234.6,1,L,1
TXN001572,2022-08-24,2022,8,3,Wednesday,Electronics,West,Retail Store,SP_026,9,469.59,0.1,3803.68,1098.18,0,L,1
TXN001894,2022-08-24,2022,8,3,Wednesday,Home Goods,Central,Mobile App,SP_011,9,128.09,0.05,1095.17,550.77,1,L,1
TXN003166,2022-08-24,2022,8,3,Wednesday,Sports,West,Online,SP_011,17,89.85,0.05,1451.08,461.97,0,L,1
TXN003565,2022-08-24,2022,8,3,Wednesday,Electronics,South,Mobile App,SP_028,3,487.54,0.2,1170.1,280.88,0,L,1
TXN000595,2022-08-25,2022,8,3,Thursday,Clothing,Central,Mobile App,SP_036,10,70.15,0.1,631.35,359.16,0,M,1
TXN004571,2022-08-25,2022,8,3,Thursday,Sports,North,Online,SP_021,17,107.69,0.2,1464.58,448.18,1,L,1
TXN002708,2022-08-25,2022,8,3,Thursday,Home Goods,West,Online,SP_021,7,123.02,0.05,818.08,304.59,0,M,1
TXN002550,2022-08-25,2022,8,3,Thursday,Books,South,Mobile App,SP_025,5,23.05,0.0,115.25,65.08,0,XS,0
TXN001949,2022-08-25,2022,8,3,Thursday,Books,Central,Online,SP_021,3,27.77,0.2,66.65,46.31,0,XS,1
TXN001560,2022-08-27,2022,8,3,Saturday,Electronics,West,Online,SP_014,12,516.83,0.0,6201.96,1406.96,0,XL,0
TXN003013,2022-08-27,2022,8,3,Saturday,Sports,North,Wholesale,SP_032,9,99.26,0.0,893.34,372.92,0,M,0
TXN000858,2022-08-27,2022,8,3,Saturday,Home Goods,South,Online,SP_039,3,105.69,0.1,285.36,125.25,0,S,1
TXN003238,2022-08-27,2022,8,3,Saturday,Clothing,Central,Wholesale,SP_008,9,80.14,0.0,721.26,470.46,0,M,0
TXN001181,2022-08-27,2022,8,3,Saturday,Sports,West,Online,SP_040,8,91.71,0.1,660.31,268.25,0,M,1
TXN000485,2022-08-27,2022,8,3,Saturday,Electronics,East,Wholesale,SP_007,4,493.4,0.0,1973.6,520.35,1,L,0
TXN004659,2022-08-28,2022,8,3,Sunday,Home Goods,East,Retail Store,SP_004,10,129.15,0.1,1162.35,485.33,1,L,1
TXN003216,2022-08-29,2022,8,3,Monday,Home Goods,West,Wholesale,SP_018,9,132.28,0.05,1130.99,509.22,0,L,1
TXN001078,2022-08-29,2022,8,3,Monday,Books,North,Online,SP_003,8,24.66,0.05,187.42,114.96,0,XS,1
TXN000239,2022-08-29,2022,8,3,Monday,Home Goods,West,Mobile App,SP_011,10,114.91,0.1,1034.19,461.57,0,L,1
TXN004652,2022-08-29,2022,8,3,Monday,Home Goods,West,Wholesale,SP_037,11,104.68,0.0,1151.48,433.58,0,L,0
TXN002683,2022-08-29,2022,8,3,Monday,Clothing,East,Mobile App,SP_006,10,68.57,0.0,685.7,305.58,0,M,0
TXN003026,2022-08-29,2022,8,3,Monday,Electronics,West,Online,SP_023,4,415.23,0.05,1577.87,400.0,0,L,1
TXN001529,2022-08-30,2022,8,3,Tuesday,Electronics,East,Retail Store,SP_014,6,487.77,0.1,2633.96,660.52,1,L,1
TXN001311,2022-08-31,2022,8,3,Wednesday,Clothing,West,Mobile App,SP_010,6,81.17,0.05,462.67,228.01,1,S,1
TXN003690,2022-09-01,2022,9,3,Thursday,Electronics,North,Wholesale,SP_006,9,446.26,0.0,4016.34,1100.53,0,L,0
TXN000108,2022-09-01,2022,9,3,Thursday,Books,West,Wholesale,SP_037,4,25.13,0.05,95.49,51.84,0,XS,1
TXN000262,2022-09-02,2022,9,3,Friday,Sports,North,Online,SP_011,3,86.86,0.05,247.55,85.44,0,S,1
TXN001235,2022-09-02,2022,9,3,Friday,Sports,Central,Retail Store,SP_027,7,87.91,0.0,615.37,272.71,0,M,0
TXN004785,2022-09-02,2022,9,3,Friday,Sports,West,Mobile App,SP_006,1,91.58,0.15,77.84,27.56,0,XS,1
TXN004270,2022-09-02,2022,9,3,Friday,Home Goods,East,Online,SP_026,3,132.87,0.0,398.61,181.39,0,S,0
TXN002731,2022-09-03,2022,9,3,Saturday,Sports,South,Online,SP_022,14,96.63,0.0,1352.82,519.52,0,L,0
TXN004219,2022-09-03,2022,9,3,Saturday,Clothing,Central,Online,SP_001,2,67.7,0.05,128.63,63.77,0,XS,1
TXN003202,2022-09-03,2022,9,3,Saturday,Clothing,West,Online,SP_001,10,69.82,0.05,663.29,298.63,1,M,1
TXN004616,2022-09-04,2022,9,3,Sunday,Home Goods,Central,Wholesale,SP_033,4,107.54,0.05,408.65,171.31,0,S,1
TXN000523,2022-09-04,2022,9,3,Sunday,Clothing,South,Retail Store,SP_004,3,82.57,0.1,222.94,123.2,0,S,1
TXN002898,2022-09-04,2022,9,3,Sunday,Clothing,East,Wholesale,SP_026,22,72.93,0.0,1604.46,859.13,1,L,0
TXN000455,2022-09-05,2022,9,3,Monday,Home Goods,South,Online,SP_026,2,120.4,0.15,204.68,84.09,0,S,1
TXN004324,2022-09-05,2022,9,3,Monday,Home Goods,West,Wholesale,SP_005,14,123.72,0.0,1732.08,667.2,0,L,0
TXN001849,2022-09-06,2022,9,3,Tuesday,Home Goods,Central,Retail Store,SP_022,11,133.98,0.0,1473.78,614.65,0,L,0
TXN004816,2022-09-06,2022,9,3,Tuesday,Books,North,Retail Store,SP_031,10,25.12,0.05,238.64,160.07,0,S,1
TXN001216,2022-09-06,2022,9,3,Tuesday,Home Goods,East,Mobile App,SP_026,8,137.76,0.1,991.87,347.71,0,M,1
TXN001019,2022-09-07,2022,9,3,Wednesday,Sports,West,Wholesale,SP_005,8,107.89,0.05,819.96,348.1,0,M,1
TXN000042,2022-09-07,2022,9,3,Wednesday,Sports,East,Online,SP_001,9,91.48,0.05,782.15,334.14,0,M,1
TXN003883,2022-09-07,2022,9,3,Wednesday,Home Goods,North,Retail Store,SP_036,7,102.81,0.0,719.67,351.62,1,M,0
TXN001920,2022-09-07,2022,9,3,Wednesday,Electronics,North,Wholesale,SP_036,3,413.82,0.1,1117.31,300.21,0,L,1
TXN003159,2022-09-07,2022,9,3,Wednesday,Sports,North,Online,SP_040,5,82.23,0.0,411.15,155.29,0,S,0
TXN002016,2022-09-07,2022,9,3,Wednesday,Clothing,North,Mobile App,SP_027,13,68.95,0.1,806.72,507.26,0,M,1
TXN002036,2022-09-07,2022,9,3,Wednesday,Sports,South,Online,SP_013,3,103.98,0.2,249.55,88.91,0,S,1
TXN004396,2022-09-08,2022,9,3,Thursday,Electronics,North,Mobile App,SP_002,7,504.2,0.0,3529.4,992.78,0,L,0
TXN004881,2022-09-08,2022,9,3,Thursday,Books,Central,Retail Store,SP_013,6,28.33,0.1,152.98,104.54,0,XS,1
TXN000905,2022-09-09,2022,9,3,Friday,Home Goods,West,Online,SP_036,5,130.75,0.0,653.75,246.38,1,M,0
TXN001905,2022-09-09,2022,9,3,Friday,Home Goods,West,Wholesale,SP_009,6,135.36,0.0,812.16,331.44,0,M,0
TXN000969,2022-09-09,2022,9,3,Friday,Home Goods,East,Online,SP_035,5,106.8,0.05,507.3,228.95,0,M,1
TXN003762,2022-09-09,2022,9,3,Friday,Sports,East,Online,SP_012,6,86.53,0.0,519.18,204.33,1,M,0
TXN001552,2022-09-09,2022,9,3,Friday,Home Goods,Central,Mobile App,SP_008,7,135.23,0.0,946.61,351.1,0,M,0
TXN003713,2022-09-10,2022,9,3,Saturday,Books,North,Online,SP_018,5,27.95,0.0,139.75,94.57,0,XS,0
TXN001388,2022-09-10,2022,9,3,Saturday,Sports,South,Retail Store,SP_003,6,81.99,0.0,491.94,176.8,0,S,0
TXN003711,2022-09-10,2022,9,3,Saturday,Sports,West,Retail Store,SP_021,2,105.44,0.1,189.79,70.64,0,XS,1
TXN001180,2022-09-10,2022,9,3,Saturday,Books,West,Online,SP_007,6,25.95,0.1,140.13,75.55,0,XS,1
TXN000947,2022-09-10,2022,9,3,Saturday,Electronics,North,Mobile App,SP_032,6,509.55,0.1,2751.57,686.35,0,L,1
TXN000422,2022-09-10,2022,9,3,Saturday,Clothing,Central,Retail Store,SP_026,20,66.44,0.0,1328.8,680.51,1,L,0
TXN000412,2022-09-11,2022,9,3,Sunday,Clothing,East,Online,SP_024,8,70.5,0.0,564.0,327.92,0,M,0
TXN004170,2022-09-11,2022,9,3,Sunday,Sports,North,Wholesale,SP_002,1,87.0,0.05,82.65,29.31,0,XS,1
TXN001014,2022-09-11,2022,9,3,Sunday,Books,East,Mobile App,SP_035,6,21.53,0.0,129.18,100.01,0,XS,0
TXN003726,2022-09-11,2022,9,3,Sunday,Books,East,Online,SP_012,10,23.2,0.0,232.0,142.84,0,S,0
TXN001282,2022-09-11,2022,9,3,Sunday,Books,Central,Mobile App,SP_038,18,28.0,0.0,504.0,290.72,0,M,0
TXN001793,2022-09-11,2022,9,3,Sunday,Sports,West,Online,SP_012,4,99.23,0.2,317.54,124.7,0,S,1
TXN004741,2022-09-11,2022,9,3,Sunday,Sports,South,Wholesale,SP_012,6,108.63,0.0,651.78,224.93,0,M,0
TXN000740,2022-09-11,2022,9,3,Sunday,Electronics,East,Retail Store,SP_014,8,480.18,0.15,3265.22,1026.16,1,L,1
TXN004798,2022-09-12,2022,9,3,Monday,Books,Central,Mobile App,SP_026,2,24.34,0.1,43.81,29.88,0,XS,1
TXN000045,2022-09-12,2022,9,3,Monday,Books,Central,Online,SP_036,9,25.9,0.0,233.1,163.88,0,S,0
TXN004259,2022-09-12,2022,9,3,Monday,Clothing,East,Wholesale,SP_002,17,69.96,0.05,1129.85,608.64,0,L,1
TXN001215,2022-09-12,2022,9,3,Monday,Home Goods,South,Retail Store,SP_035,7,129.72,0.15,771.83,384.98,1,M,1
TXN001571,2022-09-12,2022,9,3,Monday,Clothing,Central,Wholesale,SP_009,7,77.92,0.05,518.17,265.86,0,M,1
TXN000102,2022-09-12,2022,9,3,Monday,Electronics,Central,Retail Store,SP_018,6,474.37,0.0,2846.22,846.2,1,L,0
TXN000372,2022-09-13,2022,9,3,Tuesday,Clothing,East,Retail Store,SP_028,10,78.83,0.1,709.47,412.34,1,M,1
TXN001268,2022-09-13,2022,9,3,Tuesday,Home Goods,Central,Mobile App,SP_013,4,108.89,0.0,435.56,166.35,0,S,0
TXN001843,2022-09-13,2022,9,3,Tuesday,Electronics,South,Retail Store,SP_016,3,471.31,0.05,1343.23,310.59,0,L,1
TXN000996,2022-09-13,2022,9,3,Tuesday,Books,Central,Online,SP_005,8,26.25,0.1,189.0,141.07,0,XS,1
TXN000331,2022-09-13,2022,9,3,Tuesday,Electronics,South,Retail Store,SP_008,6,503.73,0.1,2720.14,634.94,0,L,1
TXN002113,2022-09-14,2022,9,3,Wednesday,Sports,West,Retail Store,SP_007,5,101.71,0.0,508.55,201.25,1,M,0
TXN003014,2022-09-14,2022,9,3,Wednesday,Books,East,Wholesale,SP_024,5,27.51,0.05,130.67,100.38,0,XS,1
TXN001857,2022-09-14,2022,9,3,Wednesday,Home Goods,South,Wholesale,SP_022,8,109.67,0.1,789.62,290.64,0,M,1
TXN003495,2022-09-15,2022,9,3,Thursday,Sports,East,Retail Store,SP_011,5,103.61,0.0,518.05,160.73,0,M,0
TXN003935,2022-09-15,2022,9,3,Thursday,Home Goods,East,Wholesale,SP_027,5,135.6,0.05,644.1,275.77,1,M,1
TXN002893,2022-09-16,2022,9,3,Friday,Sports,North,Retail Store,SP_040,7,98.95,0.0,692.65,251.03,1,M,0
TXN004292,2022-09-16,2022,9,3,Friday,Books,West,Mobile App,SP_011,9,21.42,0.05,183.14,134.48,0,XS,1
TXN003588,2022-09-16,2022,9,3,Friday,Home Goods,West,Online,SP_018,3,136.97,0.0,410.91,205.52,0,S,0
TXN001225,2022-09-16,2022,9,3,Friday,Electronics,South,Online,SP_036,6,439.06,0.0,2634.36,820.04,0,L,0
TXN001852,2022-09-16,2022,9,3,Friday,Electronics,West,Wholesale,SP_035,9,408.86,0.1,3311.77,977.91,0,L,1
TXN002506,2022-09-16,2022,9,3,Friday,Books,North,Online,SP_028,11,25.82,0.2,227.22,152.06,1,S,1
TXN000843,2022-09-16,2022,9,3,Friday,Sports,East,Online,SP_038,7,89.4,0.0,625.8,200.57,0,M,0
TXN003892,2022-09-16,2022,9,3,Friday,Home Goods,East,Wholesale,SP_015,7,114.55,0.1,721.67,248.64,0,M,1
TXN001630,2022-09-17,2022,9,3,Saturday,Electronics,Central,Wholesale,SP_002,8,425.69,0.15,2894.69,801.92,0,L,1
TXN002852,2022-09-17,2022,9,3,Saturday,Electronics,Central,Wholesale,SP_010,2,502.32,0.0,1004.64,257.5,0,L,0
TXN003866,2022-09-17,2022,9,3,Saturday,Sports,Central,Wholesale,SP_027,6,85.24,0.1,460.3,180.0,0,S,1
TXN004495,2022-09-18,2022,9,3,Sunday,Home Goods,West,Mobile App,SP_010,8,123.85,0.05,941.26,323.7,0,M,1
TXN004001,2022-09-18,2022,9,3,Sunday,Clothing,East,Retail Store,SP_019,6,65.41,0.0,392.46,175.43,0,S,0
TXN003158,2022-09-18,2022,9,3,Sunday,Clothing,South,Mobile App,SP_027,10,70.26,0.2,562.08,331.24,0,M,1
TXN004485,2022-09-19,2022,9,3,Monday,Sports,West,Retail Store,SP_022,9,103.87,0.1,841.35,298.06,0,M,1
TXN002798,2022-09-20,2022,9,3,Tuesday,Books,South,Retail Store,SP_037,8,28.74,0.05,218.42,132.17,1,S,1
TXN000941,2022-09-20,2022,9,3,Tuesday,Clothing,East,Retail Store,SP_031,13,78.02,0.0,1014.26,450.33,0,L,0
TXN002275,2022-09-20,2022,9,3,Tuesday,Books,North,Mobile App,SP_038,3,22.06,0.0,66.18,43.67,0,XS,0
TXN000529,2022-09-21,2022,9,3,Wednesday,Sports,East,Wholesale,SP_017,11,85.5,0.05,893.47,379.91,0,M,1
TXN001830,2022-09-21,2022,9,3,Wednesday,Clothing,Central,Wholesale,SP_031,15,67.41,0.1,910.03,578.77,0,M,1
TXN003220,2022-09-21,2022,9,3,Wednesday,Clothing,Central,Online,SP_012,17,77.56,0.15,1120.74,624.75,0,L,1
TXN002558,2022-09-21,2022,9,3,Wednesday,Clothing,South,Online,SP_017,13,69.42,0.15,767.09,489.89,0,M,1
TXN004708,2022-09-21,2022,9,3,Wednesday,Sports,North,Retail Store,SP_025,8,107.18,0.0,857.44,366.49,0,M,0
TXN003457,2022-09-22,2022,9,3,Thursday,Sports,Central,Wholesale,SP_004,12,84.48,0.1,912.38,391.07,0,M,1
TXN001411,2022-09-22,2022,9,3,Thursday,Home Goods,West,Retail Store,SP_016,6,137.02,0.0,822.12,353.6,0,M,0
TXN004364,2022-09-22,2022,9,3,Thursday,Books,South,Online,SP_032,4,21.27,0.1,76.57,55.6,0,XS,1
TXN000446,2022-09-22,2022,9,3,Thursday,Electronics,South,Retail Store,SP_027,7,420.55,0.05,2796.66,684.18,1,L,1
TXN000022,2022-09-22,2022,9,3,Thursday,Clothing,North,Retail Store,SP_037,19,86.03,0.15,1389.38,654.15,1,L,1
TXN002377,2022-09-22,2022,9,3,Thursday,Sports,East,Retail Store,SP_002,5,91.51,0.0,457.55,176.72,0,S,0
TXN003714,2022-09-23,2022,9,3,Friday,Electronics,East,Wholesale,SP_016,7,444.42,0.15,2644.3,712.35,0,L,1
TXN000699,2022-09-23,2022,9,3,Friday,Home Goods,West,Wholesale,SP_010,5,130.72,0.0,653.6,320.79,1,M,0
TXN004053,2022-09-23,2022,9,3,Friday,Books,East,Mobile App,SP_005,9,26.71,0.0,240.39,143.55,0,S,0
TXN004938,2022-09-24,2022,9,3,Saturday,Books,North,Mobile App,SP_032,4,28.71,0.0,114.84,60.63,0,XS,0
TXN000359,2022-09-24,2022,9,3,Saturday,Sports,East,Wholesale,SP_007,6,84.03,0.0,504.18,220.96,1,M,0
TXN003372,2022-09-24,2022,9,3,Saturday,Electronics,East,Wholesale,SP_015,5,494.58,0.1,2225.61,561.34,0,L,1
TXN000815,2022-09-24,2022,9,3,Saturday,Home Goods,North,Wholesale,SP_027,6,119.92,0.0,719.52,283.23,0,M,0
TXN001850,2022-09-25,2022,9,3,Sunday,Sports,North,Retail Store,SP_032,7,102.15,0.0,715.05,294.64,0,M,0
TXN001442,2022-09-25,2022,9,3,Sunday,Electronics,East,Wholesale,SP_026,8,498.11,0.05,3785.64,1069.81,0,L,1
TXN003141,2022-09-25,2022,9,3,Sunday,Clothing,North,Retail Store,SP_017,16,74.58,0.1,1073.95,666.91,0,L,1
TXN001259,2022-09-25,2022,9,3,Sunday,Clothing,West,Retail Store,SP_040,15,70.59,0.0,1058.85,618.33,1,L,0
TXN002735,2022-09-26,2022,9,3,Monday,Electronics,Central,Online,SP_015,8,470.04,0.0,3760.32,1163.36,1,L,0
TXN001440,2022-09-26,2022,9,3,Monday,Clothing,Central,Retail Store,SP_003,11,82.2,0.0,904.2,589.91,1,M,0
TXN002255,2022-09-26,2022,9,3,Monday,Home Goods,South,Retail Store,SP_030,4,126.57,0.0,506.28,254.24,1,M,0
TXN000694,2022-09-26,2022,9,3,Monday,Clothing,South,Wholesale,SP_029,12,72.25,0.05,823.65,419.79,1,M,1
TXN002873,2022-09-26,2022,9,3,Monday,Electronics,West,Retail Store,SP_025,11,418.93,0.15,3917.0,1262.13,0,L,1
TXN002901,2022-09-27,2022,9,3,Tuesday,Sports,East,Retail Store,SP_017,5,93.92,0.05,446.12,148.9,0,S,1
TXN003782,2022-09-28,2022,9,3,Wednesday,Sports,East,Wholesale,SP_033,5,85.04,0.0,425.2,156.54,1,S,0
TXN003823,2022-09-28,2022,9,3,Wednesday,Sports,Central,Wholesale,SP_017,9,98.25,0.15,751.61,235.86,0,M,1
TXN003405,2022-09-28,2022,9,3,Wednesday,Home Goods,West,Wholesale,SP_036,4,135.98,0.05,516.72,236.36,0,M,1
TXN002369,2022-09-28,2022,9,3,Wednesday,Clothing,Central,Mobile App,SP_003,12,78.25,0.05,892.05,452.83,1,M,1
TXN002433,2022-09-29,2022,9,3,Thursday,Books,East,Online,SP_002,7,26.15,0.1,164.74,117.37,1,XS,1
TXN002778,2022-09-29,2022,9,3,Thursday,Electronics,North,Retail Store,SP_011,6,398.5,0.1,2151.9,634.01,0,L,1
TXN002072,2022-09-29,2022,9,3,Thursday,Books,West,Online,SP_039,5,21.66,0.0,108.3,67.6,0,XS,0
TXN001969,2022-09-30,2022,9,3,Friday,Home Goods,South,Mobile App,SP_017,5,117.98,0.05,560.4,261.01,0,M,1
TXN004535,2022-10-01,2022,10,4,Saturday,Clothing,South,Retail Store,SP_032,9,80.2,0.05,685.71,376.72,0,M,1
TXN001722,2022-10-01,2022,10,4,Saturday,Clothing,South,Online,SP_035,14,75.05,0.05,998.16,648.04,1,M,1
TXN004310,2022-10-01,2022,10,4,Saturday,Home Goods,South,Mobile App,SP_033,6,109.47,0.05,623.98,300.67,0,M,1
TXN003675,2022-10-01,2022,10,4,Saturday,Electronics,North,Retail Store,SP_024,6,462.56,0.0,2775.36,732.92,0,L,0
TXN003149,2022-10-01,2022,10,4,Saturday,Clothing,South,Wholesale,SP_030,10,84.39,0.0,843.9,431.65,0,M,0
TXN000538,2022-10-02,2022,10,4,Sunday,Clothing,North,Mobile App,SP_033,9,64.59,0.05,552.24,312.14,1,M,1
TXN000822,2022-10-02,2022,10,4,Sunday,Electronics,Central,Wholesale,SP_014,9,426.9,0.0,3842.1,1079.36,1,L,0
TXN000769,2022-10-02,2022,10,4,Sunday,Books,East,Mobile App,SP_035,7,23.98,0.0,167.86,123.65,0,XS,0
TXN004770,2022-10-02,2022,10,4,Sunday,Clothing,South,Wholesale,SP_003,16,73.15,0.0,1170.4,608.37,0,L,0
TXN000587,2022-10-03,2022,10,4,Monday,Books,North,Online,SP_017,7,24.98,0.0,174.86,105.02,0,XS,0
TXN000267,2022-10-03,2022,10,4,Monday,Clothing,South,Mobile App,SP_033,8,78.69,0.05,598.04,379.14,0,M,1
TXN004656,2022-10-03,2022,10,4,Monday,Clothing,East,Retail Store,SP_004,8,65.01,0.15,442.07,205.05,0,S,1
TXN001521,2022-10-04,2022,10,4,Tuesday,Sports,Central,Online,SP_026,8,101.18,0.0,809.44,282.94,0,M,0
TXN001569,2022-10-04,2022,10,4,Tuesday,Books,East,Mobile App,SP_023,5,22.65,0.05,107.59,62.53,0,XS,1
TXN003960,2022-10-04,2022,10,4,Tuesday,Sports,South,Online,SP_027,4,86.12,0.0,344.48,147.34,1,S,0
TXN004819,2022-10-04,2022,10,4,Tuesday,Home Goods,Central,Mobile App,SP_033,12,134.52,0.1,1452.82,546.14,0,L,1
TXN001532,2022-10-04,2022,10,4,Tuesday,Home Goods,West,Retail Store,SP_033,3,124.69,0.0,374.07,148.25,1,S,0
TXN001308,2022-10-04,2022,10,4,Tuesday,Sports,Central,Online,SP_020,10,88.45,0.0,884.5,316.32,0,M,0
TXN000618,2022-10-04,2022,10,4,Tuesday,Clothing,South,Mobile App,SP_018,12,82.49,0.1,890.89,450.31,1,M,1
TXN002904,2022-10-05,2022,10,4,Wednesday,Clothing,Central,Wholesale,SP_025,12,85.88,0.1,927.5,576.42,0,M,1
TXN001869,2022-10-05,2022,10,4,Wednesday,Home Goods,West,Retail Store,SP_012,7,118.41,0.0,828.87,397.19,1,M,0
TXN002740,2022-10-05,2022,10,4,Wednesday,Books,East,Online,SP_001,3,24.28,0.0,72.84,52.99,0,XS,0
TXN001115,2022-10-05,2022,10,4,Wednesday,Home Goods,North,Wholesale,SP_034,7,105.41,0.05,700.98,276.38,1,M,1
TXN000059,2022-10-05,2022,10,4,Wednesday,Sports,Central,Online,SP_025,6,94.19,0.15,480.37,176.1,0,S,1
TXN002082,2022-10-06,2022,10,4,Thursday,Books,Central,Retail Store,SP_013,13,28.07,0.2,291.93,225.91,0,S,1
TXN004329,2022-10-06,2022,10,4,Thursday,Home Goods,West,Online,SP_026,5,115.57,0.05,548.96,193.03,0,M,1
TXN000368,2022-10-06,2022,10,4,Thursday,Clothing,West,Wholesale,SP_019,7,72.45,0.1,456.44,205.97,0,S,1
TXN000452,2022-10-06,2022,10,4,Thursday,Sports,North,Wholesale,SP_014,3,100.5,0.05,286.43,118.99,0,S,1
TXN001512,2022-10-06,2022,10,4,Thursday,Electronics,North,Wholesale,SP_001,4,480.27,0.1,1728.97,545.23,0,L,1
TXN000245,2022-10-06,2022,10,4,Thursday,Home Goods,South,Online,SP_002,11,131.04,0.1,1297.3,650.54,0,L,1
TXN000559,2022-10-06,2022,10,4,Thursday,Electronics,Central,Retail Store,SP_022,7,463.01,0.05,3079.02,815.93,0,L,1
TXN002446,2022-10-06,2022,10,4,Thursday,Home Goods,South,Retail Store,SP_023,8,108.09,0.15,735.01,346.51,0,M,1
TXN002674,2022-10-07,2022,10,4,Friday,Sports,Central,Retail Store,SP_031,6,96.4,0.0,578.4,185.61,0,M,0
TXN001679,2022-10-07,2022,10,4,Friday,Electronics,West,Online,SP_034,5,454.54,0.0,2272.7,535.93,0,L,0
TXN002290,2022-10-08,2022,10,4,Saturday,Sports,North,Retail Store,SP_007,6,91.36,0.05,520.75,191.4,0,M,1
TXN001858,2022-10-08,2022,10,4,Saturday,Sports,East,Mobile App,SP_037,3,94.66,0.0,283.98,93.38,0,S,0
TXN000812,2022-10-09,2022,10,4,Sunday,Books,Central,Online,SP_014,9,25.26,0.05,215.97,133.6,0,S,1
TXN000648,2022-10-09,2022,10,4,Sunday,Sports,East,Online,SP_010,8,102.92,0.05,782.19,297.27,0,M,1
TXN000234,2022-10-09,2022,10,4,Sunday,Home Goods,Central,Mobile App,SP_035,8,109.09,0.05,829.08,411.09,1,M,1
TXN002687,2022-10-10,2022,10,4,Monday,Electronics,North,Online,SP_013,4,429.76,0.1,1547.14,486.01,0,L,1
TXN003455,2022-10-10,2022,10,4,Monday,Sports,North,Wholesale,SP_034,8,100.79,0.05,766.0,291.84,1,M,1
TXN002994,2022-10-10,2022,10,4,Monday,Electronics,Central,Retail Store,SP_033,6,427.17,0.1,2306.72,645.45,0,L,1
TXN000041,2022-10-10,2022,10,4,Monday,Home Goods,South,Wholesale,SP_016,7,137.5,0.0,962.5,436.29,1,M,0
TXN001253,2022-10-10,2022,10,4,Monday,Electronics,West,Retail Store,SP_030,5,443.53,0.0,2217.65,571.42,0,L,0
TXN001470,2022-10-11,2022,10,4,Tuesday,Electronics,South,Mobile App,SP_010,7,397.2,0.05,2641.38,601.41,0,L,1
TXN000946,2022-10-12,2022,10,4,Wednesday,Home Goods,South,Wholesale,SP_029,12,112.2,0.05,1279.08,567.32,1,L,1
TXN001460,2022-10-12,2022,10,4,Wednesday,Home Goods,Central,Mobile App,SP_014,11,103.96,0.1,1029.2,391.76,0,L,1
TXN001810,2022-10-13,2022,10,4,Thursday,Books,Central,Mobile App,SP_015,6,26.52,0.15,135.25,84.89,0,XS,1
TXN003520,2022-10-13,2022,10,4,Thursday,Electronics,West,Retail Store,SP_023,6,447.5,0.1,2416.5,720.02,0,L,1
TXN003631,2022-10-13,2022,10,4,Thursday,Clothing,East,Retail Store,SP_036,21,71.81,0.05,1432.61,932.39,0,L,1
TXN001721,2022-10-13,2022,10,4,Thursday,Sports,South,Retail Store,SP_031,8,92.29,0.0,738.32,314.75,0,M,0
TXN004481,2022-10-13,2022,10,4,Thursday,Electronics,Central,Mobile App,SP_040,10,469.06,0.05,4456.07,1438.42,0,L,1
TXN003557,2022-10-14,2022,10,4,Friday,Sports,North,Wholesale,SP_009,4,103.16,0.05,392.01,162.05,0,S,1
TXN004072,2022-10-14,2022,10,4,Friday,Books,North,Wholesale,SP_014,6,28.57,0.2,137.14,84.29,0,XS,1
TXN001488,2022-10-14,2022,10,4,Friday,Books,South,Mobile App,SP_015,4,24.79,0.0,99.16,62.61,0,XS,0
TXN003849,2022-10-14,2022,10,4,Friday,Books,Central,Online,SP_009,11,24.31,0.0,267.41,204.47,0,S,0
TXN003513,2022-10-14,2022,10,4,Friday,Sports,North,Online,SP_029,5,95.37,0.0,476.85,205.63,0,S,0
TXN002046,2022-10-15,2022,10,4,Saturday,Books,North,Online,SP_009,6,26.92,0.1,145.37,101.7,1,XS,1
TXN003056,2022-10-15,2022,10,4,Saturday,Clothing,South,Mobile App,SP_002,4,64.71,0.1,232.96,113.29,1,S,1
TXN000322,2022-10-16,2022,10,4,Sunday,Books,Central,Wholesale,SP_016,7,24.87,0.0,174.09,128.59,1,XS,0
TXN000381,2022-10-16,2022,10,4,Sunday,Electronics,East,Online,SP_008,5,456.82,0.0,2284.1,615.85,0,L,0
TXN000747,2022-10-16,2022,10,4,Sunday,Books,Central,Retail Store,SP_021,7,25.5,0.05,169.57,108.98,0,XS,1
TXN003290,2022-10-16,2022,10,4,Sunday,Home Goods,North,Mobile App,SP_011,8,108.79,0.05,826.8,375.57,1,M,1
TXN002641,2022-10-16,2022,10,4,Sunday,Clothing,South,Online,SP_028,10,85.06,0.0,850.6,549.46,0,M,0
TXN000966,2022-10-17,2022,10,4,Monday,Sports,South,Wholesale,SP_011,7,94.3,0.0,660.1,220.02,0,M,0
TXN004272,2022-10-17,2022,10,4,Monday,Electronics,North,Wholesale,SP_011,13,430.15,0.05,5312.35,1201.94,0,XL,1
TXN004947,2022-10-17,2022,10,4,Monday,Electronics,South,Wholesale,SP_002,6,460.04,0.1,2484.22,809.79,0,L,1
TXN003996,2022-10-17,2022,10,4,Monday,Books,East,Retail Store,SP_037,2,28.32,0.05,53.81,28.13,1,XS,1
TXN000440,2022-10-18,2022,10,4,Tuesday,Home Goods,North,Wholesale,SP_008,9,128.73,0.05,1100.64,412.04,0,L,1
TXN000948,2022-10-18,2022,10,4,Tuesday,Clothing,North,Wholesale,SP_019,10,79.73,0.05,757.44,443.44,0,M,1
TXN002935,2022-10-19,2022,10,4,Wednesday,Home Goods,Central,Mobile App,SP_013,4,135.95,0.15,462.23,226.38,0,S,1
TXN000754,2022-10-19,2022,10,4,Wednesday,Home Goods,Central,Online,SP_020,3,119.35,0.0,358.05,127.78,0,S,0
TXN002407,2022-10-19,2022,10,4,Wednesday,Clothing,North,Retail Store,SP_014,9,67.74,0.0,609.66,307.6,0,M,0
TXN004867,2022-10-20,2022,10,4,Thursday,Books,Central,Wholesale,SP_039,8,26.74,0.0,213.92,140.74,1,S,0
TXN003739,2022-10-20,2022,10,4,Thursday,Sports,Central,Online,SP_027,10,85.61,0.1,770.49,260.29,0,M,1
TXN001637,2022-10-20,2022,10,4,Thursday,Home Goods,South,Mobile App,SP_030,8,121.34,0.0,970.72,329.19,1,M,0
TXN003020,2022-10-20,2022,10,4,Thursday,Books,East,Retail Store,SP_012,9,26.36,0.05,225.38,144.15,0,S,1
TXN002520,2022-10-20,2022,10,4,Thursday,Home Goods,East,Wholesale,SP_031,7,130.25,0.0,911.75,336.71,1,M,0
TXN003232,2022-10-21,2022,10,4,Friday,Sports,West,Online,SP_031,4,91.13,0.05,346.29,121.85,0,S,1
TXN002438,2022-10-21,2022,10,4,Friday,Electronics,West,Mobile App,SP_012,4,392.14,0.15,1333.28,409.73,0,L,1
TXN001382,2022-10-21,2022,10,4,Friday,Clothing,East,Mobile App,SP_018,12,73.66,0.15,751.33,433.93,1,M,1
TXN002288,2022-10-22,2022,10,4,Saturday,Home Goods,South,Online,SP_003,4,104.09,0.05,395.54,136.88,1,S,1
TXN001297,2022-10-22,2022,10,4,Saturday,Electronics,East,Online,SP_021,10,393.63,0.1,3542.67,1085.57,0,L,1
TXN004113,2022-10-23,2022,10,4,Sunday,Clothing,Central,Retail Store,SP_037,27,71.42,0.0,1928.34,1192.37,1,L,0
TXN003338,2022-10-23,2022,10,4,Sunday,Electronics,East,Retail Store,SP_009,6,444.8,0.1,2401.92,575.05,0,L,1
TXN001490,2022-10-23,2022,10,4,Sunday,Clothing,North,Online,SP_002,16,76.16,0.05,1157.63,687.75,0,L,1
TXN004305,2022-10-24,2022,10,4,Monday,Books,West,Mobile App,SP_031,5,22.45,0.1,101.03,71.57,0,XS,1
TXN002144,2022-10-24,2022,10,4,Monday,Home Goods,Central,Mobile App,SP_014,8,121.41,0.05,922.72,336.57,1,M,1
TXN000199,2022-10-24,2022,10,4,Monday,Home Goods,South,Mobile App,SP_005,11,127.4,0.05,1331.33,601.3,0,L,1
TXN003072,2022-10-25,2022,10,4,Tuesday,Clothing,East,Wholesale,SP_027,13,81.68,0.1,955.66,577.76,1,M,1
TXN002261,2022-10-25,2022,10,4,Tuesday,Sports,South,Wholesale,SP_028,7,96.72,0.1,609.34,202.65,0,M,1
TXN000753,2022-10-25,2022,10,4,Tuesday,Books,North,Online,SP_027,4,28.25,0.05,107.35,74.17,0,XS,1
TXN002070,2022-10-25,2022,10,4,Tuesday,Sports,Central,Wholesale,SP_010,5,99.49,0.0,497.45,184.76,0,S,0
TXN004533,2022-10-26,2022,10,4,Wednesday,Home Goods,Central,Wholesale,SP_004,9,117.65,0.0,1058.85,391.07,0,L,0
TXN002090,2022-10-26,2022,10,4,Wednesday,Sports,South,Wholesale,SP_040,8,80.92,0.1,582.62,196.21,1,M,1
TXN001400,2022-10-27,2022,10,4,Thursday,Electronics,North,Wholesale,SP_015,11,411.96,0.1,4078.4,1153.09,0,L,1
TXN000737,2022-10-27,2022,10,4,Thursday,Home Goods,West,Mobile App,SP_021,6,107.17,0.05,610.87,278.11,0,M,1
TXN001866,2022-10-27,2022,10,4,Thursday,Sports,South,Retail Store,SP_038,13,105.9,0.0,1376.7,494.03,1,L,0
TXN003148,2022-10-28,2022,10,4,Friday,Clothing,West,Retail Store,SP_023,9,64.79,0.05,553.95,300.85,0,M,1
TXN000172,2022-10-28,2022,10,4,Friday,Sports,Central,Wholesale,SP_030,5,94.56,0.05,449.16,147.86,0,S,1
TXN003157,2022-10-28,2022,10,4,Friday,Clothing,East,Wholesale,SP_025,10,84.71,0.1,762.39,377.73,0,M,1
TXN004311,2022-10-28,2022,10,4,Friday,Home Goods,East,Online,SP_019,10,134.14,0.0,1341.4,544.66,0,L,0
TXN001137,2022-10-29,2022,10,4,Saturday,Electronics,Central,Mobile App,SP_025,7,423.37,0.0,2963.59,816.75,0,L,0
TXN001328,2022-10-29,2022,10,4,Saturday,Electronics,Central,Retail Store,SP_026,5,458.85,0.1,2064.83,671.02,1,L,1
TXN004806,2022-10-29,2022,10,4,Saturday,Clothing,Central,Online,SP_022,13,69.91,0.0,908.83,476.44,0,M,0
TXN001007,2022-10-30,2022,10,4,Sunday,Electronics,West,Mobile App,SP_037,8,506.02,0.05,3845.75,1287.51,0,L,1
TXN001645,2022-10-30,2022,10,4,Sunday,Books,East,Mobile App,SP_005,6,25.4,0.05,144.78,97.06,0,XS,1
TXN001239,2022-10-30,2022,10,4,Sunday,Sports,West,Retail Store,SP_017,9,88.31,0.0,794.79,243.66,1,M,0
TXN004735,2022-10-30,2022,10,4,Sunday,Sports,East,Mobile App,SP_031,5,92.31,0.0,461.55,192.49,1,S,0
TXN004018,2022-10-30,2022,10,4,Sunday,Electronics,East,Online,SP_035,4,384.38,0.1,1383.77,385.6,0,L,1
TXN000912,2022-10-30,2022,10,4,Sunday,Clothing,North,Wholesale,SP_015,11,74.61,0.0,820.71,468.97,0,M,0
TXN000062,2022-10-31,2022,10,4,Monday,Sports,East,Retail Store,SP_013,9,106.58,0.05,911.26,363.49,0,M,1
TXN004220,2022-10-31,2022,10,4,Monday,Electronics,West,Wholesale,SP_022,8,495.54,0.15,3369.67,924.17,0,L,1
TXN003015,2022-10-31,2022,10,4,Monday,Clothing,North,Retail Store,SP_035,17,69.45,0.0,1180.65,525.66,1,L,0
TXN004883,2022-11-01,2022,11,4,Tuesday,Electronics,North,Mobile App,SP_034,19,505.57,0.1,8645.25,2579.15,0,XL,1
TXN003689,2022-11-01,2022,11,4,Tuesday,Clothing,Central,Retail Store,SP_023,8,71.85,0.2,459.84,268.8,0,S,1
TXN003347,2022-11-01,2022,11,4,Tuesday,Home Goods,Central,Online,SP_008,10,103.92,0.0,1039.2,522.34,0,L,0
TXN002995,2022-11-01,2022,11,4,Tuesday,Clothing,North,Online,SP_011,4,68.51,0.0,274.04,121.34,0,S,0
TXN002534,2022-11-01,2022,11,4,Tuesday,Clothing,Central,Retail Store,SP_009,12,70.78,0.0,849.36,383.09,0,M,0
TXN002721,2022-11-02,2022,11,4,Wednesday,Home Goods,South,Retail Store,SP_037,9,105.7,0.05,903.74,313.49,0,M,1
TXN003231,2022-11-02,2022,11,4,Wednesday,Books,West,Mobile App,SP_017,9,23.43,0.1,189.78,117.82,0,XS,1
TXN001882,2022-11-02,2022,11,4,Wednesday,Home Goods,South,Retail Store,SP_013,4,110.82,0.0,443.28,167.94,0,S,0
TXN000819,2022-11-02,2022,11,4,Wednesday,Clothing,North,Retail Store,SP_014,4,75.02,0.1,270.07,137.94,0,S,1
TXN004994,2022-11-02,2022,11,4,Wednesday,Clothing,Central,Online,SP_024,3,74.65,0.15,190.36,114.08,0,XS,1
TXN000155,2022-11-03,2022,11,4,Thursday,Books,South,Online,SP_030,6,27.9,0.15,142.29,97.88,0,XS,1
TXN000454,2022-11-03,2022,11,4,Thursday,Clothing,North,Retail Store,SP_023,9,81.97,0.0,737.73,363.28,1,M,0
TXN004963,2022-11-03,2022,11,4,Thursday,Electronics,West,Wholesale,SP_034,10,477.77,0.0,4777.7,1470.07,0,L,0
TXN002486,2022-11-03,2022,11,4,Thursday,Clothing,Central,Wholesale,SP_031,5,69.54,0.0,347.7,201.8,0,S,0
TXN004423,2022-11-03,2022,11,4,Thursday,Home Goods,West,Online,SP_015,5,136.0,0.05,646.0,231.03,0,M,1
TXN001160,2022-11-04,2022,11,4,Friday,Electronics,South,Online,SP_039,19,419.15,0.05,7565.66,1941.85,0,XL,1
TXN004605,2022-11-04,2022,11,4,Friday,Books,West,Retail Store,SP_030,6,27.18,0.0,163.08,87.5,0,XS,0
TXN001362,2022-11-04,2022,11,4,Friday,Home Goods,East,Online,SP_001,4,117.81,0.0,471.24,220.63,0,S,0
TXN004209,2022-11-04,2022,11,4,Friday,Sports,East,Mobile App,SP_030,5,105.04,0.0,525.2,211.56,0,M,0
TXN004503,2022-11-04,2022,11,4,Friday,Sports,North,Retail Store,SP_014,6,99.36,0.05,566.35,206.22,0,M,1
TXN001065,2022-11-05,2022,11,4,Saturday,Electronics,East,Online,SP_026,11,414.94,0.0,4564.34,1205.81,0,L,0
TXN003982,2022-11-05,2022,11,4,Saturday,Electronics,West,Mobile App,SP_033,21,499.37,0.0,10486.77,3365.63,0,XL,0
TXN003815,2022-11-05,2022,11,4,Saturday,Electronics,North,Online,SP_005,13,507.36,0.0,6595.68,2012.15,0,XL,0
TXN002689,2022-11-06,2022,11,4,Sunday,Books,West,Mobile App,SP_005,2,24.82,0.0,49.64,36.35,0,XS,0
TXN001175,2022-11-06,2022,11,4,Sunday,Home Goods,North,Online,SP_002,3,106.08,0.05,302.33,144.39,0,S,1
TXN004426,2022-11-06,2022,11,4,Sunday,Electronics,Central,Retail Store,SP_025,15,515.58,0.2,6186.96,2013.55,1,XL,1
TXN003968,2022-11-06,2022,11,4,Sunday,Home Goods,Central,Online,SP_003,7,105.09,0.0,735.63,345.41,0,M,0
TXN000061,2022-11-08,2022,11,4,Tuesday,Books,East,Online,SP_020,5,23.94,0.05,113.72,85.07,0,XS,1
TXN000832,2022-11-08,2022,11,4,Tuesday,Home Goods,West,Mobile App,SP_002,5,120.63,0.0,603.15,204.17,1,M,0
TXN000028,2022-11-08,2022,11,4,Tuesday,Electronics,Central,Retail Store,SP_018,6,388.71,0.1,2099.03,479.76,0,L,1
TXN001728,2022-11-08,2022,11,4,Tuesday,Books,Central,Wholesale,SP_040,3,28.06,0.1,75.76,52.15,0,XS,1
TXN002469,2022-11-09,2022,11,4,Wednesday,Electronics,Central,Retail Store,SP_035,20,426.15,0.05,8096.85,2586.36,0,XL,1
TXN002896,2022-11-09,2022,11,4,Wednesday,Books,East,Mobile App,SP_001,10,24.76,0.05,235.22,160.76,0,S,1
TXN002236,2022-11-09,2022,11,4,Wednesday,Home Goods,Central,Retail Store,SP_038,4,136.82,0.05,519.92,199.91,0,M,1
TXN000615,2022-11-09,2022,11,4,Wednesday,Home Goods,South,Retail Store,SP_007,6,125.1,0.0,750.6,255.16,1,M,0
TXN004523,2022-11-09,2022,11,4,Wednesday,Electronics,East,Mobile App,SP_010,13,461.18,0.0,5995.34,1895.95,0,XL,0
TXN002241,2022-11-10,2022,11,4,Thursday,Home Goods,North,Retail Store,SP_011,7,110.23,0.05,733.03,355.59,0,M,1
TXN003673,2022-11-10,2022,11,4,Thursday,Electronics,West,Mobile App,SP_012,4,415.5,0.0,1662.0,450.47,0,L,0
TXN003253,2022-11-10,2022,11,4,Thursday,Clothing,West,Retail Store,SP_036,8,65.39,0.05,496.96,306.34,0,S,1
TXN000134,2022-11-11,2022,11,4,Friday,Electronics,West,Online,SP_034,6,503.22,0.15,2566.42,630.03,1,L,1
TXN000758,2022-11-11,2022,11,4,Friday,Clothing,Central,Retail Store,SP_014,6,71.0,0.05,404.7,229.58,0,S,1
TXN000619,2022-11-11,2022,11,4,Friday,Sports,West,Mobile App,SP_023,6,81.87,0.1,442.1,178.41,0,S,1
TXN000366,2022-11-12,2022,11,4,Saturday,Books,West,Wholesale,SP_029,7,25.41,0.0,177.87,130.69,0,XS,0
TXN004851,2022-11-12,2022,11,4,Saturday,Books,North,Mobile App,SP_009,1,21.53,0.1,19.38,10.9,0,XS,1
TXN004215,2022-11-12,2022,11,4,Saturday,Clothing,North,Retail Store,SP_026,16,81.96,0.1,1180.22,631.75,0,L,1
TXN001708,2022-11-12,2022,11,4,Saturday,Clothing,North,Online,SP_036,4,84.14,0.0,336.56,216.09,0,S,0
TXN001745,2022-11-13,2022,11,4,Sunday,Home Goods,South,Wholesale,SP_034,3,112.8,0.0,338.4,149.33,0,S,0
TXN004534,2022-11-13,2022,11,4,Sunday,Sports,North,Mobile App,SP_032,8,99.29,0.05,754.6,239.53,0,M,1
TXN004193,2022-11-14,2022,11,4,Monday,Books,East,Mobile App,SP_021,8,25.14,0.05,191.06,128.43,0,XS,1
TXN002331,2022-11-14,2022,11,4,Monday,Sports,South,Mobile App,SP_036,4,94.98,0.0,379.92,161.85,1,S,0
TXN001314,2022-11-14,2022,11,4,Monday,Clothing,South,Retail Store,SP_004,4,80.84,0.15,274.86,166.98,0,S,1
TXN004031,2022-11-14,2022,11,4,Monday,Electronics,Central,Retail Store,SP_001,14,440.88,0.1,5555.09,1716.28,0,XL,1
TXN001273,2022-11-14,2022,11,4,Monday,Clothing,West,Retail Store,SP_010,4,68.57,0.15,233.14,130.88,1,S,1
TXN003287,2022-11-15,2022,11,4,Tuesday,Books,East,Retail Store,SP_035,9,28.22,0.0,253.98,149.03,0,S,0
TXN002110,2022-11-15,2022,11,4,Tuesday,Clothing,West,Mobile App,SP_021,4,72.37,0.05,275.01,127.16,0,S,1
TXN002298,2022-11-15,2022,11,4,Tuesday,Home Goods,North,Retail Store,SP_037,3,119.69,0.0,359.07,159.37,0,S,0
TXN001091,2022-11-15,2022,11,4,Tuesday,Electronics,North,Mobile App,SP_027,13,513.89,0.1,6012.51,1948.24,0,XL,1
TXN004316,2022-11-16,2022,11,4,Wednesday,Sports,South,Retail Store,SP_033,7,88.54,0.0,619.78,193.01,1,M,0
TXN001812,2022-11-16,2022,11,4,Wednesday,Sports,South,Online,SP_025,2,96.96,0.05,184.22,58.72,0,XS,1
TXN003066,2022-11-16,2022,11,4,Wednesday,Sports,West,Retail Store,SP_038,7,89.87,0.05,597.64,217.86,0,M,1
TXN004042,2022-11-16,2022,11,4,Wednesday,Clothing,Central,Wholesale,SP_013,4,86.06,0.05,327.03,207.17,0,S,1
TXN004409,2022-11-16,2022,11,4,Wednesday,Books,West,Mobile App,SP_018,5,28.52,0.0,142.6,75.58,0,XS,0
TXN003229,2022-11-17,2022,11,4,Thursday,Home Goods,South,Wholesale,SP_001,6,112.05,0.0,672.3,309.05,1,M,0
TXN002263,2022-11-17,2022,11,4,Thursday,Clothing,North,Retail Store,SP_016,3,67.04,0.05,191.06,85.93,0,XS,1
TXN003595,2022-11-17,2022,11,4,Thursday,Home Goods,North,Retail Store,SP_018,8,128.88,0.1,927.94,334.2,0,M,1
TXN002949,2022-11-18,2022,11,4,Friday,Home Goods,Central,Online,SP_036,7,123.29,0.0,863.03,405.69,1,M,0
TXN000066,2022-11-18,2022,11,4,Friday,Electronics,South,Wholesale,SP_015,11,507.04,0.1,5019.7,1522.03,1,XL,1
TXN003621,2022-11-19,2022,11,4,Saturday,Sports,East,Wholesale,SP_009,11,108.69,0.0,1195.59,460.19,1,L,0
TXN000481,2022-11-19,2022,11,4,Saturday,Sports,North,Wholesale,SP_014,7,84.93,0.0,594.51,239.1,1,M,0
TXN004256,2022-11-20,2022,11,4,Sunday,Home Goods,Central,Mobile App,SP_022,8,114.06,0.0,912.48,418.43,1,M,0
TXN000522,2022-11-20,2022,11,4,Sunday,Home Goods,East,Wholesale,SP_017,5,116.67,0.1,525.01,263.42,0,M,1
TXN001631,2022-11-20,2022,11,4,Sunday,Home Goods,Central,Retail Store,SP_002,8,126.82,0.0,1014.56,442.86,0,L,0
TXN000079,2022-11-20,2022,11,4,Sunday,Sports,South,Mobile App,SP_009,6,84.11,0.2,403.73,158.11,0,S,1
TXN001761,2022-11-21,2022,11,4,Monday,Electronics,South,Wholesale,SP_020,14,499.02,0.0,6986.28,2022.23,0,XL,0
TXN004920,2022-11-21,2022,11,4,Monday,Books,West,Retail Store,SP_032,10,27.15,0.0,271.5,188.61,0,S,0
TXN000005,2022-11-21,2022,11,4,Monday,Electronics,North,Mobile App,SP_007,9,513.39,0.0,4620.51,1436.12,0,L,0
TXN003136,2022-11-21,2022,11,4,Monday,Home Goods,Central,Online,SP_036,6,102.44,0.05,583.91,241.51,0,M,1
TXN003212,2022-11-22,2022,11,4,Tuesday,Home Goods,North,Retail Store,SP_035,7,135.4,0.1,853.02,343.63,0,M,1
TXN001945,2022-11-22,2022,11,4,Tuesday,Sports,East,Retail Store,SP_011,13,95.97,0.0,1247.61,534.19,1,L,0
TXN004539,2022-11-22,2022,11,4,Tuesday,Electronics,West,Online,SP_030,15,507.3,0.1,6848.55,2158.81,1,XL,1
TXN001979,2022-11-22,2022,11,4,Tuesday,Sports,Central,Mobile App,SP_029,5,83.59,0.15,355.26,152.13,0,S,1
TXN000082,2022-11-23,2022,11,4,Wednesday,Sports,East,Mobile App,SP_017,9,101.63,0.1,823.2,277.15,0,M,1
TXN001787,2022-11-23,2022,11,4,Wednesday,Home Goods,North,Wholesale,SP_012,4,104.88,0.0,419.52,183.42,0,S,0
TXN000409,2022-11-23,2022,11,4,Wednesday,Books,Central,Retail Store,SP_037,5,23.3,0.15,99.02,76.09,0,XS,1
TXN001711,2022-11-23,2022,11,4,Wednesday,Clothing,North,Wholesale,SP_037,11,75.35,0.05,787.41,439.22,0,M,1
TXN004586,2022-11-23,2022,11,4,Wednesday,Books,West,Retail Store,SP_019,2,28.62,0.1,51.52,37.39,0,XS,1
TXN003262,2022-11-23,2022,11,4,Wednesday,Home Goods,East,Online,SP_015,9,114.49,0.15,875.85,354.19,0,M,1
TXN003979,2022-11-23,2022,11,4,Wednesday,Books,North,Mobile App,SP_020,7,27.89,0.0,195.23,132.75,0,XS,0
TXN003226,2022-11-24,2022,11,4,Thursday,Clothing,Central,Mobile App,SP_031,9,76.92,0.05,657.67,360.18,1,M,1
TXN003420,2022-11-24,2022,11,4,Thursday,Electronics,West,Wholesale,SP_028,16,420.09,0.1,6049.3,1997.78,0,XL,1
TXN003427,2022-11-25,2022,11,4,Friday,Books,North,Wholesale,SP_011,8,22.23,0.1,160.06,107.43,0,XS,1
TXN005000,2022-11-25,2022,11,4,Friday,Electronics,East,Wholesale,SP_038,11,406.68,0.1,4026.13,1260.85,0,L,1
TXN000826,2022-11-25,2022,11,4,Friday,Books,West,Online,SP_009,6,26.61,0.0,159.66,113.57,0,XS,0
TXN000991,2022-11-25,2022,11,4,Friday,Clothing,Central,Mobile App,SP_008,6,66.09,0.0,396.54,236.43,0,S,0
TXN000653,2022-11-25,2022,11,4,Friday,Books,Central,Online,SP_011,5,24.43,0.0,122.15,93.17,0,XS,0
TXN003361,2022-11-26,2022,11,4,Saturday,Books,South,Mobile App,SP_018,8,28.69,0.0,229.52,157.38,0,S,0
TXN000274,2022-11-26,2022,11,4,Saturday,Books,East,Retail Store,SP_013,5,22.78,0.05,108.2,70.55,0,XS,1
TXN003319,2022-11-26,2022,11,4,Saturday,Clothing,Central,Wholesale,SP_021,3,81.23,0.05,231.51,105.66,0,S,1
TXN001692,2022-11-27,2022,11,4,Sunday,Electronics,East,Mobile App,SP_027,13,444.65,0.0,5780.45,1829.91,0,XL,0
TXN002776,2022-11-27,2022,11,4,Sunday,Clothing,West,Retail Store,SP_005,3,70.22,0.05,200.13,93.75,0,S,1
TXN003493,2022-11-27,2022,11,4,Sunday,Clothing,East,Online,SP_001,14,67.04,0.1,844.7,491.38,0,M,1
TXN004066,2022-11-27,2022,11,4,Sunday,Clothing,East,Mobile App,SP_020,1,77.4,0.15,65.79,40.15,0,XS,1
TXN001010,2022-11-27,2022,11,4,Sunday,Clothing,Central,Wholesale,SP_024,6,79.99,0.2,383.95,252.85,0,S,1
TXN001877,2022-11-27,2022,11,4,Sunday,Sports,Central,Mobile App,SP_002,4,87.07,0.05,330.87,133.97,0,S,1
TXN004007,2022-11-28,2022,11,4,Monday,Electronics,Central,Wholesale,SP_011,11,435.66,0.2,3833.81,1204.97,0,L,1
TXN003349,2022-11-28,2022,11,4,Monday,Books,West,Retail Store,SP_001,9,28.47,0.0,256.23,183.9,0,S,0
TXN004755,2022-11-28,2022,11,4,Monday,Sports,East,Mobile App,SP_009,6,94.13,0.05,536.54,212.07,0,M,1
TXN004012,2022-11-28,2022,11,4,Monday,Home Goods,South,Mobile App,SP_014,6,115.95,0.15,591.35,251.6,0,M,1
TXN003679,2022-11-29,2022,11,4,Tuesday,Sports,West,Wholesale,SP_026,7,82.22,0.0,575.54,224.81,0,M,0
TXN004852,2022-11-29,2022,11,4,Tuesday,Sports,West,Retail Store,SP_040,5,99.94,0.05,474.71,154.46,0,S,1
TXN002292,2022-11-29,2022,11,4,Tuesday,Electronics,Central,Online,SP_021,14,442.87,0.0,6200.18,2064.2,0,XL,0
TXN003041,2022-11-29,2022,11,4,Tuesday,Clothing,North,Online,SP_035,5,68.85,0.05,327.04,182.11,0,S,1
TXN000355,2022-11-29,2022,11,4,Tuesday,Books,Central,Mobile App,SP_021,5,22.04,0.0,110.2,74.08,0,XS,0
TXN003730,2022-11-29,2022,11,4,Tuesday,Sports,East,Mobile App,SP_005,11,99.78,0.05,1042.7,412.13,0,L,1
TXN004216,2022-11-30,2022,11,4,Wednesday,Clothing,West,Online,SP_009,6,70.58,0.0,423.48,216.79,0,S,0
TXN002178,2022-12-01,2022,12,4,Thursday,Clothing,East,Online,SP_017,9,84.7,0.0,762.3,344.12,0,M,0
TXN003039,2022-12-01,2022,12,4,Thursday,Electronics,Central,Online,SP_003,15,488.05,0.0,7320.75,2214.21,0,XL,0
TXN002168,2022-12-01,2022,12,4,Thursday,Home Goods,Central,Wholesale,SP_020,9,104.12,0.15,796.52,377.07,0,M,1
TXN002711,2022-12-02,2022,12,4,Friday,Sports,East,Online,SP_030,8,88.22,0.0,705.76,275.8,0,M,0
TXN000667,2022-12-02,2022,12,4,Friday,Electronics,Central,Retail Store,SP_031,10,386.82,0.0,3868.2,1273.8,1,L,0
TXN004983,2022-12-02,2022,12,4,Friday,Clothing,West,Online,SP_008,6,80.14,0.1,432.76,246.66,1,S,1
TXN002654,2022-12-02,2022,12,4,Friday,Clothing,West,Wholesale,SP_038,7,78.96,0.1,497.45,263.94,0,S,1
TXN002170,2022-12-03,2022,12,4,Saturday,Books,Central,Online,SP_017,5,21.56,0.05,102.41,71.19,0,XS,1
TXN002235,2022-12-03,2022,12,4,Saturday,Books,East,Mobile App,SP_017,7,25.79,0.05,171.5,127.25,0,XS,1
TXN001263,2022-12-03,2022,12,4,Saturday,Clothing,South,Online,SP_016,4,84.74,0.1,305.06,149.36,0,S,1
TXN002563,2022-12-03,2022,12,4,Saturday,Home Goods,East,Retail Store,SP_001,8,103.29,0.0,826.32,347.11,0,M,0
TXN004553,2022-12-03,2022,12,4,Saturday,Clothing,East,Mobile App,SP_014,7,73.77,0.05,490.57,309.1,0,S,1
TXN000940,2022-12-04,2022,12,4,Sunday,Home Goods,West,Mobile App,SP_030,11,125.1,0.0,1376.1,510.8,1,L,0
TXN002265,2022-12-04,2022,12,4,Sunday,Books,East,Wholesale,SP_001,8,24.56,0.0,196.48,114.45,0,XS,0
TXN000677,2022-12-04,2022,12,4,Sunday,Home Goods,South,Mobile App,SP_028,9,109.91,0.0,989.19,405.27,0,M,0
TXN001293,2022-12-04,2022,12,4,Sunday,Home Goods,South,Wholesale,SP_026,7,127.54,0.0,892.78,440.22,1,M,0
TXN000917,2022-12-05,2022,12,4,Monday,Clothing,East,Retail Store,SP_040,9,75.14,0.15,574.82,256.16,0,M,1
TXN004441,2022-12-05,2022,12,4,Monday,Clothing,Central,Retail Store,SP_026,10,66.57,0.1,599.13,349.49,0,M,1
TXN000998,2022-12-05,2022,12,4,Monday,Books,Central,Online,SP_003,7,21.64,0.2,121.18,63.96,0,XS,1
TXN000098,2022-12-06,2022,12,4,Tuesday,Sports,Central,Wholesale,SP_023,6,98.33,0.1,530.98,240.61,0,M,1
TXN004967,2022-12-06,2022,12,4,Tuesday,Clothing,West,Online,SP_012,8,72.94,0.1,525.17,333.28,1,M,1
TXN001096,2022-12-06,2022,12,4,Tuesday,Sports,South,Retail Store,SP_038,5,98.91,0.15,420.37,175.04,0,S,1
TXN003950,2022-12-07,2022,12,4,Wednesday,Books,South,Retail Store,SP_039,11,23.81,0.0,261.91,175.26,0,S,0
TXN003703,2022-12-07,2022,12,4,Wednesday,Sports,East,Wholesale,SP_002,9,83.72,0.05,715.81,239.78,0,M,1
TXN001724,2022-12-08,2022,12,4,Thursday,Electronics,South,Wholesale,SP_019,18,404.39,0.1,6551.12,1890.68,0,XL,1
TXN001347,2022-12-08,2022,12,4,Thursday,Books,Central,Mobile App,SP_031,3,21.95,0.05,62.56,33.56,0,XS,1
TXN002450,2022-12-08,2022,12,4,Thursday,Sports,North,Retail Store,SP_014,9,88.33,0.05,755.22,319.8,0,M,1
TXN004327,2022-12-09,2022,12,4,Friday,Electronics,East,Retail Store,SP_020,9,428.04,0.05,3659.74,920.4,0,L,1
TXN000264,2022-12-09,2022,12,4,Friday,Sports,South,Wholesale,SP_033,10,88.41,0.05,839.89,302.36,0,M,1
TXN004783,2022-12-09,2022,12,4,Friday,Home Goods,North,Online,SP_009,13,128.67,0.0,1672.71,685.87,0,L,0
TXN004857,2022-12-09,2022,12,4,Friday,Clothing,North,Online,SP_026,7,72.34,0.15,430.42,189.95,0,S,1
TXN003754,2022-12-09,2022,12,4,Friday,Clothing,South,Mobile App,SP_024,6,67.1,0.1,362.34,231.5,0,S,1
TXN003920,2022-12-11,2022,12,4,Sunday,Electronics,South,Wholesale,SP_033,15,461.46,0.0,6921.9,2152.14,0,XL,0
TXN003021,2022-12-11,2022,12,4,Sunday,Clothing,East,Online,SP_026,3,67.71,0.0,203.13,107.0,0,S,0
TXN004578,2022-12-11,2022,12,4,Sunday,Clothing,West,Wholesale,SP_011,8,78.79,0.0,630.32,367.5,1,M,0
TXN004455,2022-12-11,2022,12,4,Sunday,Electronics,Central,Retail Store,SP_017,8,441.66,0.1,3179.95,912.22,0,L,1
TXN003067,2022-12-12,2022,12,4,Monday,Electronics,North,Mobile App,SP_019,11,470.3,0.0,5173.3,1252.63,0,XL,0
TXN001095,2022-12-12,2022,12,4,Monday,Sports,West,Online,SP_011,8,81.24,0.0,649.92,291.19,1,M,0
TXN001558,2022-12-12,2022,12,4,Monday,Home Goods,North,Online,SP_032,10,131.2,0.15,1115.2,389.22,1,L,1
TXN000674,2022-12-13,2022,12,4,Tuesday,Sports,South,Mobile App,SP_008,9,82.55,0.1,668.65,264.56,0,M,1
TXN000720,2022-12-13,2022,12,4,Tuesday,Sports,South,Online,SP_025,7,88.79,0.0,621.53,230.85,1,M,0
TXN001544,2022-12-13,2022,12,4,Tuesday,Home Goods,Central,Wholesale,SP_001,11,115.51,0.0,1270.61,580.04,0,L,0
TXN003177,2022-12-13,2022,12,4,Tuesday,Electronics,North,Online,SP_012,6,469.07,0.0,2814.42,741.28,0,L,0
TXN003966,2022-12-14,2022,12,4,Wednesday,Clothing,South,Online,SP_025,11,76.73,0.0,844.03,424.23,0,M,0
TXN002966,2022-12-14,2022,12,4,Wednesday,Clothing,South,Wholesale,SP_013,7,74.21,0.05,493.5,228.12,0,S,1
TXN004448,2022-12-14,2022,12,4,Wednesday,Books,North,Mobile App,SP_011,5,22.66,0.1,101.97,56.62,0,XS,1
TXN003672,2022-12-15,2022,12,4,Thursday,Home Goods,North,Online,SP_016,5,128.39,0.0,641.95,320.75,0,M,0
TXN001958,2022-12-15,2022,12,4,Thursday,Books,South,Mobile App,SP_018,9,28.54,0.05,244.02,166.24,1,S,1
TXN004853,2022-12-15,2022,12,4,Thursday,Books,North,Mobile App,SP_017,5,24.9,0.0,124.5,84.99,0,XS,0
TXN004498,2022-12-15,2022,12,4,Thursday,Clothing,South,Online,SP_014,4,69.66,0.0,278.64,138.72,0,S,0
TXN001277,2022-12-15,2022,12,4,Thursday,Books,West,Wholesale,SP_004,2,23.87,0.1,42.97,31.62,0,XS,1
TXN000796,2022-12-16,2022,12,4,Friday,Electronics,South,Online,SP_037,9,476.37,0.1,3858.6,1041.27,0,L,1
TXN001556,2022-12-16,2022,12,4,Friday,Home Goods,West,Mobile App,SP_018,11,105.9,0.0,1164.9,533.17,1,L,0
TXN001588,2022-12-16,2022,12,4,Friday,Books,West,Online,SP_012,5,28.28,0.1,127.26,69.74,0,XS,1
TXN001426,2022-12-17,2022,12,4,Saturday,Home Goods,South,Wholesale,SP_030,4,126.25,0.0,505.0,245.59,0,M,0
TXN004608,2022-12-17,2022,12,4,Saturday,Sports,North,Online,SP_024,11,99.27,0.05,1037.37,385.28,0,L,1
TXN003161,2022-12-18,2022,12,4,Sunday,Books,West,Online,SP_032,4,27.34,0.2,87.49,51.61,0,XS,1
TXN000208,2022-12-18,2022,12,4,Sunday,Home Goods,West,Retail Store,SP_039,8,120.41,0.1,866.95,363.0,1,M,1
TXN001644,2022-12-18,2022,12,4,Sunday,Electronics,North,Mobile App,SP_008,15,507.64,0.05,7233.87,1640.18,0,XL,1
TXN001923,2022-12-19,2022,12,4,Monday,Electronics,South,Wholesale,SP_009,7,401.24,0.15,2387.38,555.91,1,L,1
TXN003291,2022-12-19,2022,12,4,Monday,Electronics,North,Retail Store,SP_023,17,408.61,0.1,6251.73,1558.94,0,XL,1
TXN003080,2022-12-20,2022,12,4,Tuesday,Electronics,South,Wholesale,SP_035,6,391.77,0.1,2115.56,535.64,0,L,1
TXN004795,2022-12-20,2022,12,4,Tuesday,Sports,West,Retail Store,SP_012,8,105.02,0.0,840.16,258.97,0,M,0
TXN001482,2022-12-20,2022,12,4,Tuesday,Sports,West,Mobile App,SP_001,4,102.65,0.15,349.01,127.37,0,S,1
TXN003882,2022-12-21,2022,12,4,Wednesday,Electronics,East,Online,SP_009,17,408.72,0.1,6253.42,1473.07,0,XL,1
TXN002716,2022-12-21,2022,12,4,Wednesday,Books,North,Online,SP_008,15,24.73,0.05,352.4,242.01,0,S,1
TXN003164,2022-12-21,2022,12,4,Wednesday,Sports,South,Retail Store,SP_018,7,105.57,0.2,591.19,210.12,0,M,1
TXN000178,2022-12-22,2022,12,4,Thursday,Electronics,Central,Retail Store,SP_010,17,453.7,0.1,6941.61,2114.19,0,XL,1
TXN000077,2022-12-22,2022,12,4,Thursday,Home Goods,West,Mobile App,SP_035,7,136.14,0.1,857.68,398.21,0,M,1
TXN004097,2022-12-22,2022,12,4,Thursday,Sports,South,Retail Store,SP_036,8,100.52,0.05,763.95,286.24,1,M,1
TXN004345,2022-12-22,2022,12,4,Thursday,Sports,East,Online,SP_030,10,83.7,0.05,795.15,250.15,0,M,1
TXN003410,2022-12-22,2022,12,4,Thursday,Sports,South,Wholesale,SP_003,4,97.6,0.05,370.88,115.09,1,S,1
TXN000470,2022-12-22,2022,12,4,Thursday,Books,Central,Retail Store,SP_037,10,23.23,0.15,197.46,117.01,0,XS,1
TXN000388,2022-12-22,2022,12,4,Thursday,Sports,Central,Retail Store,SP_020,7,87.37,0.15,519.85,190.06,0,M,1
TXN001940,2022-12-23,2022,12,4,Friday,Clothing,East,Mobile App,SP_004,7,65.2,0.0,456.4,242.67,0,S,0
TXN001508,2022-12-24,2022,12,4,Saturday,Home Goods,North,Mobile App,SP_011,7,126.54,0.15,752.91,368.31,0,M,1
TXN004493,2022-12-24,2022,12,4,Saturday,Books,West,Mobile App,SP_021,8,27.05,0.05,205.58,150.4,0,S,1
TXN004833,2022-12-24,2022,12,4,Saturday,Clothing,South,Online,SP_037,7,73.81,0.15,439.17,247.85,0,S,1
TXN000666,2022-12-25,2022,12,4,Sunday,Books,Central,Online,SP_017,5,22.74,0.0,113.7,59.4,1,XS,0
TXN001414,2022-12-25,2022,12,4,Sunday,Home Goods,South,Mobile App,SP_008,4,119.58,0.05,454.4,187.08,0,S,1
TXN003115,2022-12-25,2022,12,4,Sunday,Home Goods,North,Retail Store,SP_009,8,116.85,0.05,888.06,390.32,1,M,1
TXN003871,2022-12-25,2022,12,4,Sunday,Books,West,Retail Store,SP_027,8,21.33,0.1,153.58,91.07,0,XS,1
TXN004391,2022-12-26,2022,12,4,Monday,Sports,East,Wholesale,SP_031,9,106.22,0.0,955.98,312.86,0,M,0
TXN000804,2022-12-26,2022,12,4,Monday,Clothing,Central,Mobile App,SP_034,7,74.71,0.1,470.67,291.3,0,S,1
TXN000813,2022-12-26,2022,12,4,Monday,Electronics,South,Wholesale,SP_002,9,433.82,0.0,3904.38,1022.05,0,L,0
TXN003411,2022-12-27,2022,12,4,Tuesday,Books,North,Wholesale,SP_023,10,24.09,0.05,228.85,136.16,1,S,1
TXN001880,2022-12-28,2022,12,4,Wednesday,Books,South,Retail Store,SP_010,7,22.45,0.0,157.15,101.04,1,XS,0
TXN001221,2022-12-28,2022,12,4,Wednesday,Home Goods,South,Mobile App,SP_028,10,129.87,0.1,1168.83,422.41,0,L,1
TXN003725,2022-12-28,2022,12,4,Wednesday,Electronics,South,Online,SP_015,9,444.21,0.05,3798.0,1236.06,0,L,1
TXN004809,2022-12-28,2022,12,4,Wednesday,Electronics,Central,Mobile App,SP_033,12,388.21,0.0,4658.52,1134.8,1,L,0
TXN002289,2022-12-29,2022,12,4,Thursday,Electronics,East,Wholesale,SP_027,12,389.5,0.1,4206.6,1070.75,1,L,1
TXN004071,2022-12-29,2022,12,4,Thursday,Books,East,Retail Store,SP_018,5,22.09,0.15,93.88,53.25,0,XS,1
TXN001733,2022-12-29,2022,12,4,Thursday,Home Goods,Central,Wholesale,SP_034,9,134.28,0.0,1208.52,583.05,0,L,0
TXN004723,2022-12-29,2022,12,4,Thursday,Home Goods,East,Mobile App,SP_028,5,134.0,0.05,636.5,217.96,0,M,1
TXN002614,2022-12-30,2022,12,4,Friday,Books,South,Mobile App,SP_018,3,27.26,0.05,77.69,58.81,1,XS,1
TXN000670,2022-12-31,2022,12,4,Saturday,Clothing,North,Online,SP_006,10,66.68,0.1,600.12,369.15,0,M,1
TXN001294,2022-12-31,2022,12,4,Saturday,Home Goods,North,Online,SP_030,10,103.26,0.15,877.71,398.23,0,M,1
TXN000967,2022-12-31,2022,12,4,Saturday,Electronics,East,Wholesale,SP_034,22,503.46,0.05,10522.31,2845.63,1,XL,1
TXN002081,2022-12-31,2022,12,4,Saturday,Books,West,Retail Store,SP_018,6,23.2,0.2,111.36,59.3,0,XS,1
TXN003626,2022-12-31,2022,12,4,Saturday,Sports,North,Wholesale,SP_012,9,94.36,0.2,679.39,218.86,0,M,1
TXN000477,2023-01-01,2023,1,1,Sunday,Clothing,Central,Retail Store,SP_025,3,76.64,0.0,229.92,142.62,0,S,0
TXN003790,2023-01-01,2023,1,1,Sunday,Books,North,Wholesale,SP_028,11,28.56,0.0,314.16,228.87,0,S,0
TXN004497,2023-01-01,2023,1,1,Sunday,Books,Central,Mobile App,SP_003,3,24.71,0.1,66.72,38.02,1,XS,1
TXN003592,2023-01-01,2023,1,1,Sunday,Sports,Central,Wholesale,SP_023,7,105.19,0.05,699.51,288.8,1,M,1
TXN001602,2023-01-01,2023,1,1,Sunday,Books,Central,Retail Store,SP_005,9,25.97,0.05,222.04,172.88,0,S,1
TXN003025,2023-01-01,2023,1,1,Sunday,Clothing,East,Mobile App,SP_034,8,80.46,0.1,579.31,326.14,0,M,1
TXN003574,2023-01-01,2023,1,1,Sunday,Books,East,Online,SP_032,7,26.13,0.0,182.91,104.92,0,XS,0
TXN002339,2023-01-01,2023,1,1,Sunday,Sports,Central,Retail Store,SP_002,11,90.31,0.1,894.07,406.77,0,M,1
TXN001005,2023-01-02,2023,1,1,Monday,Sports,East,Online,SP_016,9,90.35,0.0,813.15,283.76,0,M,0
TXN002154,2023-01-03,2023,1,1,Tuesday,Sports,West,Retail Store,SP_009,7,90.84,0.0,635.88,237.82,1,M,0
TXN001165,2023-01-03,2023,1,1,Tuesday,Clothing,North,Wholesale,SP_015,6,65.38,0.0,392.28,248.19,0,S,0
TXN003003,2023-01-03,2023,1,1,Tuesday,Sports,East,Online,SP_036,25,96.84,0.0,2421.0,906.14,0,L,0
TXN004248,2023-01-03,2023,1,1,Tuesday,Electronics,South,Mobile App,SP_012,6,503.78,0.0,3022.68,887.9,0,L,0
TXN002859,2023-01-03,2023,1,1,Tuesday,Clothing,North,Mobile App,SP_001,5,83.2,0.1,374.4,206.19,1,S,1
TXN000467,2023-01-03,2023,1,1,Tuesday,Books,South,Retail Store,SP_007,6,21.86,0.0,131.16,83.04,0,XS,0
TXN003819,2023-01-04,2023,1,1,Wednesday,Sports,North,Retail Store,SP_007,6,100.27,0.0,601.62,216.76,0,M,0
TXN001888,2023-01-04,2023,1,1,Wednesday,Home Goods,West,Retail Store,SP_014,12,112.26,0.2,1077.7,363.9,0,L,1
TXN001965,2023-01-04,2023,1,1,Wednesday,Books,North,Online,SP_040,6,27.91,0.0,167.46,127.61,0,XS,0
TXN001101,2023-01-05,2023,1,1,Thursday,Home Goods,East,Retail Store,SP_012,9,136.88,0.1,1108.73,501.98,0,L,1
TXN004490,2023-01-05,2023,1,1,Thursday,Books,Central,Online,SP_038,11,27.31,0.05,285.39,204.77,0,S,1
TXN003705,2023-01-06,2023,1,1,Friday,Clothing,Central,Mobile App,SP_001,2,72.94,0.0,145.88,96.21,0,XS,0
TXN004734,2023-01-06,2023,1,1,Friday,Sports,West,Online,SP_014,10,89.14,0.0,891.4,376.39,1,M,0
TXN003117,2023-01-06,2023,1,1,Friday,Books,Central,Wholesale,SP_008,9,26.11,0.0,234.99,142.28,1,S,0
TXN003085,2023-01-06,2023,1,1,Friday,Books,South,Retail Store,SP_014,4,26.68,0.05,101.38,65.93,0,XS,1
TXN001600,2023-01-07,2023,1,1,Saturday,Sports,Central,Online,SP_022,13,90.95,0.0,1182.35,471.95,0,L,0
TXN002669,2023-01-07,2023,1,1,Saturday,Home Goods,East,Mobile App,SP_004,7,123.81,0.1,780.0,327.91,0,M,1
TXN001889,2023-01-07,2023,1,1,Saturday,Sports,East,Online,SP_030,16,94.0,0.0,1504.0,606.6,0,L,0
TXN004869,2023-01-08,2023,1,1,Sunday,Clothing,East,Retail Store,SP_006,9,65.22,0.0,586.98,263.01,1,M,0
TXN004911,2023-01-08,2023,1,1,Sunday,Books,West,Retail Store,SP_003,11,22.55,0.15,210.84,160.54,0,S,1
TXN000762,2023-01-08,2023,1,1,Sunday,Electronics,North,Wholesale,SP_025,10,428.29,0.0,4282.9,1114.16,0,L,0
TXN001098,2023-01-08,2023,1,1,Sunday,Sports,South,Retail Store,SP_019,8,96.06,0.1,691.63,256.95,1,M,1
TXN004159,2023-01-08,2023,1,1,Sunday,Books,West,Mobile App,SP_008,10,21.57,0.2,172.56,97.89,0,XS,1
TXN004237,2023-01-08,2023,1,1,Sunday,Books,East,Mobile App,SP_027,9,23.97,0.1,194.16,108.72,1,XS,1
TXN002727,2023-01-08,2023,1,1,Sunday,Sports,East,Retail Store,SP_022,12,82.55,0.15,842.01,347.02,1,M,1
TXN002782,2023-01-08,2023,1,1,Sunday,Books,Central,Retail Store,SP_001,10,27.31,0.1,245.79,131.03,0,S,1
TXN002934,2023-01-09,2023,1,1,Monday,Home Goods,South,Retail Store,SP_008,12,110.38,0.0,1324.56,466.16,0,L,0
TXN001110,2023-01-09,2023,1,1,Monday,Clothing,South,Mobile App,SP_015,6,66.26,0.0,397.56,191.29,0,S,0
TXN004675,2023-01-09,2023,1,1,Monday,Clothing,South,Online,SP_037,7,70.97,0.0,496.79,299.09,0,S,0
TXN004528,2023-01-09,2023,1,1,Monday,Books,East,Mobile App,SP_026,11,27.85,0.0,306.35,208.21,1,S,0
TXN003590,2023-01-09,2023,1,1,Monday,Sports,East,Retail Store,SP_025,16,94.35,0.1,1358.64,466.58,1,L,1
TXN002633,2023-01-10,2023,1,1,Tuesday,Clothing,West,Online,SP_023,7,75.73,0.0,530.11,267.58,0,M,0
TXN000731,2023-01-10,2023,1,1,Tuesday,Books,West,Wholesale,SP_004,11,28.7,0.1,284.13,155.59,0,S,1
TXN000986,2023-01-10,2023,1,1,Tuesday,Home Goods,Central,Online,SP_006,10,107.2,0.0,1072.0,402.15,1,L,0
TXN001125,2023-01-10,2023,1,1,Tuesday,Sports,North,Retail Store,SP_028,13,83.14,0.1,972.74,319.48,1,M,1
TXN000628,2023-01-10,2023,1,1,Tuesday,Sports,West,Mobile App,SP_003,9,94.12,0.0,847.08,304.86,0,M,0
TXN002108,2023-01-10,2023,1,1,Tuesday,Sports,North,Retail Store,SP_037,15,103.86,0.15,1324.22,489.97,0,L,1
TXN002702,2023-01-10,2023,1,1,Tuesday,Home Goods,Central,Wholesale,SP_008,6,133.11,0.05,758.73,322.11,0,M,1
TXN002425,2023-01-11,2023,1,1,Wednesday,Clothing,Central,Retail Store,SP_036,3,64.29,0.1,173.58,78.05,0,XS,1
TXN004155,2023-01-11,2023,1,1,Wednesday,Home Goods,East,Wholesale,SP_014,7,113.63,0.05,755.64,355.32,0,M,1
TXN003536,2023-01-11,2023,1,1,Wednesday,Home Goods,Central,Wholesale,SP_027,7,123.12,0.05,818.75,394.35,0,M,1
TXN003927,2023-01-11,2023,1,1,Wednesday,Clothing,South,Online,SP_036,7,83.78,0.1,527.81,327.17,0,M,1
TXN003167,2023-01-11,2023,1,1,Wednesday,Electronics,North,Mobile App,SP_007,5,467.06,0.1,2101.77,702.8,0,L,1
TXN003906,2023-01-11,2023,1,1,Wednesday,Home Goods,West,Mobile App,SP_030,8,116.96,0.0,935.68,353.68,0,M,0
TXN000964,2023-01-11,2023,1,1,Wednesday,Books,West,Mobile App,SP_017,8,25.61,0.05,194.64,126.82,0,XS,1
TXN001496,2023-01-11,2023,1,1,Wednesday,Clothing,West,Online,SP_032,7,72.65,0.1,457.7,287.35,0,S,1
TXN004293,2023-01-12,2023,1,1,Thursday,Sports,North,Wholesale,SP_026,11,96.61,0.1,956.44,322.04,0,M,1
TXN004573,2023-01-12,2023,1,1,Thursday,Electronics,South,Online,SP_024,13,494.84,0.0,6432.92,2006.35,0,XL,0
TXN004792,2023-01-12,2023,1,1,Thursday,Sports,East,Retail Store,SP_005,13,107.01,0.05,1321.57,521.69,0,L,1
TXN001870,2023-01-12,2023,1,1,Thursday,Home Goods,South,Wholesale,SP_017,11,117.72,0.05,1230.17,507.71,0,L,1
TXN000272,2023-01-13,2023,1,1,Friday,Books,East,Online,SP_025,5,23.01,0.05,109.3,63.08,0,XS,1
TXN004895,2023-01-13,2023,1,1,Friday,Clothing,South,Retail Store,SP_018,8,76.19,0.1,548.57,340.03,0,M,1
TXN001166,2023-01-14,2023,1,1,Saturday,Electronics,East,Mobile App,SP_039,8,488.13,0.0,3905.04,1009.99,1,L,0
TXN001032,2023-01-14,2023,1,1,Saturday,Electronics,Central,Retail Store,SP_029,7,392.4,0.0,2746.8,675.53,0,L,0
TXN001533,2023-01-15,2023,1,1,Sunday,Sports,West,Retail Store,SP_026,11,98.88,0.0,1087.68,487.09,0,L,0
TXN001025,2023-01-15,2023,1,1,Sunday,Electronics,West,Retail Store,SP_016,5,464.58,0.0,2322.9,547.02,0,L,0
TXN004974,2023-01-15,2023,1,1,Sunday,Electronics,North,Mobile App,SP_018,10,394.73,0.0,3947.3,1313.23,1,L,0
TXN001333,2023-01-15,2023,1,1,Sunday,Books,South,Mobile App,SP_001,7,27.66,0.0,193.62,130.28,1,XS,0
TXN004313,2023-01-15,2023,1,1,Sunday,Home Goods,Central,Retail Store,SP_040,3,127.79,0.0,383.37,150.66,0,S,0
TXN002259,2023-01-16,2023,1,1,Monday,Clothing,West,Retail Store,SP_023,6,66.38,0.0,398.28,255.83,1,S,0
TXN004971,2023-01-16,2023,1,1,Monday,Books,Central,Wholesale,SP_007,4,26.76,0.1,96.34,72.56,0,XS,1
TXN004935,2023-01-16,2023,1,1,Monday,Books,West,Mobile App,SP_011,10,23.29,0.15,197.96,131.52,0,XS,1
TXN000725,2023-01-16,2023,1,1,Monday,Books,South,Wholesale,SP_005,6,27.16,0.1,146.66,96.91,0,XS,1
TXN002806,2023-01-17,2023,1,1,Tuesday,Books,South,Retail Store,SP_016,5,22.05,0.0,110.25,75.91,1,XS,0
TXN003201,2023-01-17,2023,1,1,Tuesday,Clothing,North,Wholesale,SP_004,4,75.49,0.1,271.76,154.01,0,S,1
TXN003933,2023-01-18,2023,1,1,Wednesday,Electronics,Central,Wholesale,SP_007,5,396.01,0.0,1980.05,452.82,0,L,0
TXN001783,2023-01-18,2023,1,1,Wednesday,Electronics,South,Mobile App,SP_035,4,417.15,0.1,1501.74,339.92,0,L,1
TXN000009,2023-01-18,2023,1,1,Wednesday,Clothing,East,Wholesale,SP_014,8,64.46,0.1,464.11,269.19,0,S,1
TXN004831,2023-01-19,2023,1,1,Thursday,Electronics,West,Online,SP_039,4,397.39,0.05,1510.08,447.53,1,L,1
TXN001902,2023-01-19,2023,1,1,Thursday,Books,North,Mobile App,SP_032,10,26.97,0.1,242.73,172.27,0,S,1
TXN003458,2023-01-19,2023,1,1,Thursday,Clothing,North,Wholesale,SP_030,8,70.1,0.05,532.76,344.29,0,M,1
TXN004651,2023-01-20,2023,1,1,Friday,Books,West,Wholesale,SP_030,13,24.65,0.1,288.4,212.23,0,S,1
TXN004803,2023-01-20,2023,1,1,Friday,Books,North,Online,SP_019,8,22.37,0.0,178.96,120.15,0,XS,0
TXN002745,2023-01-20,2023,1,1,Friday,Electronics,South,Online,SP_004,8,508.14,0.0,4065.12,1042.66,0,L,0
TXN003413,2023-01-20,2023,1,1,Friday,Clothing,Central,Online,SP_026,6,79.16,0.0,474.96,219.16,0,S,0
TXN000271,2023-01-20,2023,1,1,Friday,Sports,East,Online,SP_026,6,106.14,0.0,636.84,216.98,0,M,0
TXN003160,2023-01-20,2023,1,1,Friday,Sports,South,Wholesale,SP_032,23,108.61,0.1,2248.23,952.47,0,L,1
TXN004580,2023-01-21,2023,1,1,Saturday,Electronics,South,Retail Store,SP_030,6,471.89,0.15,2406.64,666.12,0,L,1
TXN002907,2023-01-21,2023,1,1,Saturday,Electronics,South,Retail Store,SP_036,5,461.0,0.05,2189.75,561.95,0,L,1
TXN000243,2023-01-21,2023,1,1,Saturday,Home Goods,West,Online,SP_039,8,129.56,0.0,1036.48,348.26,0,L,0
TXN004166,2023-01-22,2023,1,1,Sunday,Home Goods,East,Online,SP_038,3,113.26,0.1,305.8,103.51,0,S,1
TXN002248,2023-01-22,2023,1,1,Sunday,Home Goods,Central,Online,SP_003,2,135.12,0.0,270.24,95.84,0,S,0
TXN000397,2023-01-22,2023,1,1,Sunday,Books,North,Mobile App,SP_035,9,28.72,0.0,258.48,163.66,0,S,0
TXN002794,2023-01-22,2023,1,1,Sunday,Sports,Central,Wholesale,SP_027,10,104.47,0.1,940.23,419.3,0,M,1
TXN000724,2023-01-22,2023,1,1,Sunday,Sports,North,Mobile App,SP_012,18,85.22,0.15,1303.87,480.89,0,L,1
TXN000305,2023-01-23,2023,1,1,Monday,Books,South,Retail Store,SP_009,1,27.19,0.05,25.83,17.64,0,XS,1
TXN002829,2023-01-23,2023,1,1,Monday,Home Goods,Central,Online,SP_003,3,117.12,0.0,351.36,154.88,1,S,0
TXN003744,2023-01-23,2023,1,1,Monday,Sports,South,Mobile App,SP_006,13,85.73,0.0,1114.49,420.68,0,L,0
TXN003757,2023-01-23,2023,1,1,Monday,Electronics,North,Wholesale,SP_027,15,486.42,0.05,6931.48,1959.21,0,XL,1
TXN001325,2023-01-23,2023,1,1,Monday,Electronics,North,Online,SP_006,4,401.54,0.0,1606.16,507.48,0,L,0
TXN004653,2023-01-24,2023,1,1,Tuesday,Electronics,East,Wholesale,SP_016,3,451.82,0.1,1219.91,316.58,0,L,1
TXN004526,2023-01-24,2023,1,1,Tuesday,Home Goods,West,Online,SP_010,6,118.04,0.0,708.24,246.0,0,M,0
TXN001616,2023-01-24,2023,1,1,Tuesday,Home Goods,South,Wholesale,SP_028,7,117.96,0.15,701.86,279.34,0,M,1
TXN004492,2023-01-24,2023,1,1,Tuesday,Home Goods,East,Wholesale,SP_039,14,108.62,0.15,1292.58,447.15,1,L,1
TXN003990,2023-01-24,2023,1,1,Tuesday,Electronics,Central,Wholesale,SP_029,6,405.44,0.05,2311.01,747.87,0,L,1
TXN001045,2023-01-24,2023,1,1,Tuesday,Clothing,Central,Online,SP_001,11,84.92,0.1,840.71,492.62,0,M,1
TXN003570,2023-01-25,2023,1,1,Wednesday,Home Goods,South,Retail Store,SP_015,8,123.85,0.0,990.8,372.37,1,M,0
TXN002089,2023-01-26,2023,1,1,Thursday,Clothing,East,Mobile App,SP_036,5,70.74,0.0,353.7,189.93,0,S,0
TXN001399,2023-01-26,2023,1,1,Thursday,Home Goods,North,Wholesale,SP_009,7,121.19,0.05,805.91,349.06,0,M,1
TXN001524,2023-01-26,2023,1,1,Thursday,Books,North,Online,SP_017,5,28.3,0.15,120.27,79.69,1,XS,1
TXN001131,2023-01-27,2023,1,1,Friday,Books,East,Online,SP_034,5,28.68,0.0,143.4,85.02,0,XS,0
TXN001804,2023-01-27,2023,1,1,Friday,Home Goods,East,Wholesale,SP_029,10,137.62,0.1,1238.58,514.48,1,L,1
TXN001865,2023-01-27,2023,1,1,Friday,Sports,East,Online,SP_031,16,103.42,0.0,1654.72,512.3,0,L,0
TXN002642,2023-01-27,2023,1,1,Friday,Home Goods,West,Mobile App,SP_009,6,135.91,0.15,693.14,286.61,0,M,1
TXN000184,2023-01-28,2023,1,1,Saturday,Home Goods,East,Online,SP_004,10,128.16,0.0,1281.6,496.23,0,L,0
TXN001349,2023-01-29,2023,1,1,Sunday,Clothing,Central,Mobile App,SP_030,16,78.27,0.0,1252.32,563.36,0,L,0
TXN003054,2023-01-29,2023,1,1,Sunday,Home Goods,South,Mobile App,SP_028,2,127.16,0.05,241.6,100.91,0,S,1
TXN003630,2023-01-30,2023,1,1,Monday,Clothing,East,Mobile App,SP_018,1,70.48,0.15,59.91,27.81,0,XS,1
TXN002334,2023-01-30,2023,1,1,Monday,Electronics,North,Wholesale,SP_001,6,516.43,0.15,2633.79,616.06,0,L,1
TXN000244,2023-01-30,2023,1,1,Monday,Home Goods,West,Online,SP_037,4,102.05,0.0,408.2,187.17,0,S,0
TXN003178,2023-01-30,2023,1,1,Monday,Home Goods,South,Wholesale,SP_006,6,121.42,0.1,655.67,279.96,0,M,1
TXN003044,2023-01-30,2023,1,1,Monday,Sports,East,Wholesale,SP_034,9,101.43,0.0,912.87,316.9,0,M,0
TXN003449,2023-01-30,2023,1,1,Monday,Clothing,North,Mobile App,SP_040,7,71.11,0.05,472.88,273.84,0,S,1
TXN002878,2023-01-30,2023,1,1,Monday,Books,West,Online,SP_012,3,23.68,0.0,71.04,42.68,1,XS,0
TXN000154,2023-01-31,2023,1,1,Tuesday,Electronics,South,Mobile App,SP_002,11,399.79,0.05,4177.81,1094.11,0,L,1
TXN003258,2023-01-31,2023,1,1,Tuesday,Home Goods,South,Online,SP_018,7,111.61,0.0,781.27,336.09,0,M,0
TXN004325,2023-01-31,2023,1,1,Tuesday,Home Goods,North,Retail Store,SP_021,7,130.49,0.0,913.43,357.87,0,M,0
TXN004966,2023-01-31,2023,1,1,Tuesday,Home Goods,West,Retail Store,SP_022,6,128.5,0.0,771.0,378.64,0,M,0
TXN003707,2023-01-31,2023,1,1,Tuesday,Sports,North,Online,SP_026,11,83.37,0.0,917.07,350.79,0,M,0
TXN002849,2023-02-01,2023,2,1,Wednesday,Electronics,West,Retail Store,SP_031,4,464.27,0.15,1578.52,485.39,0,L,1
TXN000816,2023-02-01,2023,2,1,Wednesday,Sports,East,Retail Store,SP_034,2,99.38,0.0,198.76,83.8,1,XS,0
TXN002567,2023-02-01,2023,2,1,Wednesday,Home Goods,West,Retail Store,SP_016,13,122.63,0.0,1594.19,753.89,0,L,0
TXN004775,2023-02-01,2023,2,1,Wednesday,Electronics,West,Mobile App,SP_037,7,403.22,0.1,2540.29,729.08,0,L,1
TXN004285,2023-02-01,2023,2,1,Wednesday,Home Goods,North,Online,SP_028,5,104.35,0.1,469.57,221.4,0,S,1
TXN002953,2023-02-02,2023,2,1,Thursday,Books,South,Mobile App,SP_035,8,23.54,0.05,178.9,101.05,0,XS,1
TXN003940,2023-02-02,2023,2,1,Thursday,Home Goods,West,Retail Store,SP_030,4,107.01,0.0,428.04,207.28,0,S,0
TXN002538,2023-02-02,2023,2,1,Thursday,Books,East,Retail Store,SP_016,6,21.97,0.05,125.23,67.55,0,XS,1
TXN000678,2023-02-02,2023,2,1,Thursday,Home Goods,West,Wholesale,SP_029,7,109.54,0.0,766.78,316.29,1,M,0
TXN001200,2023-02-02,2023,2,1,Thursday,Clothing,Central,Mobile App,SP_005,10,81.25,0.0,812.5,401.33,0,M,0
TXN000448,2023-02-02,2023,2,1,Thursday,Sports,North,Online,SP_033,2,106.21,0.0,212.42,78.55,0,S,0
TXN003868,2023-02-03,2023,2,1,Friday,Clothing,East,Wholesale,SP_005,11,72.43,0.0,796.73,485.56,0,M,0
TXN001121,2023-02-03,2023,2,1,Friday,Home Goods,Central,Wholesale,SP_008,6,136.59,0.0,819.54,300.52,0,M,0
TXN004570,2023-02-03,2023,2,1,Friday,Sports,Central,Mobile App,SP_029,6,106.46,0.1,574.88,178.03,0,M,1
TXN003571,2023-02-03,2023,2,1,Friday,Electronics,Central,Wholesale,SP_017,5,419.35,0.05,1991.91,572.25,0,L,1
TXN001153,2023-02-04,2023,2,1,Saturday,Books,South,Retail Store,SP_035,5,28.35,0.2,113.4,87.1,0,XS,1
TXN002073,2023-02-04,2023,2,1,Saturday,Clothing,East,Mobile App,SP_005,8,66.2,0.0,529.6,241.29,0,M,0
TXN003073,2023-02-04,2023,2,1,Saturday,Electronics,North,Retail Store,SP_036,5,447.28,0.05,2124.58,681.8,1,L,1
TXN002132,2023-02-04,2023,2,1,Saturday,Books,West,Mobile App,SP_015,6,21.37,0.05,121.81,89.44,0,XS,1
TXN002124,2023-02-04,2023,2,1,Saturday,Home Goods,Central,Retail Store,SP_021,6,127.0,0.1,685.8,292.23,0,M,1
TXN001275,2023-02-04,2023,2,1,Saturday,Sports,West,Wholesale,SP_038,7,96.01,0.0,672.07,291.94,0,M,0
TXN001455,2023-02-05,2023,2,1,Sunday,Electronics,West,Mobile App,SP_017,5,441.74,0.15,1877.39,616.94,0,L,1
TXN004827,2023-02-05,2023,2,1,Sunday,Electronics,East,Wholesale,SP_008,4,442.41,0.05,1681.16,500.48,0,L,1
TXN003603,2023-02-05,2023,2,1,Sunday,Books,North,Online,SP_007,15,25.53,0.1,344.66,182.64,0,S,1
TXN002601,2023-02-05,2023,2,1,Sunday,Sports,North,Retail Store,SP_004,7,91.37,0.1,575.63,253.63,0,M,1
TXN004213,2023-02-05,2023,2,1,Sunday,Books,Central,Online,SP_013,2,27.29,0.0,54.58,36.69,0,XS,0
TXN003599,2023-02-05,2023,2,1,Sunday,Sports,East,Retail Store,SP_010,2,99.61,0.0,199.22,68.76,1,XS,0
TXN003055,2023-02-05,2023,2,1,Sunday,Electronics,East,Online,SP_030,8,505.59,0.2,3235.78,884.95,1,L,1
TXN000756,2023-02-05,2023,2,1,Sunday,Clothing,North,Online,SP_004,5,66.28,0.0,331.4,152.73,0,S,0
TXN000521,2023-02-06,2023,2,1,Monday,Books,Central,Wholesale,SP_020,2,26.83,0.1,48.29,34.19,0,XS,1
TXN004041,2023-02-06,2023,2,1,Monday,Books,East,Wholesale,SP_016,9,21.59,0.15,165.16,101.59,0,XS,1
TXN001485,2023-02-06,2023,2,1,Monday,Books,Central,Wholesale,SP_022,6,27.04,0.0,162.24,125.34,0,XS,0
TXN001770,2023-02-06,2023,2,1,Monday,Electronics,West,Retail Store,SP_023,9,398.73,0.0,3588.57,853.97,0,L,0
TXN000175,2023-02-06,2023,2,1,Monday,Clothing,West,Online,SP_006,8,85.45,0.1,615.24,298.29,1,M,1
TXN001132,2023-02-06,2023,2,1,Monday,Home Goods,East,Mobile App,SP_002,9,111.02,0.1,899.26,352.59,1,M,1
TXN003261,2023-02-06,2023,2,1,Monday,Home Goods,East,Online,SP_008,5,120.3,0.05,571.42,238.91,0,M,1
TXN001220,2023-02-07,2023,2,1,Tuesday,Clothing,Central,Retail Store,SP_020,7,85.27,0.15,507.36,271.65,1,M,1
TXN004060,2023-02-07,2023,2,1,Tuesday,Electronics,Central,Online,SP_018,4,430.23,0.1,1548.83,518.07,0,L,1
TXN001647,2023-02-07,2023,2,1,Tuesday,Sports,East,Online,SP_011,7,98.62,0.0,690.34,211.76,0,M,0
TXN000599,2023-02-07,2023,2,1,Tuesday,Books,Central,Mobile App,SP_032,6,26.99,0.0,161.94,102.43,0,XS,0
TXN001751,2023-02-07,2023,2,1,Tuesday,Sports,North,Retail Store,SP_020,8,105.55,0.1,759.96,284.85,0,M,1
TXN002177,2023-02-07,2023,2,1,Tuesday,Clothing,West,Mobile App,SP_018,5,82.12,0.15,349.01,218.94,0,S,1
TXN002021,2023-02-07,2023,2,1,Tuesday,Home Goods,South,Mobile App,SP_010,2,130.92,0.05,248.75,101.95,0,S,1
TXN002755,2023-02-07,2023,2,1,Tuesday,Clothing,North,Online,SP_026,6,69.53,0.05,396.32,196.74,0,S,1
TXN000486,2023-02-08,2023,2,1,Wednesday,Clothing,North,Online,SP_022,9,86.06,0.05,735.81,350.24,0,M,1
TXN004431,2023-02-08,2023,2,1,Wednesday,Books,Central,Online,SP_036,5,23.29,0.15,98.98,66.26,0,XS,1
TXN003324,2023-02-08,2023,2,1,Wednesday,Electronics,Central,Mobile App,SP_023,10,417.74,0.15,3550.79,1049.34,0,L,1
TXN004859,2023-02-08,2023,2,1,Wednesday,Books,East,Online,SP_009,4,26.48,0.2,84.74,51.54,0,XS,1
TXN002638,2023-02-08,2023,2,1,Wednesday,Home Goods,Central,Mobile App,SP_028,8,118.2,0.05,898.32,351.07,1,M,1
TXN002084,2023-02-10,2023,2,1,Friday,Sports,North,Wholesale,SP_017,4,90.33,0.0,361.32,146.91,0,S,0
TXN001704,2023-02-11,2023,2,1,Saturday,Home Goods,West,Online,SP_015,6,112.43,0.2,539.66,220.58,0,M,1
TXN003246,2023-02-11,2023,2,1,Saturday,Books,South,Online,SP_029,6,24.85,0.0,149.1,101.19,0,XS,0
TXN003582,2023-02-12,2023,2,1,Sunday,Sports,West,Online,SP_039,4,104.64,0.1,376.7,164.55,0,S,1
TXN001179,2023-02-12,2023,2,1,Sunday,Home Goods,North,Retail Store,SP_004,5,105.59,0.15,448.76,182.37,0,S,1
TXN004685,2023-02-12,2023,2,1,Sunday,Clothing,North,Mobile App,SP_002,8,81.11,0.1,583.99,351.02,0,M,1
TXN003826,2023-02-12,2023,2,1,Sunday,Electronics,East,Online,SP_038,11,421.43,0.0,4635.73,1550.79,0,L,0
TXN001248,2023-02-12,2023,2,1,Sunday,Clothing,South,Wholesale,SP_016,9,65.45,0.0,589.05,268.07,1,M,0
TXN003225,2023-02-12,2023,2,1,Sunday,Clothing,South,Mobile App,SP_005,4,75.77,0.15,257.62,169.87,0,S,1
TXN002699,2023-02-12,2023,2,1,Sunday,Electronics,Central,Retail Store,SP_009,8,392.22,0.0,3137.76,1044.53,1,L,0
TXN001003,2023-02-13,2023,2,1,Monday,Books,East,Wholesale,SP_021,4,25.97,0.0,103.88,71.02,0,XS,0
TXN004192,2023-02-13,2023,2,1,Monday,Electronics,North,Mobile App,SP_035,4,472.09,0.05,1793.94,563.44,0,L,1
TXN001700,2023-02-13,2023,2,1,Monday,Sports,South,Wholesale,SP_006,9,84.94,0.0,764.46,295.58,0,M,0
TXN002695,2023-02-13,2023,2,1,Monday,Books,Central,Mobile App,SP_011,6,24.17,0.0,145.02,79.92,0,XS,0
TXN004367,2023-02-13,2023,2,1,Monday,Clothing,South,Wholesale,SP_010,5,77.02,0.05,365.84,167.87,0,S,1
TXN002939,2023-02-13,2023,2,1,Monday,Books,East,Online,SP_040,5,28.45,0.1,128.03,69.61,0,XS,1
TXN004252,2023-02-13,2023,2,1,Monday,Books,East,Retail Store,SP_001,7,22.36,0.0,156.52,118.04,0,XS,0
TXN003480,2023-02-15,2023,2,1,Wednesday,Electronics,East,Wholesale,SP_011,6,486.45,0.05,2772.76,621.67,0,L,1
TXN000630,2023-02-15,2023,2,1,Wednesday,Home Goods,Central,Online,SP_034,4,114.23,0.0,456.92,207.87,0,S,0
TXN004356,2023-02-15,2023,2,1,Wednesday,Sports,Central,Mobile App,SP_007,4,106.8,0.05,405.84,179.43,1,S,1
TXN001807,2023-02-15,2023,2,1,Wednesday,Books,North,Online,SP_026,3,28.41,0.0,85.23,53.01,0,XS,0
TXN000840,2023-02-16,2023,2,1,Thursday,Home Goods,West,Online,SP_006,5,115.43,0.0,577.15,208.35,1,M,0
TXN003671,2023-02-16,2023,2,1,Thursday,Electronics,Central,Wholesale,SP_011,9,466.04,0.0,4194.36,1211.8,1,L,0
TXN002033,2023-02-16,2023,2,1,Thursday,Sports,South,Online,SP_038,3,106.31,0.1,287.04,97.8,0,S,1
TXN004710,2023-02-16,2023,2,1,Thursday,Home Goods,East,Retail Store,SP_026,11,105.79,0.05,1105.51,487.53,0,L,1
TXN001526,2023-02-17,2023,2,1,Friday,Home Goods,South,Retail Store,SP_038,5,121.87,0.05,578.88,199.05,1,M,1
TXN003641,2023-02-17,2023,2,1,Friday,Electronics,West,Retail Store,SP_001,5,392.53,0.15,1668.25,475.33,0,L,1
TXN002663,2023-02-17,2023,2,1,Friday,Clothing,North,Mobile App,SP_023,7,68.12,0.1,429.16,254.76,0,S,1
TXN002365,2023-02-17,2023,2,1,Friday,Sports,North,Mobile App,SP_030,7,107.72,0.0,754.04,265.63,0,M,0
TXN003851,2023-02-18,2023,2,1,Saturday,Home Goods,North,Retail Store,SP_036,8,129.3,0.0,1034.4,380.84,0,L,0
TXN001156,2023-02-18,2023,2,1,Saturday,Home Goods,South,Wholesale,SP_003,3,122.69,0.0,368.07,143.96,0,S,0
TXN004242,2023-02-18,2023,2,1,Saturday,Books,East,Mobile App,SP_001,11,24.67,0.1,244.23,152.68,0,S,1
TXN003748,2023-02-18,2023,2,1,Saturday,Sports,Central,Retail Store,SP_009,7,96.1,0.2,538.16,192.54,0,M,1
TXN000190,2023-02-18,2023,2,1,Saturday,Books,South,Wholesale,SP_005,5,25.12,0.0,125.6,65.49,0,XS,0
TXN003107,2023-02-19,2023,2,1,Sunday,Books,North,Mobile App,SP_005,10,28.33,0.1,254.97,193.21,0,S,1
TXN001886,2023-02-19,2023,2,1,Sunday,Books,North,Online,SP_012,9,25.33,0.05,216.57,137.13,0,S,1
TXN002555,2023-02-19,2023,2,1,Sunday,Electronics,North,Retail Store,SP_037,6,437.03,0.05,2491.07,693.89,1,L,1
TXN004091,2023-02-19,2023,2,1,Sunday,Books,North,Online,SP_004,8,27.76,0.15,188.77,119.2,0,XS,1
TXN000333,2023-02-19,2023,2,1,Sunday,Sports,Central,Wholesale,SP_020,7,91.95,0.0,643.65,198.47,0,M,0
TXN003669,2023-02-19,2023,2,1,Sunday,Home Goods,West,Retail Store,SP_039,5,110.59,0.0,552.95,240.31,0,M,0
TXN004762,2023-02-20,2023,2,1,Monday,Clothing,East,Online,SP_028,5,68.97,0.05,327.61,202.53,1,S,1
TXN000325,2023-02-20,2023,2,1,Monday,Books,East,Mobile App,SP_027,8,23.91,0.0,191.28,120.01,0,XS,0
TXN004108,2023-02-20,2023,2,1,Monday,Home Goods,West,Retail Store,SP_005,8,113.18,0.0,905.44,446.61,0,M,0
TXN000133,2023-02-20,2023,2,1,Monday,Sports,South,Mobile App,SP_003,8,100.48,0.0,803.84,365.48,0,M,0
TXN000531,2023-02-21,2023,2,1,Tuesday,Books,East,Mobile App,SP_004,8,26.04,0.15,177.07,108.19,1,XS,1
TXN001306,2023-02-21,2023,2,1,Tuesday,Books,West,Retail Store,SP_015,7,24.22,0.0,169.54,93.06,0,XS,0
TXN004095,2023-02-21,2023,2,1,Tuesday,Clothing,North,Retail Store,SP_018,2,85.72,0.05,162.87,79.07,0,XS,1
TXN000145,2023-02-21,2023,2,1,Tuesday,Books,East,Wholesale,SP_019,8,24.36,0.0,194.88,143.27,0,XS,0
TXN003829,2023-02-21,2023,2,1,Tuesday,Books,South,Online,SP_006,4,28.65,0.15,97.41,68.56,1,XS,1
TXN003284,2023-02-22,2023,2,1,Wednesday,Books,South,Retail Store,SP_016,11,23.14,0.1,229.09,130.15,0,S,1
TXN002867,2023-02-22,2023,2,1,Wednesday,Home Goods,East,Retail Store,SP_002,8,126.46,0.2,809.34,402.37,0,M,1
TXN001144,2023-02-22,2023,2,1,Wednesday,Home Goods,North,Online,SP_007,3,110.22,0.05,314.13,127.87,0,S,1
TXN002217,2023-02-23,2023,2,1,Thursday,Sports,East,Wholesale,SP_002,4,82.99,0.0,331.96,113.59,1,S,0
TXN003724,2023-02-23,2023,2,1,Thursday,Books,South,Mobile App,SP_001,7,27.47,0.0,192.29,122.26,0,XS,0
TXN000141,2023-02-23,2023,2,1,Thursday,Books,South,Mobile App,SP_038,9,21.76,0.0,195.84,103.15,0,XS,0
TXN003682,2023-02-23,2023,2,1,Thursday,Electronics,West,Online,SP_003,8,507.58,0.0,4060.64,1293.33,0,L,0
TXN001934,2023-02-23,2023,2,1,Thursday,Electronics,Central,Online,SP_038,1,517.07,0.1,465.36,142.14,0,S,1
TXN003275,2023-02-24,2023,2,1,Friday,Electronics,South,Online,SP_040,10,408.77,0.05,3883.31,1124.64,0,L,1
TXN000302,2023-02-25,2023,2,1,Saturday,Clothing,West,Wholesale,SP_022,8,66.93,0.0,535.44,302.84,0,M,0
TXN002140,2023-02-25,2023,2,1,Saturday,Books,North,Mobile App,SP_038,7,28.65,0.05,190.52,113.2,0,XS,1
TXN003999,2023-02-25,2023,2,1,Saturday,Electronics,Central,Wholesale,SP_006,5,438.77,0.1,1974.46,537.36,0,L,1
TXN004006,2023-02-25,2023,2,1,Saturday,Books,South,Wholesale,SP_022,5,21.68,0.0,108.4,83.21,0,XS,0
TXN003591,2023-02-25,2023,2,1,Saturday,Clothing,West,Retail Store,SP_025,8,67.13,0.0,537.04,329.39,0,M,0
TXN002419,2023-02-26,2023,2,1,Sunday,Books,South,Retail Store,SP_022,7,26.38,0.05,175.43,127.73,0,XS,1
TXN002078,2023-02-26,2023,2,1,Sunday,Clothing,Central,Wholesale,SP_006,11,66.29,0.05,692.73,326.67,0,M,1
TXN001386,2023-02-26,2023,2,1,Sunday,Electronics,North,Retail Store,SP_039,7,483.32,0.0,3383.24,950.99,0,L,0
TXN000789,2023-02-26,2023,2,1,Sunday,Books,Central,Retail Store,SP_025,5,28.32,0.05,134.52,95.19,1,XS,1
TXN000266,2023-02-26,2023,2,1,Sunday,Books,West,Retail Store,SP_011,2,28.2,0.1,50.76,27.79,0,XS,1
TXN003435,2023-02-27,2023,2,1,Monday,Electronics,Central,Wholesale,SP_002,5,391.53,0.0,1957.65,553.48,0,L,0
TXN004079,2023-02-28,2023,2,1,Tuesday,Clothing,East,Retail Store,SP_039,5,67.94,0.2,271.76,171.76,1,S,1
TXN000561,2023-02-28,2023,2,1,Tuesday,Clothing,Central,Online,SP_001,7,67.61,0.05,449.61,277.73,1,S,1
TXN002064,2023-03-01,2023,3,1,Wednesday,Sports,North,Retail Store,SP_021,8,86.47,0.0,691.76,242.12,0,M,0
TXN003788,2023-03-01,2023,3,1,Wednesday,Sports,East,Retail Store,SP_013,5,100.24,0.0,501.2,198.08,1,M,0
TXN001756,2023-03-01,2023,3,1,Wednesday,Clothing,Central,Retail Store,SP_028,11,65.54,0.0,720.94,339.59,0,M,0
TXN004776,2023-03-02,2023,3,1,Thursday,Home Goods,East,Wholesale,SP_020,4,135.76,0.0,543.04,224.32,0,M,0
TXN000598,2023-03-02,2023,3,1,Thursday,Home Goods,Central,Wholesale,SP_002,6,108.59,0.15,553.81,220.04,0,M,1
TXN000955,2023-03-02,2023,3,1,Thursday,Home Goods,North,Wholesale,SP_023,7,106.75,0.0,747.25,334.48,0,M,0
TXN003755,2023-03-02,2023,3,1,Thursday,Books,West,Mobile App,SP_017,7,21.94,0.05,145.9,84.53,0,XS,1
TXN001565,2023-03-03,2023,3,1,Friday,Sports,West,Online,SP_017,10,103.99,0.15,883.91,352.04,0,M,1
TXN000207,2023-03-03,2023,3,1,Friday,Home Goods,East,Retail Store,SP_022,10,111.93,0.0,1119.3,541.02,0,L,0
TXN000230,2023-03-04,2023,3,1,Saturday,Home Goods,East,Online,SP_023,7,109.05,0.1,687.01,247.09,0,M,1
TXN000246,2023-03-04,2023,3,1,Saturday,Books,North,Wholesale,SP_017,9,21.57,0.1,174.72,102.91,0,XS,1
TXN004861,2023-03-04,2023,3,1,Saturday,Clothing,Central,Mobile App,SP_028,16,86.01,0.0,1376.16,783.2,1,L,0
TXN004892,2023-03-05,2023,3,1,Sunday,Electronics,East,Wholesale,SP_023,4,497.41,0.0,1989.64,488.43,0,L,0
TXN003853,2023-03-05,2023,3,1,Sunday,Home Goods,West,Retail Store,SP_037,7,120.27,0.0,841.89,410.53,0,M,0
TXN004945,2023-03-05,2023,3,1,Sunday,Sports,Central,Wholesale,SP_038,2,100.29,0.05,190.55,79.93,0,XS,1
TXN004860,2023-03-05,2023,3,1,Sunday,Clothing,Central,Mobile App,SP_025,10,73.78,0.0,737.8,443.54,0,M,0
TXN004366,2023-03-05,2023,3,1,Sunday,Clothing,Central,Mobile App,SP_013,16,81.56,0.0,1304.96,753.44,0,L,0
TXN001968,2023-03-05,2023,3,1,Sunday,Sports,West,Mobile App,SP_009,11,99.7,0.1,987.03,367.93,0,M,1
TXN004349,2023-03-05,2023,3,1,Sunday,Sports,East,Online,SP_028,7,82.57,0.0,577.99,189.63,0,M,0
TXN000726,2023-03-05,2023,3,1,Sunday,Clothing,Central,Mobile App,SP_036,17,65.9,0.0,1120.3,718.35,0,L,0
TXN002149,2023-03-05,2023,3,1,Sunday,Clothing,West,Online,SP_020,13,63.75,0.0,828.75,376.15,0,M,0
TXN002002,2023-03-06,2023,3,1,Monday,Clothing,North,Online,SP_016,17,81.58,0.05,1317.52,622.93,0,L,1
TXN002540,2023-03-06,2023,3,1,Monday,Electronics,Central,Wholesale,SP_008,6,424.46,0.05,2419.42,697.93,0,L,1
TXN003498,2023-03-06,2023,3,1,Monday,Books,North,Mobile App,SP_005,2,26.82,0.2,42.91,29.97,0,XS,1
TXN003752,2023-03-06,2023,3,1,Monday,Home Goods,South,Mobile App,SP_026,8,136.78,0.0,1094.24,384.95,0,L,0
TXN002933,2023-03-06,2023,3,1,Monday,Home Goods,South,Retail Store,SP_036,8,107.32,0.05,815.63,280.45,1,M,1
TXN001661,2023-03-06,2023,3,1,Monday,Sports,East,Retail Store,SP_026,3,106.11,0.1,286.5,107.46,0,S,1
TXN001309,2023-03-06,2023,3,1,Monday,Sports,East,Wholesale,SP_009,13,93.99,0.05,1160.78,525.37,0,L,1
TXN002958,2023-03-06,2023,3,1,Monday,Sports,East,Mobile App,SP_020,7,94.61,0.1,596.04,246.26,1,M,1
TXN003706,2023-03-07,2023,3,1,Tuesday,Home Goods,West,Mobile App,SP_016,12,126.98,0.0,1523.76,566.75,0,L,0
TXN003633,2023-03-07,2023,3,1,Tuesday,Sports,Central,Retail Store,SP_020,7,108.03,0.0,756.21,313.68,0,M,0
TXN003947,2023-03-07,2023,3,1,Tuesday,Home Goods,West,Mobile App,SP_038,7,119.93,0.05,797.53,370.51,0,M,1
TXN003137,2023-03-07,2023,3,1,Tuesday,Clothing,North,Online,SP_002,9,81.41,0.15,622.79,283.5,0,M,1
TXN001256,2023-03-07,2023,3,1,Tuesday,Clothing,East,Retail Store,SP_021,20,80.81,0.2,1292.96,754.05,0,L,1
TXN002043,2023-03-07,2023,3,1,Tuesday,Electronics,East,Mobile App,SP_022,14,443.08,0.0,6203.12,1473.74,0,XL,0
TXN002308,2023-03-07,2023,3,1,Tuesday,Clothing,Central,Wholesale,SP_023,15,68.84,0.0,1032.6,598.9,0,L,0
TXN000353,2023-03-08,2023,3,1,Wednesday,Books,East,Mobile App,SP_009,10,22.21,0.1,199.89,134.01,0,XS,1
TXN004760,2023-03-08,2023,3,1,Wednesday,Home Goods,East,Retail Store,SP_024,5,126.62,0.2,506.48,231.75,0,M,1
TXN002487,2023-03-08,2023,3,1,Wednesday,Clothing,Central,Retail Store,SP_026,22,64.33,0.15,1202.97,556.5,0,L,1
TXN004814,2023-03-08,2023,3,1,Wednesday,Electronics,South,Mobile App,SP_005,4,505.61,0.0,2022.44,461.04,0,L,0
TXN001371,2023-03-08,2023,3,1,Wednesday,Clothing,North,Online,SP_002,9,67.23,0.0,605.07,330.35,0,M,0
TXN003572,2023-03-08,2023,3,1,Wednesday,Electronics,West,Retail Store,SP_020,6,407.96,0.0,2447.76,573.27,0,L,0
TXN001001,2023-03-08,2023,3,1,Wednesday,Sports,North,Mobile App,SP_036,6,106.02,0.1,572.51,232.41,0,M,1
TXN003787,2023-03-09,2023,3,1,Thursday,Sports,Central,Mobile App,SP_008,8,95.95,0.0,767.6,285.2,0,M,0
TXN003651,2023-03-09,2023,3,1,Thursday,Electronics,South,Wholesale,SP_037,4,444.4,0.0,1777.6,493.27,0,L,0
TXN001816,2023-03-09,2023,3,1,Thursday,Books,Central,Retail Store,SP_011,8,24.78,0.05,188.33,106.86,0,XS,1
TXN002380,2023-03-10,2023,3,1,Friday,Clothing,East,Wholesale,SP_019,9,71.89,0.15,549.96,284.72,1,M,1
TXN001878,2023-03-10,2023,3,1,Friday,Electronics,North,Retail Store,SP_021,4,424.6,0.05,1613.48,382.46,0,L,1
TXN000889,2023-03-10,2023,3,1,Friday,Electronics,East,Mobile App,SP_006,4,497.08,0.15,1690.07,380.46,0,L,1
TXN000703,2023-03-10,2023,3,1,Friday,Sports,South,Wholesale,SP_006,7,108.38,0.05,720.73,295.04,0,M,1
TXN002480,2023-03-11,2023,3,1,Saturday,Sports,Central,Wholesale,SP_030,10,106.72,0.05,1013.84,444.61,1,L,1
TXN002809,2023-03-11,2023,3,1,Saturday,Books,East,Mobile App,SP_022,5,21.71,0.1,97.7,65.26,0,XS,1
TXN003432,2023-03-11,2023,3,1,Saturday,Electronics,Central,Wholesale,SP_016,4,432.4,0.05,1643.12,418.3,0,L,1
TXN003002,2023-03-11,2023,3,1,Saturday,Sports,North,Wholesale,SP_014,7,91.53,0.0,640.71,290.56,0,M,0
TXN004339,2023-03-12,2023,3,1,Sunday,Electronics,West,Retail Store,SP_036,4,506.69,0.05,1925.42,448.86,0,L,1
TXN002908,2023-03-12,2023,3,1,Sunday,Home Goods,South,Mobile App,SP_022,8,128.49,0.1,925.13,406.23,0,M,1
TXN001443,2023-03-12,2023,3,1,Sunday,Home Goods,South,Online,SP_022,5,116.1,0.05,551.48,258.82,0,M,1
TXN002758,2023-03-13,2023,3,1,Monday,Clothing,East,Online,SP_030,15,69.6,0.05,991.8,636.21,0,M,1
TXN003872,2023-03-14,2023,3,1,Tuesday,Home Goods,Central,Wholesale,SP_016,10,103.74,0.0,1037.4,387.67,0,L,0
TXN001686,2023-03-15,2023,3,1,Wednesday,Books,East,Mobile App,SP_019,8,28.04,0.0,224.32,153.97,1,S,0
TXN004039,2023-03-15,2023,3,1,Wednesday,Sports,Central,Wholesale,SP_003,10,96.53,0.05,917.03,363.97,0,M,1
TXN004677,2023-03-15,2023,3,1,Wednesday,Books,South,Online,SP_029,10,25.78,0.2,206.24,159.47,0,S,1
TXN001436,2023-03-15,2023,3,1,Wednesday,Clothing,Central,Online,SP_030,10,76.5,0.05,726.75,435.52,0,M,1
TXN000880,2023-03-16,2023,3,1,Thursday,Clothing,West,Online,SP_010,11,82.17,0.05,858.68,447.01,0,M,1
TXN001543,2023-03-16,2023,3,1,Thursday,Electronics,South,Wholesale,SP_032,6,474.46,0.0,2846.76,756.5,0,L,0
TXN002691,2023-03-16,2023,3,1,Thursday,Home Goods,East,Online,SP_006,5,104.38,0.1,469.71,231.89,0,S,1
TXN000277,2023-03-16,2023,3,1,Thursday,Books,East,Wholesale,SP_033,5,27.83,0.1,125.23,77.8,0,XS,1
TXN004522,2023-03-16,2023,3,1,Thursday,Home Goods,South,Retail Store,SP_030,9,132.48,0.0,1192.32,453.66,0,L,0
TXN001033,2023-03-16,2023,3,1,Thursday,Home Goods,East,Online,SP_016,7,119.03,0.0,833.21,415.54,0,M,0
TXN002464,2023-03-17,2023,3,1,Friday,Home Goods,North,Wholesale,SP_035,5,119.77,0.2,479.08,215.25,0,S,1
TXN004395,2023-03-17,2023,3,1,Friday,Books,East,Online,SP_012,5,22.34,0.1,100.53,52.92,0,XS,1
TXN001590,2023-03-18,2023,3,1,Saturday,Electronics,West,Mobile App,SP_031,6,507.23,0.05,2891.21,699.8,0,L,1
TXN002580,2023-03-18,2023,3,1,Saturday,Sports,South,Online,SP_023,6,99.63,0.05,567.89,175.56,0,M,1
TXN000080,2023-03-18,2023,3,1,Saturday,Books,Central,Online,SP_006,3,28.0,0.05,79.8,59.63,1,XS,1
TXN001706,2023-03-18,2023,3,1,Saturday,Home Goods,Central,Online,SP_029,14,137.48,0.0,1924.72,949.6,0,L,0
TXN004959,2023-03-19,2023,3,1,Sunday,Sports,North,Retail Store,SP_014,6,107.02,0.15,545.8,166.58,0,M,1
TXN001771,2023-03-19,2023,3,1,Sunday,Clothing,West,Mobile App,SP_030,17,71.82,0.1,1098.85,716.83,0,L,1
TXN002925,2023-03-19,2023,3,1,Sunday,Books,East,Wholesale,SP_033,6,28.15,0.1,152.01,115.18,1,XS,1
TXN001406,2023-03-19,2023,3,1,Sunday,Books,South,Online,SP_010,5,21.49,0.0,107.45,58.86,0,XS,0
TXN002231,2023-03-19,2023,3,1,Sunday,Clothing,North,Online,SP_020,18,64.84,0.0,1167.12,680.74,1,L,0
TXN004203,2023-03-20,2023,3,1,Monday,Home Goods,West,Mobile App,SP_003,8,109.61,0.1,789.19,343.87,1,M,1
TXN001054,2023-03-20,2023,3,1,Monday,Home Goods,South,Online,SP_038,6,132.24,0.0,793.44,374.13,1,M,0
TXN002164,2023-03-20,2023,3,1,Monday,Electronics,South,Wholesale,SP_026,6,408.08,0.05,2326.06,701.75,0,L,1
TXN003468,2023-03-20,2023,3,1,Monday,Sports,West,Retail Store,SP_017,7,94.69,0.0,662.83,216.88,0,M,0
TXN000608,2023-03-21,2023,3,1,Tuesday,Electronics,West,Retail Store,SP_035,9,464.18,0.0,4177.62,1197.76,0,L,0
TXN003936,2023-03-21,2023,3,1,Tuesday,Home Goods,East,Mobile App,SP_008,6,119.03,0.05,678.47,262.27,0,M,1
TXN001403,2023-03-21,2023,3,1,Tuesday,Clothing,West,Retail Store,SP_028,18,74.87,0.0,1347.66,767.44,0,L,0
TXN004143,2023-03-21,2023,3,1,Tuesday,Home Goods,Central,Online,SP_007,8,118.16,0.05,898.02,388.18,1,M,1
TXN000146,2023-03-22,2023,3,1,Wednesday,Home Goods,North,Online,SP_039,4,129.37,0.1,465.73,167.21,0,S,1
TXN002787,2023-03-22,2023,3,1,Wednesday,Clothing,North,Online,SP_023,11,72.47,0.1,717.45,457.53,0,M,1
TXN000475,2023-03-22,2023,3,1,Wednesday,Books,North,Wholesale,SP_020,8,27.4,0.0,219.2,157.3,0,S,0
TXN002650,2023-03-23,2023,3,1,Thursday,Sports,West,Retail Store,SP_013,1,103.53,0.15,88.0,38.85,1,XS,1
TXN001167,2023-03-23,2023,3,1,Thursday,Electronics,East,Mobile App,SP_011,7,416.72,0.05,2771.19,905.97,0,L,1
TXN002903,2023-03-23,2023,3,1,Thursday,Books,North,Online,SP_036,8,25.47,0.1,183.38,127.37,0,XS,1
TXN003530,2023-03-23,2023,3,1,Thursday,Books,East,Online,SP_037,8,25.2,0.05,191.52,104.19,0,XS,1
TXN004886,2023-03-24,2023,3,1,Friday,Sports,West,Mobile App,SP_025,12,105.81,0.1,1142.75,503.02,0,L,1
TXN004451,2023-03-24,2023,3,1,Friday,Sports,North,Retail Store,SP_010,2,86.67,0.0,173.34,77.33,0,XS,0
TXN004398,2023-03-24,2023,3,1,Friday,Clothing,North,Online,SP_006,6,80.53,0.0,483.18,298.59,0,S,0
TXN001241,2023-03-24,2023,3,1,Friday,Electronics,North,Wholesale,SP_008,8,421.69,0.1,3036.17,961.68,1,L,1
TXN003847,2023-03-25,2023,3,1,Saturday,Electronics,West,Wholesale,SP_011,6,475.71,0.0,2854.26,666.33,0,L,0
TXN004912,2023-03-25,2023,3,1,Saturday,Electronics,East,Wholesale,SP_015,7,473.67,0.0,3315.69,995.43,1,L,0
TXN003112,2023-03-25,2023,3,1,Saturday,Electronics,South,Wholesale,SP_012,6,490.18,0.0,2941.08,715.21,0,L,0
TXN002399,2023-03-25,2023,3,1,Saturday,Books,West,Wholesale,SP_002,10,22.37,0.05,212.52,152.73,0,S,1
TXN001707,2023-03-25,2023,3,1,Saturday,Clothing,West,Wholesale,SP_031,10,64.15,0.05,609.42,368.63,0,M,1
TXN000520,2023-03-25,2023,3,1,Saturday,Books,North,Online,SP_033,9,28.35,0.2,204.12,136.91,0,S,1
TXN000739,2023-03-25,2023,3,1,Saturday,Electronics,North,Wholesale,SP_039,4,384.13,0.0,1536.52,433.48,1,L,0
TXN003037,2023-03-26,2023,3,1,Sunday,Books,North,Wholesale,SP_015,7,23.85,0.0,166.95,118.8,0,XS,0
TXN002545,2023-03-26,2023,3,1,Sunday,Electronics,South,Retail Store,SP_008,7,412.79,0.0,2889.53,672.79,1,L,0
TXN002406,2023-03-26,2023,3,1,Sunday,Books,North,Online,SP_025,7,25.24,0.0,176.68,127.71,0,XS,0
TXN003152,2023-03-26,2023,3,1,Sunday,Electronics,North,Online,SP_030,6,418.95,0.05,2388.01,712.42,0,L,1
TXN003248,2023-03-26,2023,3,1,Sunday,Home Goods,East,Online,SP_011,7,115.82,0.15,689.13,301.46,0,M,1
TXN004436,2023-03-26,2023,3,1,Sunday,Home Goods,North,Mobile App,SP_025,7,136.52,0.0,955.64,372.99,0,M,0
TXN001051,2023-03-26,2023,3,1,Sunday,Clothing,West,Mobile App,SP_039,12,77.37,0.0,928.44,552.62,1,M,0
TXN000408,2023-03-26,2023,3,1,Sunday,Clothing,West,Retail Store,SP_032,13,67.52,0.0,877.76,446.14,0,M,0
TXN003289,2023-03-26,2023,3,1,Sunday,Sports,South,Retail Store,SP_024,4,90.9,0.0,363.6,135.86,1,S,0
TXN001999,2023-03-27,2023,3,1,Monday,Home Goods,Central,Wholesale,SP_019,5,137.91,0.15,586.12,293.3,0,M,1
TXN001740,2023-03-27,2023,3,1,Monday,Electronics,East,Wholesale,SP_004,15,476.41,0.2,5716.92,1885.5,0,XL,1
TXN000427,2023-03-27,2023,3,1,Monday,Books,East,Mobile App,SP_028,5,25.44,0.1,114.48,69.86,1,XS,1
TXN003644,2023-03-27,2023,3,1,Monday,Clothing,Central,Wholesale,SP_029,11,64.61,0.0,710.71,334.81,0,M,0
TXN001284,2023-03-27,2023,3,1,Monday,Home Goods,North,Retail Store,SP_032,4,102.78,0.0,411.12,154.24,1,S,0
TXN002019,2023-03-28,2023,3,1,Tuesday,Clothing,Central,Retail Store,SP_016,19,80.07,0.0,1521.33,740.74,1,L,0
TXN003710,2023-03-28,2023,3,1,Tuesday,Books,Central,Retail Store,SP_040,14,27.25,0.1,343.35,210.36,0,S,1
TXN003506,2023-03-28,2023,3,1,Tuesday,Home Goods,East,Wholesale,SP_032,8,122.42,0.0,979.36,423.56,0,M,0
TXN001070,2023-03-28,2023,3,1,Tuesday,Home Goods,South,Retail Store,SP_026,10,125.03,0.0,1250.3,456.42,0,L,0
TXN004970,2023-03-29,2023,3,1,Wednesday,Electronics,South,Online,SP_009,3,484.12,0.0,1452.36,415.95,0,L,0
TXN000750,2023-03-29,2023,3,1,Wednesday,Home Goods,North,Mobile App,SP_033,4,127.54,0.05,484.65,210.57,0,S,1
TXN002814,2023-03-29,2023,3,1,Wednesday,Books,South,Wholesale,SP_024,7,23.77,0.05,158.07,107.86,0,XS,1
TXN001717,2023-03-29,2023,3,1,Wednesday,Electronics,East,Online,SP_028,6,455.14,0.2,2184.67,542.26,0,L,1
TXN001763,2023-03-29,2023,3,1,Wednesday,Sports,South,Wholesale,SP_024,10,99.2,0.05,942.4,349.19,0,M,1
TXN002854,2023-03-29,2023,3,1,Wednesday,Clothing,Central,Mobile App,SP_024,7,65.54,0.0,458.78,229.75,0,S,0
TXN002983,2023-03-29,2023,3,1,Wednesday,Books,West,Retail Store,SP_040,4,26.9,0.15,91.46,53.39,0,XS,1
TXN003622,2023-03-30,2023,3,1,Thursday,Home Goods,East,Mobile App,SP_028,3,118.47,0.1,319.87,132.24,1,S,1
TXN004102,2023-03-30,2023,3,1,Thursday,Electronics,West,Online,SP_019,3,464.29,0.05,1323.23,371.4,1,L,1
TXN000376,2023-03-30,2023,3,1,Thursday,Home Goods,West,Online,SP_001,8,107.04,0.0,856.32,347.54,1,M,0
TXN004342,2023-03-31,2023,3,1,Friday,Books,Central,Retail Store,SP_025,11,21.91,0.05,228.96,176.14,0,S,1
TXN003376,2023-03-31,2023,3,1,Friday,Sports,South,Retail Store,SP_009,4,88.99,0.0,355.96,140.74,1,S,0
TXN004789,2023-04-01,2023,4,2,Saturday,Clothing,West,Wholesale,SP_014,19,80.73,0.05,1457.18,795.13,0,L,1
TXN003955,2023-04-01,2023,4,2,Saturday,Electronics,West,Wholesale,SP_029,6,465.3,0.05,2652.21,889.46,0,L,1
TXN004312,2023-04-01,2023,4,2,Saturday,Books,West,Retail Store,SP_004,13,26.16,0.1,306.07,223.8,0,S,1
TXN001919,2023-04-01,2023,4,2,Saturday,Home Goods,West,Mobile App,SP_031,8,124.25,0.05,944.3,451.91,1,M,1
TXN000012,2023-04-02,2023,4,2,Sunday,Home Goods,North,Retail Store,SP_037,2,114.15,0.15,194.06,95.94,0,XS,1
TXN001764,2023-04-02,2023,4,2,Sunday,Home Goods,North,Retail Store,SP_033,4,116.36,0.0,465.44,221.7,0,S,0
TXN004739,2023-04-02,2023,4,2,Sunday,Home Goods,East,Mobile App,SP_006,9,121.05,0.2,871.56,361.38,0,M,1
TXN000035,2023-04-02,2023,4,2,Sunday,Electronics,South,Mobile App,SP_001,8,456.69,0.2,2922.82,799.25,0,L,1
TXN004822,2023-04-02,2023,4,2,Sunday,Electronics,North,Retail Store,SP_033,8,449.16,0.0,3593.28,959.61,0,L,0
TXN004562,2023-04-03,2023,4,2,Monday,Sports,East,Mobile App,SP_037,6,108.48,0.1,585.79,256.55,0,M,1
TXN002954,2023-04-03,2023,4,2,Monday,Home Goods,North,Online,SP_038,6,133.41,0.0,800.46,310.44,0,M,0
TXN001970,2023-04-03,2023,4,2,Monday,Clothing,South,Wholesale,SP_006,11,68.73,0.0,756.03,397.57,0,M,0
TXN000506,2023-04-03,2023,4,2,Monday,Electronics,West,Wholesale,SP_016,2,459.03,0.0,918.06,301.5,0,M,0
TXN001012,2023-04-04,2023,4,2,Tuesday,Clothing,Central,Online,SP_038,9,67.31,0.0,605.79,381.24,0,M,0
TXN001363,2023-04-04,2023,4,2,Tuesday,Home Goods,North,Online,SP_028,10,121.15,0.05,1150.92,420.85,1,L,1
TXN000898,2023-04-04,2023,4,2,Tuesday,Home Goods,North,Retail Store,SP_021,9,108.97,0.1,882.66,327.47,0,M,1
TXN003235,2023-04-05,2023,4,2,Wednesday,Clothing,West,Retail Store,SP_012,4,83.17,0.0,332.68,213.91,1,S,0
TXN002705,2023-04-05,2023,4,2,Wednesday,Clothing,West,Wholesale,SP_012,8,78.37,0.0,626.96,399.65,0,M,0
TXN001407,2023-04-05,2023,4,2,Wednesday,Electronics,Central,Retail Store,SP_001,6,387.53,0.05,2208.92,706.41,0,L,1
TXN002973,2023-04-05,2023,4,2,Wednesday,Clothing,West,Mobile App,SP_007,15,69.78,0.0,1046.7,520.48,0,L,0
TXN003702,2023-04-05,2023,4,2,Wednesday,Books,Central,Online,SP_021,4,25.68,0.1,92.45,70.95,0,XS,1
TXN002381,2023-04-06,2023,4,2,Thursday,Clothing,East,Wholesale,SP_035,5,70.31,0.1,316.4,185.75,0,S,1
TXN004142,2023-04-06,2023,4,2,Thursday,Clothing,West,Retail Store,SP_004,15,64.71,0.05,922.12,543.95,0,M,1
TXN003377,2023-04-06,2023,4,2,Thursday,Sports,Central,Mobile App,SP_019,3,105.64,0.05,301.07,99.59,1,S,1
TXN003613,2023-04-07,2023,4,2,Friday,Sports,West,Online,SP_007,5,85.17,0.0,425.85,158.17,0,S,0
TXN000541,2023-04-07,2023,4,2,Friday,Electronics,South,Retail Store,SP_009,9,426.99,0.0,3842.91,1050.45,1,L,0
TXN004968,2023-04-07,2023,4,2,Friday,Books,West,Wholesale,SP_028,8,22.69,0.1,163.37,96.17,1,XS,1
TXN002301,2023-04-07,2023,4,2,Friday,Electronics,East,Mobile App,SP_006,8,493.58,0.1,3553.78,1134.56,0,L,1
TXN000594,2023-04-07,2023,4,2,Friday,Electronics,East,Retail Store,SP_014,6,415.08,0.1,2241.43,521.8,0,L,1
TXN003627,2023-04-08,2023,4,2,Saturday,Home Goods,East,Online,SP_018,5,115.89,0.05,550.48,263.59,0,M,1
TXN001859,2023-04-08,2023,4,2,Saturday,Electronics,West,Wholesale,SP_009,4,455.14,0.2,1456.45,364.56,0,L,1
TXN004368,2023-04-08,2023,4,2,Saturday,Electronics,North,Retail Store,SP_009,7,432.25,0.0,3025.75,932.66,1,L,0
TXN000122,2023-04-08,2023,4,2,Saturday,Books,North,Mobile App,SP_027,12,25.53,0.0,306.36,161.73,0,S,0
TXN003239,2023-04-08,2023,4,2,Saturday,Books,Central,Retail Store,SP_003,4,27.9,0.0,111.6,73.74,0,XS,0
TXN001116,2023-04-08,2023,4,2,Saturday,Sports,South,Mobile App,SP_023,7,108.08,0.15,643.08,279.78,0,M,1
TXN000844,2023-04-08,2023,4,2,Saturday,Clothing,East,Online,SP_024,9,70.26,0.15,537.49,266.47,0,M,1
TXN003144,2023-04-09,2023,4,2,Sunday,Sports,West,Retail Store,SP_004,8,86.67,0.0,693.36,253.86,0,M,0
TXN001117,2023-04-09,2023,4,2,Sunday,Clothing,East,Online,SP_003,13,81.11,0.05,1001.71,455.0,0,L,1
TXN000993,2023-04-09,2023,4,2,Sunday,Sports,Central,Wholesale,SP_010,2,84.01,0.1,151.22,58.23,1,XS,1
TXN000605,2023-04-09,2023,4,2,Sunday,Sports,East,Online,SP_025,9,98.36,0.1,796.72,335.45,0,M,1
TXN002196,2023-04-10,2023,4,2,Monday,Home Goods,South,Wholesale,SP_015,7,130.19,0.0,911.33,369.67,0,M,0
TXN002215,2023-04-10,2023,4,2,Monday,Home Goods,Central,Mobile App,SP_011,6,107.3,0.05,611.61,231.42,0,M,1
TXN002848,2023-04-10,2023,4,2,Monday,Electronics,West,Retail Store,SP_040,3,410.16,0.2,984.38,298.01,0,M,1
TXN003485,2023-04-10,2023,4,2,Monday,Clothing,Central,Wholesale,SP_026,13,81.19,0.15,897.15,437.96,0,M,1
TXN001437,2023-04-10,2023,4,2,Monday,Sports,South,Online,SP_024,8,83.04,0.05,631.1,258.49,0,M,1
TXN003292,2023-04-11,2023,4,2,Tuesday,Clothing,East,Mobile App,SP_012,9,79.53,0.05,679.98,431.96,0,M,1
TXN000893,2023-04-11,2023,4,2,Tuesday,Electronics,South,Mobile App,SP_035,11,484.94,0.0,5334.34,1764.32,0,XL,0
TXN003607,2023-04-11,2023,4,2,Tuesday,Books,East,Mobile App,SP_020,9,27.14,0.0,244.26,136.99,0,S,0
TXN002565,2023-04-11,2023,4,2,Tuesday,Sports,Central,Mobile App,SP_024,4,100.07,0.05,380.27,157.7,0,S,1
TXN002808,2023-04-11,2023,4,2,Tuesday,Electronics,East,Wholesale,SP_024,4,460.33,0.15,1565.12,446.7,0,L,1
TXN003646,2023-04-11,2023,4,2,Tuesday,Clothing,South,Online,SP_030,11,75.74,0.0,833.14,393.64,0,M,0
TXN002106,2023-04-11,2023,4,2,Tuesday,Clothing,South,Online,SP_003,10,69.02,0.0,690.2,317.28,1,M,0
TXN002135,2023-04-12,2023,4,2,Wednesday,Home Goods,South,Online,SP_013,5,121.5,0.0,607.5,226.6,1,M,0
TXN004693,2023-04-12,2023,4,2,Wednesday,Home Goods,Central,Mobile App,SP_019,6,123.46,0.0,740.76,336.91,0,M,0
TXN004399,2023-04-12,2023,4,2,Wednesday,Home Goods,East,Mobile App,SP_007,3,107.23,0.0,321.69,141.92,1,S,0
TXN002863,2023-04-12,2023,4,2,Wednesday,Electronics,Central,Mobile App,SP_014,12,496.66,0.0,5959.92,1823.66,0,XL,0
TXN004745,2023-04-12,2023,4,2,Wednesday,Sports,Central,Online,SP_040,6,86.94,0.05,495.56,198.86,0,S,1
TXN000924,2023-04-13,2023,4,2,Thursday,Clothing,South,Wholesale,SP_019,4,75.32,0.0,301.28,171.59,0,S,0
TXN004130,2023-04-13,2023,4,2,Thursday,Home Goods,East,Online,SP_023,7,103.37,0.1,651.23,242.57,0,M,1
TXN003228,2023-04-13,2023,4,2,Thursday,Electronics,East,Mobile App,SP_038,8,468.86,0.1,3375.79,827.86,1,L,1
TXN001821,2023-04-13,2023,4,2,Thursday,Books,West,Mobile App,SP_005,5,28.02,0.1,126.09,81.4,0,XS,1
TXN001471,2023-04-13,2023,4,2,Thursday,Home Goods,Central,Online,SP_029,11,119.59,0.15,1118.17,530.24,0,L,1
TXN002189,2023-04-13,2023,4,2,Thursday,Clothing,South,Mobile App,SP_040,19,72.87,0.0,1384.53,748.46,1,L,0
TXN004249,2023-04-14,2023,4,2,Friday,Books,South,Wholesale,SP_013,11,21.94,0.0,241.34,137.4,1,S,0
TXN004848,2023-04-14,2023,4,2,Friday,Electronics,Central,Online,SP_040,9,477.53,0.05,4082.88,991.19,1,L,1
TXN002393,2023-04-14,2023,4,2,Friday,Books,Central,Online,SP_001,7,26.87,0.15,159.88,109.75,0,XS,1
TXN004953,2023-04-14,2023,4,2,Friday,Books,West,Wholesale,SP_034,8,24.63,0.0,197.04,122.48,0,XS,0
TXN002400,2023-04-15,2023,4,2,Saturday,Clothing,South,Retail Store,SP_014,6,77.32,0.05,440.72,281.77,0,S,1
TXN003450,2023-04-15,2023,4,2,Saturday,Sports,North,Retail Store,SP_027,9,92.06,0.0,828.54,292.45,0,M,0
TXN004957,2023-04-15,2023,4,2,Saturday,Home Goods,Central,Retail Store,SP_035,13,136.55,0.05,1686.39,597.48,0,L,1
TXN004086,2023-04-15,2023,4,2,Saturday,Home Goods,Central,Wholesale,SP_021,5,131.22,0.0,656.1,258.67,0,M,0
TXN001898,2023-04-15,2023,4,2,Saturday,Electronics,Central,Mobile App,SP_039,8,472.03,0.1,3398.62,950.61,1,L,1
TXN003632,2023-04-16,2023,4,2,Sunday,Clothing,Central,Wholesale,SP_016,10,69.61,0.0,696.1,432.02,1,M,0
TXN000156,2023-04-17,2023,4,2,Monday,Electronics,South,Online,SP_003,12,400.28,0.0,4803.36,1466.51,0,L,0
TXN002652,2023-04-17,2023,4,2,Monday,Home Goods,South,Mobile App,SP_005,2,112.86,0.0,225.72,76.81,1,S,0
TXN002912,2023-04-17,2023,4,2,Monday,Sports,West,Online,SP_008,6,98.27,0.1,530.66,179.9,0,M,1
TXN001288,2023-04-18,2023,4,2,Tuesday,Sports,Central,Online,SP_011,7,104.78,0.0,733.46,224.15,1,M,0
TXN004381,2023-04-18,2023,4,2,Tuesday,Electronics,West,Online,SP_002,3,487.97,0.0,1463.91,361.14,0,L,0
TXN000206,2023-04-18,2023,4,2,Tuesday,Home Goods,Central,Online,SP_022,8,116.22,0.0,929.76,318.56,1,M,0
TXN004168,2023-04-18,2023,4,2,Tuesday,Sports,North,Retail Store,SP_034,8,102.64,0.1,739.01,273.36,0,M,1
TXN000571,2023-04-19,2023,4,2,Wednesday,Electronics,East,Retail Store,SP_013,8,423.58,0.0,3388.64,791.87,0,L,0
TXN001111,2023-04-19,2023,4,2,Wednesday,Sports,Central,Wholesale,SP_002,10,86.05,0.05,817.47,249.11,0,M,1
TXN000727,2023-04-20,2023,4,2,Thursday,Home Goods,North,Online,SP_034,6,131.82,0.1,711.83,259.57,1,M,1
TXN004244,2023-04-20,2023,4,2,Thursday,Books,West,Online,SP_040,2,24.61,0.1,44.3,26.71,0,XS,1
TXN004754,2023-04-20,2023,4,2,Thursday,Home Goods,North,Mobile App,SP_019,10,113.32,0.1,1019.88,455.22,0,L,1
TXN002886,2023-04-20,2023,4,2,Thursday,Home Goods,North,Retail Store,SP_010,4,137.79,0.0,551.16,211.53,0,M,0
TXN001570,2023-04-21,2023,4,2,Friday,Sports,North,Online,SP_027,3,83.32,0.0,249.96,109.74,1,S,0
TXN002946,2023-04-21,2023,4,2,Friday,Clothing,North,Retail Store,SP_038,19,80.63,0.0,1531.97,873.42,0,L,0
TXN000283,2023-04-21,2023,4,2,Friday,Books,Central,Mobile App,SP_004,7,26.44,0.1,166.57,98.05,0,XS,1
TXN004635,2023-04-21,2023,4,2,Friday,Books,Central,Retail Store,SP_038,6,22.36,0.1,120.74,86.17,0,XS,1
TXN004906,2023-04-22,2023,4,2,Saturday,Home Goods,West,Online,SP_001,4,129.15,0.1,464.94,177.04,0,S,1
TXN002801,2023-04-22,2023,4,2,Saturday,Clothing,East,Wholesale,SP_018,13,72.27,0.1,845.56,398.86,1,M,1
TXN004028,2023-04-23,2023,4,2,Sunday,Clothing,Central,Wholesale,SP_037,16,82.62,0.0,1321.92,814.44,0,L,0
TXN002309,2023-04-23,2023,4,2,Sunday,Books,East,Wholesale,SP_016,5,26.56,0.05,126.16,90.24,0,XS,1
TXN003515,2023-04-23,2023,4,2,Sunday,Electronics,South,Online,SP_022,7,473.62,0.1,2983.81,747.26,0,L,1
TXN002173,2023-04-23,2023,4,2,Sunday,Home Goods,East,Mobile App,SP_013,8,130.71,0.1,941.11,438.62,0,M,1
TXN003486,2023-04-24,2023,4,2,Monday,Electronics,East,Mobile App,SP_018,10,514.99,0.0,5149.9,1290.02,0,XL,0
TXN000054,2023-04-24,2023,4,2,Monday,Clothing,East,Retail Store,SP_007,13,70.13,0.0,911.69,473.97,1,M,0
TXN002570,2023-04-25,2023,4,2,Tuesday,Books,South,Online,SP_029,10,27.2,0.0,272.0,186.25,0,S,0
TXN003071,2023-04-25,2023,4,2,Tuesday,Electronics,North,Online,SP_040,5,467.65,0.2,1870.6,527.47,0,L,1
TXN003750,2023-04-26,2023,4,2,Wednesday,Home Goods,Central,Online,SP_022,15,117.98,0.15,1504.24,631.41,0,L,1
TXN001079,2023-04-26,2023,4,2,Wednesday,Electronics,West,Wholesale,SP_023,10,389.63,0.0,3896.3,1229.34,1,L,0
TXN002368,2023-04-26,2023,4,2,Wednesday,Clothing,East,Retail Store,SP_021,17,69.9,0.0,1188.3,737.35,1,L,0
TXN004863,2023-04-26,2023,4,2,Wednesday,Sports,North,Online,SP_026,11,95.33,0.0,1048.63,438.49,1,L,0
TXN000578,2023-04-26,2023,4,2,Wednesday,Books,Central,Wholesale,SP_036,8,28.11,0.15,191.15,107.7,0,XS,1
TXN003758,2023-04-27,2023,4,2,Thursday,Books,South,Mobile App,SP_021,7,28.07,0.0,196.49,148.09,0,XS,0
TXN003821,2023-04-27,2023,4,2,Thursday,Sports,East,Retail Store,SP_010,11,81.46,0.0,896.06,304.5,1,M,0
TXN003583,2023-04-28,2023,4,2,Friday,Sports,North,Online,SP_009,8,105.3,0.2,673.92,293.48,0,M,1
TXN004939,2023-04-28,2023,4,2,Friday,Electronics,Central,Mobile App,SP_033,5,477.27,0.0,2386.35,690.96,0,L,0
TXN000335,2023-04-28,2023,4,2,Friday,Electronics,Central,Retail Store,SP_010,6,494.87,0.0,2969.22,933.03,0,L,0
TXN003120,2023-04-28,2023,4,2,Friday,Home Goods,West,Mobile App,SP_033,6,110.76,0.1,598.1,275.06,1,M,1
TXN002920,2023-04-28,2023,4,2,Friday,Home Goods,Central,Mobile App,SP_007,5,117.01,0.1,526.55,221.3,0,M,1
TXN001422,2023-04-28,2023,4,2,Friday,Books,East,Retail Store,SP_016,11,28.52,0.0,313.72,189.19,0,S,0
TXN000773,2023-04-28,2023,4,2,Friday,Sports,East,Mobile App,SP_018,12,90.14,0.0,1081.68,351.56,1,L,0
TXN003352,2023-04-29,2023,4,2,Saturday,Sports,Central,Online,SP_025,5,98.5,0.05,467.88,205.33,0,S,1
TXN003325,2023-04-29,2023,4,2,Saturday,Sports,South,Mobile App,SP_015,7,84.2,0.05,559.93,207.74,0,M,1
TXN003962,2023-04-29,2023,4,2,Saturday,Electronics,West,Wholesale,SP_039,13,456.57,0.05,5638.64,1836.18,0,XL,1
TXN003359,2023-04-30,2023,4,2,Sunday,Books,South,Wholesale,SP_020,6,22.22,0.1,119.99,64.0,0,XS,1
TXN000129,2023-04-30,2023,4,2,Sunday,Home Goods,Central,Wholesale,SP_001,6,108.53,0.0,651.18,276.25,0,M,0
TXN001484,2023-04-30,2023,4,2,Sunday,Clothing,North,Mobile App,SP_003,5,77.96,0.0,389.8,192.3,1,S,0
TXN000221,2023-04-30,2023,4,2,Sunday,Electronics,West,Wholesale,SP_016,8,450.05,0.0,3600.4,980.99,1,L,0
TXN002589,2023-04-30,2023,4,2,Sunday,Sports,Central,Wholesale,SP_007,5,82.8,0.05,393.3,127.74,0,S,1
TXN002818,2023-05-01,2023,5,2,Monday,Electronics,East,Wholesale,SP_020,12,454.51,0.0,5454.12,1549.61,0,XL,0
TXN001520,2023-05-01,2023,5,2,Monday,Home Goods,East,Wholesale,SP_023,6,127.26,0.05,725.38,288.58,0,M,1
TXN001413,2023-05-01,2023,5,2,Monday,Clothing,North,Retail Store,SP_002,6,85.49,0.0,512.94,266.66,0,M,0
TXN000900,2023-05-01,2023,5,2,Monday,Clothing,East,Retail Store,SP_029,9,76.24,0.0,686.16,413.99,0,M,0
TXN001701,2023-05-01,2023,5,2,Monday,Electronics,North,Retail Store,SP_007,5,398.5,0.1,1793.25,453.61,0,L,1
TXN002503,2023-05-01,2023,5,2,Monday,Sports,Central,Mobile App,SP_018,5,88.22,0.0,441.1,150.58,1,S,0
TXN002279,2023-05-02,2023,5,2,Tuesday,Clothing,West,Retail Store,SP_011,6,75.61,0.0,453.66,243.25,0,S,0
TXN004357,2023-05-02,2023,5,2,Tuesday,Electronics,East,Wholesale,SP_036,5,394.58,0.05,1874.25,503.51,1,L,1
TXN001100,2023-05-02,2023,5,2,Tuesday,Sports,East,Retail Store,SP_014,12,85.91,0.05,979.37,378.75,0,M,1
TXN004375,2023-05-03,2023,5,2,Wednesday,Electronics,East,Retail Store,SP_031,5,400.2,0.0,2001.0,642.24,0,L,0
TXN001746,2023-05-03,2023,5,2,Wednesday,Electronics,North,Retail Store,SP_033,10,424.22,0.0,4242.2,1351.3,0,L,0
TXN000279,2023-05-04,2023,5,2,Thursday,Books,East,Online,SP_039,5,26.57,0.05,126.21,65.9,0,XS,1
TXN000746,2023-05-04,2023,5,2,Thursday,Electronics,South,Online,SP_025,4,457.59,0.0,1830.36,494.34,0,L,0
TXN000509,2023-05-04,2023,5,2,Thursday,Books,North,Retail Store,SP_029,9,27.67,0.0,249.03,135.92,0,S,0
TXN000848,2023-05-05,2023,5,2,Friday,Clothing,East,Retail Store,SP_009,5,82.17,0.0,410.85,192.04,0,S,0
TXN003893,2023-05-06,2023,5,2,Saturday,Clothing,West,Retail Store,SP_035,9,83.12,0.1,673.27,405.21,0,M,1
TXN004337,2023-05-06,2023,5,2,Saturday,Electronics,North,Retail Store,SP_039,8,471.01,0.0,3768.08,1162.59,0,L,0
TXN004350,2023-05-06,2023,5,2,Saturday,Sports,East,Online,SP_036,7,90.6,0.0,634.2,201.9,0,M,0
TXN003295,2023-05-06,2023,5,2,Saturday,Sports,South,Mobile App,SP_003,5,106.16,0.0,530.8,212.2,0,M,0
TXN002969,2023-05-06,2023,5,2,Saturday,Books,South,Online,SP_004,7,23.19,0.05,154.21,109.12,0,XS,1
TXN000192,2023-05-06,2023,5,2,Saturday,Home Goods,North,Mobile App,SP_002,10,120.27,0.2,962.16,464.6,1,M,1
TXN002018,2023-05-06,2023,5,2,Saturday,Sports,West,Mobile App,SP_025,12,95.97,0.05,1094.06,464.62,0,L,1
TXN001285,2023-05-06,2023,5,2,Saturday,Books,West,Wholesale,SP_028,9,24.91,0.0,224.19,119.94,0,S,0
TXN000374,2023-05-07,2023,5,2,Sunday,Books,North,Wholesale,SP_035,5,25.35,0.05,120.41,77.49,0,XS,1
TXN003738,2023-05-07,2023,5,2,Sunday,Electronics,South,Online,SP_037,9,469.44,0.0,4224.96,1216.87,1,L,0
TXN001813,2023-05-07,2023,5,2,Sunday,Sports,South,Online,SP_040,4,89.92,0.0,359.68,137.95,0,S,0
TXN001381,2023-05-07,2023,5,2,Sunday,Clothing,East,Online,SP_012,5,70.55,0.0,352.75,210.62,1,S,0
TXN002232,2023-05-07,2023,5,2,Sunday,Books,South,Mobile App,SP_010,7,26.74,0.05,177.82,109.96,0,XS,1
TXN003317,2023-05-07,2023,5,2,Sunday,Books,Central,Online,SP_018,7,23.03,0.1,145.09,107.49,1,XS,1
TXN003302,2023-05-07,2023,5,2,Sunday,Electronics,West,Mobile App,SP_009,3,437.27,0.0,1311.81,323.22,1,L,0
TXN004296,2023-05-08,2023,5,2,Monday,Electronics,North,Online,SP_037,7,470.42,0.0,3292.94,929.1,0,L,0
TXN002643,2023-05-08,2023,5,2,Monday,Home Goods,East,Online,SP_007,9,116.15,0.0,1045.35,368.64,0,L,0
TXN004594,2023-05-08,2023,5,2,Monday,Home Goods,South,Wholesale,SP_040,10,111.55,0.2,892.4,311.42,0,M,1
TXN003775,2023-05-09,2023,5,2,Tuesday,Home Goods,Central,Online,SP_008,14,129.8,0.15,1544.62,763.21,1,L,1
TXN004297,2023-05-09,2023,5,2,Tuesday,Home Goods,West,Retail Store,SP_031,24,104.03,0.05,2371.88,975.29,0,L,1
TXN004532,2023-05-09,2023,5,2,Tuesday,Books,East,Retail Store,SP_001,8,23.13,0.15,157.28,94.69,0,XS,1
TXN003654,2023-05-09,2023,5,2,Tuesday,Sports,South,Wholesale,SP_035,7,100.7,0.1,634.41,288.02,0,M,1
TXN002715,2023-05-10,2023,5,2,Wednesday,Electronics,West,Wholesale,SP_001,11,394.78,0.05,4125.45,1245.56,1,L,1
TXN003176,2023-05-10,2023,5,2,Wednesday,Books,North,Mobile App,SP_026,8,27.08,0.0,216.64,153.54,0,S,0
TXN002457,2023-05-10,2023,5,2,Wednesday,Clothing,Central,Wholesale,SP_032,7,72.5,0.1,456.75,265.25,0,S,1
TXN003309,2023-05-11,2023,5,2,Thursday,Electronics,West,Retail Store,SP_017,3,498.13,0.05,1419.67,466.51,0,L,1
TXN001890,2023-05-11,2023,5,2,Thursday,Sports,North,Wholesale,SP_024,8,98.45,0.15,669.46,289.71,0,M,1
TXN000314,2023-05-11,2023,5,2,Thursday,Home Goods,West,Mobile App,SP_025,8,123.43,0.0,987.44,356.74,0,M,0
TXN002310,2023-05-11,2023,5,2,Thursday,Home Goods,Central,Mobile App,SP_001,5,124.84,0.2,499.36,241.89,0,S,1
TXN002345,2023-05-11,2023,5,2,Thursday,Electronics,North,Retail Store,SP_014,7,461.93,0.0,3233.51,861.46,0,L,0
TXN002417,2023-05-12,2023,5,2,Friday,Books,Central,Mobile App,SP_019,6,22.67,0.1,122.42,65.56,0,XS,1
TXN000425,2023-05-12,2023,5,2,Friday,Home Goods,Central,Retail Store,SP_031,11,121.17,0.2,1066.3,459.39,0,L,1
TXN004341,2023-05-12,2023,5,2,Friday,Books,North,Wholesale,SP_003,12,22.32,0.1,241.06,157.5,0,S,1
TXN004692,2023-05-12,2023,5,2,Friday,Clothing,South,Retail Store,SP_014,4,70.01,0.0,280.04,167.79,0,S,0
TXN003737,2023-05-12,2023,5,2,Friday,Sports,East,Online,SP_023,5,103.3,0.0,516.5,162.63,0,M,0
TXN000167,2023-05-13,2023,5,2,Saturday,Books,North,Online,SP_031,5,23.37,0.05,111.01,65.28,0,XS,1
TXN001427,2023-05-13,2023,5,2,Saturday,Clothing,South,Retail Store,SP_004,9,69.07,0.1,559.47,263.81,1,M,1
TXN003684,2023-05-13,2023,5,2,Saturday,Clothing,East,Online,SP_033,6,80.41,0.05,458.34,217.84,0,S,1
TXN002611,2023-05-14,2023,5,2,Sunday,Home Goods,Central,Mobile App,SP_025,14,121.44,0.05,1615.15,595.96,0,L,1
TXN002761,2023-05-14,2023,5,2,Sunday,Electronics,East,Retail Store,SP_001,8,457.11,0.05,3474.04,1044.85,0,L,1
TXN004204,2023-05-14,2023,5,2,Sunday,Sports,West,Online,SP_035,6,91.63,0.0,549.78,239.63,0,M,0
TXN002449,2023-05-15,2023,5,2,Monday,Clothing,Central,Wholesale,SP_009,7,76.0,0.05,505.4,238.77,0,M,1
TXN002137,2023-05-15,2023,5,2,Monday,Home Goods,West,Online,SP_039,14,112.74,0.0,1578.36,596.43,0,L,0
TXN004577,2023-05-15,2023,5,2,Monday,Home Goods,Central,Mobile App,SP_020,20,114.86,0.0,2297.2,936.63,0,L,0
TXN003009,2023-05-15,2023,5,2,Monday,Books,West,Wholesale,SP_011,10,26.63,0.0,266.3,176.59,1,S,0
TXN002634,2023-05-16,2023,5,2,Tuesday,Electronics,South,Mobile App,SP_014,6,431.78,0.05,2461.15,696.29,0,L,1
TXN004122,2023-05-16,2023,5,2,Tuesday,Sports,West,Mobile App,SP_033,6,90.82,0.0,544.92,174.08,0,M,0
TXN001539,2023-05-16,2023,5,2,Tuesday,Clothing,East,Retail Store,SP_026,7,73.7,0.0,515.9,248.81,0,M,0
TXN004050,2023-05-16,2023,5,2,Tuesday,Home Goods,South,Wholesale,SP_012,18,120.88,0.15,1849.46,648.02,0,L,1
TXN002184,2023-05-17,2023,5,2,Wednesday,Clothing,North,Online,SP_001,4,77.61,0.0,310.44,192.26,0,S,0
TXN000933,2023-05-17,2023,5,2,Wednesday,Home Goods,North,Online,SP_024,28,119.44,0.0,3344.32,1382.32,0,L,0
TXN001074,2023-05-17,2023,5,2,Wednesday,Electronics,West,Wholesale,SP_040,9,413.96,0.0,3725.64,1080.17,0,L,0
TXN001464,2023-05-17,2023,5,2,Wednesday,Home Goods,East,Retail Store,SP_006,20,116.16,0.0,2323.2,1067.05,0,L,0
TXN000225,2023-05-17,2023,5,2,Wednesday,Electronics,East,Retail Store,SP_020,2,438.34,0.0,876.68,244.77,0,M,0
TXN003998,2023-05-18,2023,5,2,Thursday,Books,South,Retail Store,SP_037,3,24.02,0.0,72.06,39.69,0,XS,0
TXN003864,2023-05-18,2023,5,2,Thursday,Clothing,East,Mobile App,SP_024,4,84.39,0.0,337.56,208.67,0,S,0
TXN002605,2023-05-18,2023,5,2,Thursday,Books,Central,Retail Store,SP_030,6,26.82,0.1,144.83,87.1,0,XS,1
TXN000317,2023-05-19,2023,5,2,Friday,Books,West,Retail Store,SP_016,5,25.35,0.05,120.41,90.86,1,XS,1
TXN004525,2023-05-19,2023,5,2,Friday,Books,East,Online,SP_038,6,26.68,0.0,160.08,115.84,0,XS,0
TXN000602,2023-05-19,2023,5,2,Friday,Electronics,South,Mobile App,SP_005,3,501.5,0.1,1354.05,366.38,1,L,1
TXN001716,2023-05-19,2023,5,2,Friday,Sports,South,Mobile App,SP_009,3,98.43,0.1,265.76,106.85,0,S,1
TXN002199,2023-05-19,2023,5,2,Friday,Electronics,West,Wholesale,SP_023,4,439.2,0.0,1756.8,574.26,0,L,0
TXN003180,2023-05-19,2023,5,2,Friday,Electronics,South,Mobile App,SP_010,3,435.66,0.0,1306.98,406.01,0,L,0
TXN004179,2023-05-19,2023,5,2,Friday,Sports,West,Retail Store,SP_023,6,85.81,0.2,411.89,134.62,0,S,1
TXN004260,2023-05-19,2023,5,2,Friday,Books,Central,Mobile App,SP_035,6,24.38,0.0,146.28,88.0,0,XS,0
TXN004944,2023-05-19,2023,5,2,Friday,Home Goods,Central,Mobile App,SP_017,6,113.02,0.1,610.31,301.32,0,M,1
TXN000957,2023-05-19,2023,5,2,Friday,Sports,South,Online,SP_010,7,107.74,0.0,754.18,298.39,0,M,0
TXN002044,2023-05-20,2023,5,2,Saturday,Sports,East,Retail Store,SP_023,4,81.03,0.1,291.71,109.51,0,S,1
TXN003331,2023-05-21,2023,5,2,Sunday,Books,Central,Retail Store,SP_014,9,26.76,0.0,240.84,186.12,0,S,0
TXN003206,2023-05-21,2023,5,2,Sunday,Books,North,Online,SP_021,5,23.17,0.15,98.47,72.47,1,XS,1
TXN003240,2023-05-21,2023,5,2,Sunday,Books,North,Retail Store,SP_038,4,27.48,0.15,93.43,68.02,1,XS,1
TXN004922,2023-05-21,2023,5,2,Sunday,Electronics,South,Wholesale,SP_006,7,474.36,0.05,3154.49,813.58,0,L,1
TXN002510,2023-05-22,2023,5,2,Monday,Books,South,Online,SP_019,7,28.74,0.0,201.18,124.69,0,S,0
TXN002582,2023-05-22,2023,5,2,Monday,Electronics,East,Wholesale,SP_038,6,514.28,0.0,3085.68,901.04,1,L,0
TXN002293,2023-05-22,2023,5,2,Monday,Home Goods,North,Online,SP_004,11,124.86,0.15,1167.44,420.52,0,L,1
TXN003677,2023-05-23,2023,5,2,Tuesday,Sports,Central,Wholesale,SP_033,6,93.27,0.05,531.64,189.65,0,M,1
TXN001476,2023-05-23,2023,5,2,Tuesday,Books,East,Online,SP_012,9,26.06,0.05,222.81,166.53,0,S,1
TXN004797,2023-05-23,2023,5,2,Tuesday,Sports,North,Online,SP_038,11,102.23,0.0,1124.53,368.18,0,L,0
TXN002148,2023-05-24,2023,5,2,Wednesday,Electronics,South,Online,SP_013,6,511.02,0.05,2912.81,880.53,0,L,1
TXN000170,2023-05-24,2023,5,2,Wednesday,Electronics,West,Mobile App,SP_005,7,445.13,0.15,2648.52,881.6,0,L,1
TXN001912,2023-05-24,2023,5,2,Wednesday,Electronics,Central,Retail Store,SP_007,6,504.18,0.0,3025.08,753.62,0,L,0
TXN004056,2023-05-24,2023,5,2,Wednesday,Electronics,East,Wholesale,SP_031,7,516.98,0.05,3437.92,1021.76,0,L,1
TXN004475,2023-05-24,2023,5,2,Wednesday,Books,West,Mobile App,SP_020,8,23.1,0.0,184.8,128.27,1,XS,0
TXN001378,2023-05-24,2023,5,2,Wednesday,Electronics,Central,Retail Store,SP_006,4,447.5,0.15,1521.5,369.66,0,L,1
TXN003807,2023-05-25,2023,5,2,Thursday,Electronics,Central,Mobile App,SP_007,5,386.04,0.0,1930.2,455.22,0,L,0
TXN001380,2023-05-25,2023,5,2,Thursday,Electronics,East,Online,SP_018,6,404.86,0.0,2429.16,651.63,0,L,0
TXN002526,2023-05-25,2023,5,2,Thursday,Home Goods,Central,Online,SP_020,19,129.92,0.0,2468.48,891.27,0,L,0
TXN001171,2023-05-25,2023,5,2,Thursday,Electronics,East,Mobile App,SP_027,3,462.35,0.0,1387.05,366.33,0,L,0
TXN002839,2023-05-25,2023,5,2,Thursday,Electronics,Central,Wholesale,SP_003,7,428.63,0.05,2850.39,765.34,1,L,1
TXN000800,2023-05-26,2023,5,2,Friday,Books,North,Wholesale,SP_031,6,23.23,0.0,139.38,91.6,0,XS,0
TXN003322,2023-05-26,2023,5,2,Friday,Electronics,East,Mobile App,SP_027,5,397.56,0.1,1789.02,600.21,0,L,1
TXN001861,2023-05-26,2023,5,2,Friday,Sports,East,Retail Store,SP_014,5,82.2,0.05,390.45,154.86,0,S,1
TXN000988,2023-05-27,2023,5,2,Saturday,Clothing,North,Mobile App,SP_024,6,81.12,0.0,486.72,313.53,0,S,0
TXN003501,2023-05-28,2023,5,2,Sunday,Sports,Central,Wholesale,SP_037,6,99.07,0.1,534.98,175.07,0,M,1
TXN003330,2023-05-28,2023,5,2,Sunday,Electronics,East,Online,SP_015,8,482.43,0.1,3473.5,810.76,0,L,1
TXN000089,2023-05-28,2023,5,2,Sunday,Home Goods,North,Wholesale,SP_001,12,121.04,0.1,1307.23,645.46,0,L,1
TXN003439,2023-05-29,2023,5,2,Monday,Home Goods,North,Online,SP_001,10,130.95,0.15,1113.08,392.46,0,L,1
TXN003174,2023-05-29,2023,5,2,Monday,Clothing,East,Retail Store,SP_022,7,84.35,0.1,531.4,305.27,0,M,1
TXN003836,2023-05-29,2023,5,2,Monday,Books,North,Wholesale,SP_037,5,23.6,0.0,118.0,62.58,0,XS,0
TXN000180,2023-05-29,2023,5,2,Monday,Books,Central,Online,SP_039,5,24.63,0.15,104.68,74.81,0,XS,1
TXN004445,2023-05-30,2023,5,2,Tuesday,Books,West,Online,SP_008,4,21.67,0.0,86.68,66.73,0,XS,0
TXN001615,2023-05-31,2023,5,2,Wednesday,Sports,Central,Retail Store,SP_008,5,91.24,0.05,433.39,166.97,0,S,1
TXN001463,2023-05-31,2023,5,2,Wednesday,Sports,South,Online,SP_014,12,106.58,0.15,1087.12,484.28,0,L,1
TXN001486,2023-05-31,2023,5,2,Wednesday,Clothing,Central,Mobile App,SP_013,8,67.41,0.05,512.32,232.68,0,M,1
TXN003065,2023-06-01,2023,6,2,Thursday,Electronics,East,Wholesale,SP_029,5,502.47,0.1,2261.12,698.69,1,L,1
TXN000344,2023-06-01,2023,6,2,Thursday,Clothing,North,Online,SP_034,3,71.43,0.0,214.29,116.85,1,S,0
TXN001448,2023-06-02,2023,6,2,Friday,Electronics,West,Retail Store,SP_014,9,418.68,0.2,3014.5,807.99,0,L,1
TXN004678,2023-06-02,2023,6,2,Friday,Sports,West,Online,SP_020,6,88.57,0.2,425.14,184.86,0,S,1
TXN001660,2023-06-03,2023,6,2,Saturday,Electronics,South,Online,SP_009,8,456.75,0.05,3471.3,1115.43,0,L,1
TXN002700,2023-06-03,2023,6,2,Saturday,Home Goods,West,Retail Store,SP_025,5,109.34,0.0,546.7,229.05,0,M,0
TXN001537,2023-06-03,2023,6,2,Saturday,Clothing,South,Mobile App,SP_033,14,68.71,0.05,913.84,481.32,0,M,1
TXN001938,2023-06-04,2023,6,2,Sunday,Electronics,South,Retail Store,SP_002,7,472.02,0.05,3138.93,983.42,0,L,1
TXN000116,2023-06-04,2023,6,2,Sunday,Home Goods,Central,Wholesale,SP_002,14,136.9,0.0,1916.6,727.09,0,L,0
TXN004491,2023-06-04,2023,6,2,Sunday,Electronics,East,Retail Store,SP_012,6,465.74,0.05,2654.72,725.54,0,L,1
TXN004156,2023-06-04,2023,6,2,Sunday,Books,West,Mobile App,SP_007,8,26.12,0.0,208.96,123.56,0,S,0
TXN002965,2023-06-04,2023,6,2,Sunday,Sports,West,Online,SP_011,15,85.69,0.1,1156.82,418.81,1,L,1
TXN001236,2023-06-04,2023,6,2,Sunday,Sports,West,Retail Store,SP_037,13,106.06,0.0,1378.78,601.24,0,L,0
TXN004087,2023-06-05,2023,6,2,Monday,Clothing,East,Wholesale,SP_020,5,68.16,0.0,340.8,195.24,0,S,0
TXN002286,2023-06-05,2023,6,2,Monday,Electronics,Central,Mobile App,SP_014,3,511.97,0.0,1535.91,408.82,0,L,0
TXN001072,2023-06-05,2023,6,2,Monday,Home Goods,Central,Retail Store,SP_023,11,121.82,0.1,1206.02,429.96,0,L,1
TXN004332,2023-06-05,2023,6,2,Monday,Clothing,East,Retail Store,SP_001,6,67.75,0.15,345.52,196.01,1,S,1
TXN001930,2023-06-05,2023,6,2,Monday,Sports,North,Online,SP_018,14,83.6,0.1,1053.36,342.68,0,L,1
TXN002970,2023-06-05,2023,6,2,Monday,Clothing,West,Mobile App,SP_016,4,65.31,0.15,222.05,140.65,1,S,1
TXN003477,2023-06-05,2023,6,2,Monday,Clothing,South,Mobile App,SP_029,8,70.16,0.05,533.22,311.63,0,M,1
TXN004617,2023-06-06,2023,6,2,Tuesday,Home Goods,East,Online,SP_034,11,133.41,0.15,1247.38,483.31,1,L,1
TXN002051,2023-06-06,2023,6,2,Tuesday,Clothing,South,Online,SP_006,12,71.73,0.0,860.76,548.03,0,M,0
TXN002223,2023-06-07,2023,6,2,Wednesday,Electronics,Central,Wholesale,SP_023,4,472.33,0.1,1700.39,426.44,0,L,1
TXN001989,2023-06-08,2023,6,2,Thursday,Books,Central,Retail Store,SP_033,5,25.24,0.0,126.2,77.94,0,XS,0
TXN001341,2023-06-08,2023,6,2,Thursday,Sports,North,Retail Store,SP_005,20,95.91,0.0,1918.2,760.55,0,L,0
TXN001113,2023-06-08,2023,6,2,Thursday,Electronics,West,Online,SP_010,9,388.8,0.15,2974.32,810.27,1,L,1
TXN002773,2023-06-08,2023,6,2,Thursday,Electronics,North,Mobile App,SP_014,5,496.71,0.05,2359.37,787.79,0,L,1
TXN003384,2023-06-08,2023,6,2,Thursday,Electronics,East,Online,SP_016,10,394.4,0.0,3944.0,1139.63,1,L,0
TXN001632,2023-06-08,2023,6,2,Thursday,Sports,North,Online,SP_036,2,102.01,0.0,204.02,67.38,0,S,0
TXN003808,2023-06-09,2023,6,2,Friday,Home Goods,West,Mobile App,SP_030,10,126.81,0.05,1204.69,484.66,1,L,1
TXN001891,2023-06-09,2023,6,2,Friday,Home Goods,South,Online,SP_025,11,125.91,0.15,1177.26,415.01,1,L,1
TXN001373,2023-06-09,2023,6,2,Friday,Sports,East,Wholesale,SP_032,14,97.34,0.0,1362.76,579.11,0,L,0
TXN003888,2023-06-09,2023,6,2,Friday,Sports,South,Wholesale,SP_008,11,96.16,0.1,951.98,423.38,0,M,1
TXN003051,2023-06-09,2023,6,2,Friday,Books,North,Online,SP_037,3,23.09,0.0,69.27,53.18,0,XS,0
TXN004784,2023-06-09,2023,6,2,Friday,Books,West,Online,SP_026,6,26.51,0.05,151.11,101.46,0,XS,1
TXN004154,2023-06-09,2023,6,2,Friday,Home Goods,West,Wholesale,SP_038,18,117.07,0.15,1791.17,780.77,0,L,1
TXN000868,2023-06-10,2023,6,2,Saturday,Electronics,East,Mobile App,SP_025,7,477.92,0.1,3010.9,940.98,0,L,1
TXN004005,2023-06-10,2023,6,2,Saturday,Home Goods,East,Retail Store,SP_019,17,107.62,0.0,1829.54,697.5,0,L,0
TXN002844,2023-06-10,2023,6,2,Saturday,Home Goods,Central,Wholesale,SP_026,13,104.84,0.05,1294.77,527.22,0,L,1
TXN002882,2023-06-10,2023,6,2,Saturday,Clothing,East,Wholesale,SP_017,8,84.91,0.15,577.39,326.63,0,M,1
TXN004021,2023-06-10,2023,6,2,Saturday,Books,Central,Wholesale,SP_002,7,27.83,0.15,165.59,99.39,0,XS,1
TXN003460,2023-06-10,2023,6,2,Saturday,Home Goods,West,Retail Store,SP_028,14,132.34,0.0,1852.76,872.25,0,L,0
TXN002346,2023-06-10,2023,6,2,Saturday,Clothing,South,Wholesale,SP_034,9,77.79,0.1,630.1,408.44,0,M,1
TXN003846,2023-06-10,2023,6,2,Saturday,Sports,Central,Online,SP_037,9,103.42,0.1,837.7,374.28,0,M,1
TXN002872,2023-06-11,2023,6,2,Sunday,Sports,West,Wholesale,SP_037,8,109.04,0.05,828.7,367.71,0,M,1
TXN000500,2023-06-11,2023,6,2,Sunday,Clothing,South,Wholesale,SP_021,10,67.68,0.15,575.28,335.14,0,M,1
TXN000837,2023-06-11,2023,6,2,Sunday,Books,East,Retail Store,SP_012,8,21.29,0.1,153.29,96.76,1,XS,1
TXN002404,2023-06-11,2023,6,2,Sunday,Electronics,Central,Online,SP_008,5,468.23,0.1,2107.04,516.96,0,L,1
TXN002959,2023-06-11,2023,6,2,Sunday,Clothing,South,Wholesale,SP_012,3,83.25,0.0,249.75,128.22,1,S,0
TXN002258,2023-06-11,2023,6,2,Sunday,Sports,North,Wholesale,SP_014,16,107.94,0.15,1467.98,550.21,0,L,1
TXN002069,2023-06-11,2023,6,2,Sunday,Clothing,West,Online,SP_023,4,75.35,0.2,241.12,141.68,1,S,1
TXN004753,2023-06-11,2023,6,2,Sunday,Sports,East,Mobile App,SP_027,8,94.49,0.15,642.53,278.17,1,M,1
TXN003915,2023-06-11,2023,6,2,Sunday,Sports,North,Online,SP_023,6,108.2,0.0,649.2,273.72,0,M,0
TXN001664,2023-06-12,2023,6,2,Monday,Home Goods,West,Retail Store,SP_012,8,113.51,0.1,817.27,321.56,0,M,1
TXN000914,2023-06-12,2023,6,2,Monday,Clothing,South,Mobile App,SP_012,7,71.5,0.0,500.5,306.84,1,M,0
TXN001187,2023-06-12,2023,6,2,Monday,Books,East,Wholesale,SP_038,7,24.5,0.15,145.78,93.51,0,XS,1
TXN004333,2023-06-12,2023,6,2,Monday,Electronics,East,Online,SP_019,5,431.46,0.0,2157.3,669.09,0,L,0
TXN002639,2023-06-12,2023,6,2,Monday,Home Goods,South,Online,SP_020,11,134.8,0.0,1482.8,687.72,0,L,0
TXN001022,2023-06-13,2023,6,2,Tuesday,Sports,North,Retail Store,SP_011,11,105.63,0.0,1161.93,484.4,1,L,0
TXN001914,2023-06-13,2023,6,2,Tuesday,Books,North,Retail Store,SP_026,8,26.12,0.1,188.06,132.54,0,XS,1
TXN004438,2023-06-13,2023,6,2,Tuesday,Books,South,Mobile App,SP_033,5,21.69,0.0,108.45,65.84,0,XS,0
TXN001390,2023-06-13,2023,6,2,Tuesday,Electronics,West,Mobile App,SP_034,7,459.8,0.15,2735.81,715.73,0,L,1
TXN002960,2023-06-13,2023,6,2,Tuesday,Clothing,South,Online,SP_013,7,81.0,0.0,567.0,342.51,0,M,0
TXN000191,2023-06-13,2023,6,2,Tuesday,Electronics,West,Online,SP_021,1,428.25,0.05,406.84,127.7,0,S,1
TXN000236,2023-06-14,2023,6,2,Wednesday,Sports,West,Mobile App,SP_022,18,94.97,0.2,1367.57,418.26,0,L,1
TXN001796,2023-06-14,2023,6,2,Wednesday,Home Goods,South,Wholesale,SP_033,17,104.41,0.1,1597.47,539.08,0,L,1
TXN004588,2023-06-14,2023,6,2,Wednesday,Clothing,South,Wholesale,SP_024,8,79.66,0.1,573.55,325.71,0,M,1
TXN001468,2023-06-14,2023,6,2,Wednesday,Home Goods,Central,Mobile App,SP_001,10,125.7,0.05,1194.15,426.14,0,L,1
TXN000476,2023-06-14,2023,6,2,Wednesday,Sports,East,Retail Store,SP_036,8,97.35,0.1,700.92,232.96,0,M,1
TXN001478,2023-06-15,2023,6,2,Thursday,Home Goods,Central,Online,SP_006,13,132.19,0.1,1546.62,712.4,1,L,1
TXN004901,2023-06-15,2023,6,2,Thursday,Clothing,Central,Retail Store,SP_032,6,72.33,0.15,368.88,218.06,0,S,1
TXN003288,2023-06-15,2023,6,2,Thursday,Sports,South,Mobile App,SP_012,8,87.65,0.0,701.2,252.12,0,M,0
TXN001243,2023-06-16,2023,6,2,Friday,Clothing,West,Wholesale,SP_011,9,73.37,0.0,660.33,392.47,1,M,0
TXN003586,2023-06-16,2023,6,2,Friday,Sports,Central,Retail Store,SP_027,10,80.86,0.05,768.17,336.04,0,M,1
TXN004628,2023-06-16,2023,6,2,Friday,Electronics,North,Mobile App,SP_012,7,393.26,0.1,2477.54,557.8,0,L,1
TXN002458,2023-06-16,2023,6,2,Friday,Clothing,West,Retail Store,SP_035,5,66.27,0.0,331.35,197.01,1,S,0
TXN003004,2023-06-17,2023,6,2,Saturday,Books,East,Mobile App,SP_029,3,23.88,0.05,68.06,48.68,0,XS,1
TXN002532,2023-06-18,2023,6,2,Sunday,Electronics,South,Retail Store,SP_029,7,454.61,0.0,3182.27,991.89,1,L,0
TXN002007,2023-06-18,2023,6,2,Sunday,Electronics,West,Online,SP_016,8,402.51,0.05,3059.08,833.66,0,L,1
TXN002753,2023-06-19,2023,6,2,Monday,Sports,East,Online,SP_016,8,93.24,0.2,596.74,196.98,0,M,1
TXN000399,2023-06-19,2023,6,2,Monday,Electronics,South,Retail Store,SP_038,4,451.67,0.1,1626.01,427.75,0,L,1
TXN000779,2023-06-19,2023,6,2,Monday,Books,West,Wholesale,SP_030,9,27.67,0.15,211.68,111.83,0,S,1
TXN002220,2023-06-19,2023,6,2,Monday,Home Goods,West,Mobile App,SP_030,8,117.02,0.1,842.54,377.22,0,M,1
TXN004687,2023-06-20,2023,6,2,Tuesday,Electronics,South,Mobile App,SP_014,4,461.18,0.0,1844.72,589.66,0,L,0
TXN001884,2023-06-20,2023,6,2,Tuesday,Electronics,West,Online,SP_029,3,405.38,0.15,1033.72,231.67,0,L,1
TXN002230,2023-06-20,2023,6,2,Tuesday,Home Goods,South,Retail Store,SP_013,13,109.71,0.0,1426.23,702.87,0,L,0
TXN002630,2023-06-21,2023,6,2,Wednesday,Home Goods,Central,Mobile App,SP_037,13,131.31,0.0,1707.03,576.55,0,L,0
TXN001824,2023-06-21,2023,6,2,Wednesday,Sports,North,Online,SP_010,17,98.72,0.1,1510.42,644.4,0,L,1
TXN001642,2023-06-21,2023,6,2,Wednesday,Books,East,Online,SP_036,10,24.65,0.1,221.85,166.67,1,S,1
TXN001128,2023-06-21,2023,6,2,Wednesday,Sports,West,Retail Store,SP_010,11,81.81,0.05,854.91,278.19,0,M,1
TXN002788,2023-06-21,2023,6,2,Wednesday,Sports,West,Wholesale,SP_026,3,85.85,0.15,218.92,93.97,1,S,1
TXN004612,2023-06-21,2023,6,2,Wednesday,Clothing,West,Online,SP_035,16,79.79,0.05,1212.81,771.8,0,L,1
TXN003332,2023-06-21,2023,6,2,Wednesday,Clothing,North,Mobile App,SP_031,6,74.64,0.1,403.06,255.33,0,S,1
TXN000104,2023-06-22,2023,6,2,Thursday,Home Goods,South,Online,SP_017,15,129.4,0.15,1649.85,727.92,0,L,1
TXN002923,2023-06-22,2023,6,2,Thursday,Clothing,West,Retail Store,SP_022,3,64.43,0.05,183.63,107.39,0,XS,1
TXN004245,2023-06-22,2023,6,2,Thursday,Sports,West,Wholesale,SP_030,8,100.05,0.0,800.4,339.69,0,M,0
TXN000945,2023-06-22,2023,6,2,Thursday,Home Goods,East,Retail Store,SP_014,6,127.85,0.05,728.74,360.38,1,M,1
TXN004589,2023-06-23,2023,6,2,Friday,Books,North,Online,SP_008,3,26.43,0.0,79.29,61.06,0,XS,0
TXN000411,2023-06-23,2023,6,2,Friday,Sports,North,Mobile App,SP_013,16,89.69,0.2,1148.03,459.92,0,L,1
TXN004463,2023-06-23,2023,6,2,Friday,Clothing,West,Wholesale,SP_019,6,79.79,0.05,454.8,254.92,1,S,1
TXN002034,2023-06-23,2023,6,2,Friday,Books,Central,Retail Store,SP_029,8,25.01,0.15,170.07,121.42,0,XS,1
TXN001538,2023-06-23,2023,6,2,Friday,Home Goods,East,Online,SP_004,10,128.63,0.05,1221.98,412.58,0,L,1
TXN004799,2023-06-25,2023,6,2,Sunday,Clothing,South,Mobile App,SP_020,11,74.79,0.0,822.69,442.28,0,M,0
TXN000755,2023-06-25,2023,6,2,Sunday,Books,South,Mobile App,SP_003,7,24.38,0.15,145.06,96.76,0,XS,1
TXN001691,2023-06-25,2023,6,2,Sunday,Sports,West,Wholesale,SP_004,11,105.64,0.0,1162.04,453.69,0,L,0
TXN000974,2023-06-25,2023,6,2,Sunday,Books,Central,Wholesale,SP_012,3,25.53,0.1,68.93,49.4,1,XS,1
TXN000071,2023-06-26,2023,6,2,Monday,Books,Central,Mobile App,SP_036,6,22.79,0.05,129.9,73.99,1,XS,1
TXN003804,2023-06-26,2023,6,2,Monday,Electronics,South,Online,SP_004,8,512.69,0.1,3691.37,942.21,0,L,1
TXN003200,2023-06-26,2023,6,2,Monday,Home Goods,North,Mobile App,SP_040,13,125.37,0.1,1466.83,582.67,0,L,1
TXN003340,2023-06-26,2023,6,2,Monday,Electronics,West,Mobile App,SP_014,7,469.46,0.0,3286.22,1033.13,1,L,0
TXN002837,2023-06-26,2023,6,2,Monday,Clothing,Central,Retail Store,SP_034,7,76.69,0.05,509.99,269.79,1,M,1
TXN003475,2023-06-26,2023,6,2,Monday,Home Goods,West,Online,SP_013,8,112.32,0.05,853.63,347.74,0,M,1
TXN003693,2023-06-27,2023,6,2,Tuesday,Clothing,South,Retail Store,SP_001,3,83.84,0.1,226.37,105.9,0,S,1
TXN004855,2023-06-27,2023,6,2,Tuesday,Sports,South,Wholesale,SP_013,13,80.79,0.1,945.24,287.5,0,M,1
TXN000588,2023-06-27,2023,6,2,Tuesday,Clothing,East,Retail Store,SP_013,7,64.2,0.0,449.4,272.16,1,S,0
TXN001038,2023-06-28,2023,6,2,Wednesday,Clothing,North,Mobile App,SP_013,9,84.23,0.05,720.17,360.29,0,M,1
TXN004286,2023-06-28,2023,6,2,Wednesday,Electronics,East,Retail Store,SP_002,6,415.38,0.15,2118.44,491.44,0,L,1
TXN003834,2023-06-28,2023,6,2,Wednesday,Sports,West,Online,SP_016,11,107.27,0.1,1061.97,424.9,0,L,1
TXN003190,2023-06-28,2023,6,2,Wednesday,Books,North,Mobile App,SP_009,10,23.02,0.1,207.18,122.31,0,S,1
TXN002316,2023-06-28,2023,6,2,Wednesday,Clothing,South,Retail Store,SP_025,14,77.87,0.0,1090.18,570.98,0,L,0
TXN000459,2023-06-28,2023,6,2,Wednesday,Clothing,North,Wholesale,SP_008,7,64.43,0.0,451.01,282.17,0,S,0
TXN003247,2023-06-28,2023,6,2,Wednesday,Sports,South,Online,SP_035,6,96.37,0.0,578.22,229.21,0,M,0
TXN002732,2023-06-29,2023,6,2,Thursday,Home Goods,North,Mobile App,SP_024,11,120.87,0.05,1263.09,591.9,0,L,1
TXN004587,2023-06-29,2023,6,2,Thursday,Home Goods,East,Wholesale,SP_002,18,130.32,0.05,2228.47,902.14,0,L,1
TXN002613,2023-06-29,2023,6,2,Thursday,Electronics,South,Wholesale,SP_007,6,434.6,0.0,2607.6,739.11,1,L,0
TXN000394,2023-06-29,2023,6,2,Thursday,Sports,South,Online,SP_037,11,107.6,0.0,1183.6,413.48,0,L,0
TXN002192,2023-06-29,2023,6,2,Thursday,Sports,South,Mobile App,SP_040,11,97.93,0.1,969.51,298.77,1,M,1
TXN000215,2023-06-29,2023,6,2,Thursday,Books,East,Mobile App,SP_015,11,25.02,0.05,261.46,166.51,0,S,1
TXN001186,2023-06-30,2023,6,2,Friday,Clothing,South,Retail Store,SP_003,6,64.46,0.0,386.76,226.54,0,S,0
TXN002598,2023-06-30,2023,6,2,Friday,Electronics,Central,Wholesale,SP_033,7,396.59,0.0,2776.13,645.01,0,L,0
TXN002980,2023-06-30,2023,6,2,Friday,Sports,North,Mobile App,SP_033,5,81.11,0.1,365.0,111.35,0,S,1
TXN002349,2023-07-01,2023,7,3,Saturday,Home Goods,East,Wholesale,SP_039,4,110.94,0.0,443.76,163.41,0,S,0
TXN004548,2023-07-01,2023,7,3,Saturday,Clothing,Central,Retail Store,SP_004,6,72.09,0.05,410.91,209.01,1,S,1
TXN000415,2023-07-01,2023,7,3,Saturday,Electronics,North,Wholesale,SP_008,3,383.32,0.2,919.97,255.93,0,M,1
TXN004716,2023-07-01,2023,7,3,Saturday,Clothing,West,Retail Store,SP_035,11,64.57,0.0,710.27,344.78,0,M,0
TXN001675,2023-07-01,2023,7,3,Saturday,Books,South,Mobile App,SP_019,6,23.0,0.15,117.3,80.3,0,XS,1
TXN000310,2023-07-02,2023,7,3,Sunday,Electronics,West,Retail Store,SP_033,7,458.88,0.05,3051.55,1001.1,0,L,1
TXN000953,2023-07-02,2023,7,3,Sunday,Electronics,Central,Mobile App,SP_013,7,397.86,0.05,2645.77,633.78,0,L,1
TXN002059,2023-07-03,2023,7,3,Monday,Electronics,North,Wholesale,SP_038,5,400.24,0.1,1801.08,484.38,0,L,1
TXN002815,2023-07-04,2023,7,3,Tuesday,Clothing,North,Retail Store,SP_001,7,82.17,0.05,546.43,315.4,0,M,1
TXN004888,2023-07-04,2023,7,3,Tuesday,Electronics,South,Online,SP_031,3,511.42,0.0,1534.26,434.58,1,L,0
TXN002029,2023-07-04,2023,7,3,Tuesday,Sports,East,Retail Store,SP_019,11,89.11,0.0,980.21,416.49,0,M,0
TXN002086,2023-07-04,2023,7,3,Tuesday,Sports,Central,Retail Store,SP_039,22,107.64,0.05,2249.68,855.13,0,L,1
TXN001788,2023-07-04,2023,7,3,Tuesday,Home Goods,East,Online,SP_039,4,133.2,0.0,532.8,227.74,0,M,0
TXN003143,2023-07-04,2023,7,3,Tuesday,Home Goods,West,Wholesale,SP_019,5,121.44,0.05,576.84,200.44,0,M,1
TXN003001,2023-07-05,2023,7,3,Wednesday,Home Goods,North,Online,SP_001,8,119.34,0.0,954.72,354.26,0,M,0
TXN000565,2023-07-05,2023,7,3,Wednesday,Home Goods,North,Mobile App,SP_002,4,121.99,0.0,487.96,207.2,0,S,0
TXN001331,2023-07-05,2023,7,3,Wednesday,Home Goods,North,Online,SP_009,8,121.26,0.05,921.58,380.77,0,M,1
TXN004993,2023-07-05,2023,7,3,Wednesday,Clothing,Central,Retail Store,SP_018,6,75.63,0.1,408.4,191.45,0,S,1
TXN002497,2023-07-06,2023,7,3,Thursday,Home Goods,North,Online,SP_040,5,135.82,0.0,679.1,263.32,0,M,0
TXN004582,2023-07-06,2023,7,3,Thursday,Sports,Central,Online,SP_025,12,91.21,0.1,985.07,327.99,1,M,1
TXN004273,2023-07-06,2023,7,3,Thursday,Home Goods,East,Retail Store,SP_004,7,122.0,0.0,854.0,381.09,0,M,0
TXN004017,2023-07-07,2023,7,3,Friday,Electronics,East,Mobile App,SP_031,8,436.98,0.1,3146.26,833.17,0,L,1
TXN002940,2023-07-07,2023,7,3,Friday,Sports,East,Retail Store,SP_026,22,98.2,0.05,2052.38,719.38,0,L,1
TXN002729,2023-07-07,2023,7,3,Friday,Clothing,Central,Retail Store,SP_017,15,81.39,0.15,1037.72,616.5,0,L,1
TXN004992,2023-07-08,2023,7,3,Saturday,Clothing,Central,Wholesale,SP_029,6,70.97,0.1,383.24,200.11,0,S,1
TXN004730,2023-07-08,2023,7,3,Saturday,Sports,North,Retail Store,SP_003,16,87.3,0.15,1187.28,488.15,0,L,1
TXN000360,2023-07-09,2023,7,3,Sunday,Books,Central,Mobile App,SP_007,8,25.76,0.0,206.08,138.33,0,S,0
TXN003371,2023-07-09,2023,7,3,Sunday,Electronics,South,Wholesale,SP_016,2,502.25,0.0,1004.5,235.14,1,L,0
TXN002342,2023-07-10,2023,7,3,Monday,Clothing,Central,Retail Store,SP_003,7,75.3,0.0,527.1,245.13,0,M,0
TXN004808,2023-07-10,2023,7,3,Monday,Sports,North,Retail Store,SP_029,13,102.76,0.0,1335.88,437.98,0,L,0
TXN002460,2023-07-10,2023,7,3,Monday,Electronics,West,Mobile App,SP_026,6,505.27,0.1,2728.46,767.18,0,L,1
TXN000892,2023-07-10,2023,7,3,Monday,Electronics,North,Wholesale,SP_004,8,449.21,0.0,3593.68,1054.64,0,L,0
TXN001472,2023-07-10,2023,7,3,Monday,Books,North,Online,SP_014,5,28.71,0.1,129.2,77.34,0,XS,1
TXN003086,2023-07-10,2023,7,3,Monday,Electronics,East,Online,SP_015,7,425.17,0.1,2678.57,829.75,0,L,1
TXN001082,2023-07-11,2023,7,3,Tuesday,Books,East,Wholesale,SP_012,4,28.14,0.0,112.56,70.25,1,XS,0
TXN000851,2023-07-11,2023,7,3,Tuesday,Sports,East,Retail Store,SP_012,5,85.09,0.05,404.18,178.91,1,S,1
TXN004779,2023-07-12,2023,7,3,Wednesday,Clothing,Central,Mobile App,SP_034,6,80.46,0.05,458.62,226.82,0,S,1
TXN003494,2023-07-12,2023,7,3,Wednesday,Sports,South,Retail Store,SP_013,10,88.24,0.1,794.16,322.51,0,M,1
TXN001828,2023-07-12,2023,7,3,Wednesday,Home Goods,Central,Wholesale,SP_039,9,117.09,0.0,1053.81,440.12,1,L,0
TXN003563,2023-07-12,2023,7,3,Wednesday,Books,West,Online,SP_010,13,26.31,0.0,342.03,204.84,0,S,0
TXN000356,2023-07-12,2023,7,3,Wednesday,Sports,South,Wholesale,SP_036,10,98.24,0.15,835.04,367.82,0,M,1
TXN003784,2023-07-13,2023,7,3,Thursday,Books,East,Online,SP_006,11,24.7,0.2,217.36,128.54,0,S,1
TXN004397,2023-07-13,2023,7,3,Thursday,Home Goods,South,Online,SP_036,7,124.95,0.0,874.65,392.07,0,M,0
TXN002661,2023-07-13,2023,7,3,Thursday,Sports,West,Retail Store,SP_016,11,85.7,0.1,848.43,267.59,0,M,1
TXN001498,2023-07-13,2023,7,3,Thursday,Clothing,South,Wholesale,SP_001,8,65.47,0.15,445.2,290.04,0,S,1
TXN003916,2023-07-14,2023,7,3,Friday,Sports,North,Mobile App,SP_019,16,99.02,0.0,1584.32,583.67,0,L,0
TXN004511,2023-07-15,2023,7,3,Saturday,Home Goods,Central,Online,SP_026,8,122.57,0.0,980.56,416.82,0,M,0
TXN001963,2023-07-15,2023,7,3,Saturday,Home Goods,Central,Wholesale,SP_022,6,133.97,0.0,803.82,314.21,0,M,0
TXN002646,2023-07-15,2023,7,3,Saturday,Sports,West,Mobile App,SP_020,12,96.2,0.05,1096.68,353.94,0,L,1
TXN002022,2023-07-16,2023,7,3,Sunday,Home Goods,Central,Mobile App,SP_004,4,121.99,0.0,487.96,166.38,0,S,0
TXN001159,2023-07-17,2023,7,3,Monday,Home Goods,South,Wholesale,SP_022,5,111.03,0.0,555.15,210.11,0,M,0
TXN003568,2023-07-17,2023,7,3,Monday,Clothing,Central,Retail Store,SP_029,10,64.0,0.0,640.0,298.95,0,M,0
TXN002826,2023-07-17,2023,7,3,Monday,Clothing,Central,Mobile App,SP_026,10,82.16,0.1,739.44,414.6,0,M,1
TXN003163,2023-07-17,2023,7,3,Monday,Electronics,Central,Mobile App,SP_027,4,442.78,0.1,1594.01,429.45,0,L,1
TXN002819,2023-07-17,2023,7,3,Monday,Books,West,Retail Store,SP_030,9,21.52,0.0,193.68,142.33,0,XS,0
TXN002203,2023-07-17,2023,7,3,Monday,Clothing,East,Retail Store,SP_028,6,77.33,0.0,463.98,302.2,0,S,0
TXN002574,2023-07-17,2023,7,3,Monday,Electronics,South,Online,SP_030,9,421.02,0.1,3410.26,1067.23,0,L,1
TXN001068,2023-07-17,2023,7,3,Monday,Home Goods,Central,Retail Store,SP_014,5,130.58,0.15,554.97,211.29,0,M,1
TXN000640,2023-07-18,2023,7,3,Tuesday,Books,Central,Online,SP_015,8,25.32,0.0,202.56,113.13,1,S,0
TXN001666,2023-07-18,2023,7,3,Tuesday,Sports,East,Mobile App,SP_012,12,82.04,0.05,935.26,313.01,0,M,1
TXN000174,2023-07-18,2023,7,3,Tuesday,Sports,West,Online,SP_021,16,102.75,0.05,1561.8,481.24,0,L,1
TXN002522,2023-07-18,2023,7,3,Tuesday,Sports,Central,Retail Store,SP_007,6,97.81,0.0,586.86,235.65,0,M,0
TXN001909,2023-07-18,2023,7,3,Tuesday,Books,East,Mobile App,SP_008,10,28.04,0.1,252.36,168.44,0,S,1
TXN003746,2023-07-18,2023,7,3,Tuesday,Home Goods,South,Retail Store,SP_016,5,136.79,0.1,615.55,300.01,1,M,1
TXN002461,2023-07-18,2023,7,3,Tuesday,Sports,North,Mobile App,SP_032,26,95.28,0.0,2477.28,1001.75,0,L,0
TXN004684,2023-07-19,2023,7,3,Wednesday,Home Goods,South,Wholesale,SP_030,4,125.22,0.0,500.88,222.69,1,M,0
TXN001046,2023-07-19,2023,7,3,Wednesday,Sports,North,Retail Store,SP_014,17,82.79,0.0,1407.43,437.18,0,L,0
TXN000787,2023-07-19,2023,7,3,Wednesday,Books,South,Mobile App,SP_006,6,26.0,0.0,156.0,114.0,0,XS,0
TXN000857,2023-07-19,2023,7,3,Wednesday,Books,West,Wholesale,SP_027,9,25.09,0.0,225.81,136.19,0,S,0
TXN000794,2023-07-19,2023,7,3,Wednesday,Sports,West,Online,SP_039,19,105.73,0.05,1908.43,638.66,0,L,1
TXN001434,2023-07-20,2023,7,3,Thursday,Books,East,Wholesale,SP_015,4,28.56,0.05,108.53,74.55,1,XS,1
TXN003698,2023-07-20,2023,7,3,Thursday,Home Goods,South,Online,SP_012,6,118.44,0.0,710.64,353.55,0,M,0
TXN003329,2023-07-20,2023,7,3,Thursday,Books,West,Online,SP_019,8,28.02,0.2,179.33,138.48,0,XS,1
TXN003024,2023-07-20,2023,7,3,Thursday,Home Goods,East,Mobile App,SP_015,6,102.55,0.1,553.77,225.25,0,M,1
TXN001481,2023-07-21,2023,7,3,Friday,Books,West,Online,SP_013,6,26.69,0.15,136.12,92.44,0,XS,1
TXN000036,2023-07-21,2023,7,3,Friday,Home Goods,West,Mobile App,SP_010,4,127.23,0.0,508.92,177.22,1,M,0
TXN004975,2023-07-21,2023,7,3,Friday,Books,South,Wholesale,SP_029,3,26.65,0.05,75.95,49.48,0,XS,1
TXN004457,2023-07-23,2023,7,3,Sunday,Electronics,South,Mobile App,SP_010,4,452.68,0.2,1448.58,337.45,0,L,1
TXN004240,2023-07-23,2023,7,3,Sunday,Clothing,South,Mobile App,SP_037,7,78.22,0.0,547.54,325.9,0,M,0
TXN004484,2023-07-23,2023,7,3,Sunday,Sports,East,Retail Store,SP_023,11,88.27,0.15,825.32,370.35,0,M,1
TXN004404,2023-07-23,2023,7,3,Sunday,Sports,North,Online,SP_029,17,100.51,0.05,1623.24,569.55,0,L,1
TXN003323,2023-07-23,2023,7,3,Sunday,Books,Central,Wholesale,SP_018,8,21.91,0.0,175.28,118.24,1,XS,0
TXN000850,2023-07-23,2023,7,3,Sunday,Books,West,Retail Store,SP_030,4,22.01,0.05,83.64,49.15,0,XS,1
TXN002913,2023-07-24,2023,7,3,Monday,Home Goods,North,Mobile App,SP_028,7,124.61,0.0,872.27,306.86,0,M,0
TXN000555,2023-07-24,2023,7,3,Monday,Home Goods,West,Mobile App,SP_027,4,129.18,0.05,490.88,243.71,0,S,1
TXN002688,2023-07-26,2023,7,3,Wednesday,Sports,South,Online,SP_024,8,104.89,0.1,755.21,317.78,0,M,1
TXN001105,2023-07-26,2023,7,3,Wednesday,Electronics,North,Online,SP_036,3,407.13,0.0,1221.39,357.51,1,L,0
TXN001129,2023-07-27,2023,7,3,Thursday,Clothing,Central,Online,SP_014,11,66.18,0.05,691.58,446.56,1,M,1
TXN004392,2023-07-27,2023,7,3,Thursday,Home Goods,West,Wholesale,SP_004,5,110.54,0.05,525.07,180.76,0,M,1
TXN000233,2023-07-27,2023,7,3,Thursday,Electronics,East,Retail Store,SP_003,7,440.93,0.1,2777.86,635.9,0,L,1
TXN002928,2023-07-27,2023,7,3,Thursday,Books,North,Retail Store,SP_023,5,23.76,0.2,95.04,56.0,0,XS,1
TXN004361,2023-07-28,2023,7,3,Friday,Clothing,Central,Mobile App,SP_009,7,77.34,0.0,541.38,253.21,1,M,0
TXN002041,2023-07-28,2023,7,3,Friday,Electronics,East,Online,SP_009,6,447.91,0.15,2284.34,687.44,0,L,1
TXN001827,2023-07-28,2023,7,3,Friday,Sports,South,Wholesale,SP_022,11,106.6,0.0,1172.6,457.42,0,L,0
TXN004636,2023-07-28,2023,7,3,Friday,Electronics,East,Online,SP_007,7,404.04,0.05,2686.87,679.55,0,L,1
TXN000502,2023-07-28,2023,7,3,Friday,Electronics,Central,Mobile App,SP_008,6,512.86,0.05,2923.3,766.65,1,L,1
TXN001050,2023-07-28,2023,7,3,Friday,Electronics,North,Mobile App,SP_009,5,445.76,0.15,1894.48,514.51,0,L,1
TXN002992,2023-07-28,2023,7,3,Friday,Books,East,Retail Store,SP_026,7,23.56,0.1,148.43,78.81,0,XS,1
TXN001232,2023-07-29,2023,7,3,Saturday,Home Goods,South,Online,SP_010,5,108.05,0.05,513.24,202.23,0,M,1
TXN000735,2023-07-29,2023,7,3,Saturday,Sports,North,Retail Store,SP_012,7,91.34,0.05,607.41,226.1,0,M,1
TXN000603,2023-07-30,2023,7,3,Sunday,Home Goods,North,Online,SP_005,10,133.66,0.0,1336.6,541.17,0,L,0
TXN000519,2023-07-30,2023,7,3,Sunday,Home Goods,South,Mobile App,SP_020,5,105.68,0.1,475.56,192.58,0,S,1
TXN000346,2023-07-30,2023,7,3,Sunday,Books,South,Retail Store,SP_020,7,25.0,0.1,157.5,84.74,0,XS,1
TXN003308,2023-07-31,2023,7,3,Monday,Clothing,West,Mobile App,SP_025,6,68.73,0.05,391.76,184.1,0,S,1
TXN004287,2023-07-31,2023,7,3,Monday,Home Goods,North,Wholesale,SP_012,3,132.34,0.0,397.02,151.52,0,S,0
TXN003527,2023-07-31,2023,7,3,Monday,Sports,East,Mobile App,SP_030,4,85.06,0.0,340.24,154.82,0,S,0
TXN004817,2023-07-31,2023,7,3,Monday,Sports,Central,Online,SP_006,8,92.78,0.05,705.13,317.87,0,M,1
TXN003442,2023-08-01,2023,8,3,Tuesday,Home Goods,Central,Mobile App,SP_039,8,102.44,0.0,819.52,408.7,0,M,0
TXN002546,2023-08-01,2023,8,3,Tuesday,Sports,West,Retail Store,SP_004,17,107.68,0.0,1830.56,579.33,0,L,0
TXN002610,2023-08-01,2023,8,3,Tuesday,Books,West,Retail Store,SP_019,8,22.1,0.05,167.96,107.61,0,XS,1
TXN002227,2023-08-01,2023,8,3,Tuesday,Home Goods,Central,Wholesale,SP_019,4,103.3,0.0,413.2,144.75,0,S,0
TXN003459,2023-08-01,2023,8,3,Tuesday,Electronics,Central,Online,SP_034,5,410.84,0.05,1951.49,451.16,0,L,1
TXN002795,2023-08-02,2023,8,3,Wednesday,Electronics,West,Retail Store,SP_026,7,403.81,0.15,2402.67,724.88,1,L,1
TXN003873,2023-08-02,2023,8,3,Wednesday,Sports,East,Mobile App,SP_001,10,100.03,0.15,850.25,355.54,0,M,1
TXN001937,2023-08-02,2023,8,3,Wednesday,Books,Central,Online,SP_026,7,27.53,0.1,173.44,125.55,0,XS,1
TXN001452,2023-08-02,2023,8,3,Wednesday,Home Goods,West,Wholesale,SP_029,6,118.98,0.1,642.49,242.19,1,M,1
TXN001568,2023-08-03,2023,8,3,Thursday,Books,South,Mobile App,SP_028,11,27.12,0.0,298.32,167.58,0,S,0
TXN000871,2023-08-03,2023,8,3,Thursday,Clothing,Central,Retail Store,SP_034,5,79.05,0.0,395.25,232.09,0,S,0
TXN004038,2023-08-03,2023,8,3,Thursday,Sports,West,Retail Store,SP_027,10,85.69,0.15,728.37,235.89,0,M,1
TXN004690,2023-08-03,2023,8,3,Thursday,Electronics,North,Mobile App,SP_007,10,441.81,0.1,3976.29,1017.84,0,L,1
TXN002063,2023-08-04,2023,8,3,Friday,Home Goods,West,Mobile App,SP_030,7,106.3,0.05,706.89,256.64,1,M,1
TXN000081,2023-08-04,2023,8,3,Friday,Clothing,North,Wholesale,SP_025,6,80.36,0.0,482.16,220.93,0,S,0
TXN002895,2023-08-04,2023,8,3,Friday,Home Goods,West,Wholesale,SP_034,9,119.96,0.1,971.68,396.87,0,M,1
TXN004688,2023-08-04,2023,8,3,Friday,Electronics,North,Wholesale,SP_039,5,449.08,0.05,2133.13,677.33,0,L,1
TXN004540,2023-08-05,2023,8,3,Saturday,Electronics,North,Wholesale,SP_007,6,496.76,0.0,2980.56,844.89,1,L,0
TXN003796,2023-08-05,2023,8,3,Saturday,Clothing,West,Mobile App,SP_028,4,64.37,0.05,244.61,107.74,0,S,1
TXN001802,2023-08-05,2023,8,3,Saturday,Sports,South,Retail Store,SP_025,17,106.74,0.0,1814.58,651.81,1,L,0
TXN000383,2023-08-05,2023,8,3,Saturday,Clothing,West,Retail Store,SP_012,5,77.6,0.05,368.6,168.8,0,S,1
TXN003046,2023-08-06,2023,8,3,Sunday,Books,Central,Online,SP_009,5,24.0,0.0,120.0,86.15,0,XS,0
TXN002175,2023-08-06,2023,8,3,Sunday,Books,Central,Retail Store,SP_008,3,22.14,0.1,59.78,40.44,0,XS,1
TXN004879,2023-08-07,2023,8,3,Monday,Books,Central,Mobile App,SP_014,15,22.93,0.1,309.56,207.98,0,S,1
TXN004458,2023-08-07,2023,8,3,Monday,Sports,North,Online,SP_011,19,81.49,0.0,1548.31,506.54,0,L,0
TXN004100,2023-08-07,2023,8,3,Monday,Electronics,South,Wholesale,SP_006,7,505.19,0.0,3536.33,935.62,1,L,0
TXN002455,2023-08-07,2023,8,3,Monday,Sports,Central,Retail Store,SP_012,15,82.83,0.0,1242.45,485.77,0,L,0
TXN002529,2023-08-07,2023,8,3,Monday,Sports,South,Retail Store,SP_026,13,108.19,0.0,1406.47,431.95,0,L,0
TXN000327,2023-08-07,2023,8,3,Monday,Electronics,Central,Mobile App,SP_027,13,481.25,0.05,5943.44,1880.15,1,XL,1
TXN002318,2023-08-08,2023,8,3,Tuesday,Clothing,North,Online,SP_030,4,79.48,0.05,302.02,155.82,0,S,1
TXN001272,2023-08-08,2023,8,3,Tuesday,Home Goods,West,Wholesale,SP_025,6,104.85,0.05,597.64,212.62,0,M,1
TXN003121,2023-08-08,2023,8,3,Tuesday,Sports,North,Online,SP_033,13,94.97,0.05,1172.88,497.05,0,L,1
TXN001242,2023-08-09,2023,8,3,Wednesday,Sports,West,Online,SP_006,15,90.3,0.05,1286.77,391.44,0,L,1
TXN001811,2023-08-09,2023,8,3,Wednesday,Home Goods,West,Retail Store,SP_012,4,107.31,0.05,407.78,152.08,1,S,1
TXN001844,2023-08-09,2023,8,3,Wednesday,Electronics,Central,Online,SP_021,9,480.58,0.1,3892.7,1284.89,1,L,1
TXN000927,2023-08-09,2023,8,3,Wednesday,Electronics,North,Mobile App,SP_022,10,409.24,0.05,3887.78,882.1,0,L,1
TXN000198,2023-08-09,2023,8,3,Wednesday,Books,Central,Mobile App,SP_037,6,26.44,0.05,150.71,95.22,0,XS,1
TXN003666,2023-08-09,2023,8,3,Wednesday,Electronics,South,Online,SP_019,7,447.19,0.0,3130.33,1014.3,1,L,0
TXN000093,2023-08-10,2023,8,3,Thursday,Books,Central,Mobile App,SP_022,5,21.68,0.0,108.4,83.68,0,XS,0
TXN001688,2023-08-10,2023,8,3,Thursday,Home Goods,North,Wholesale,SP_026,5,115.28,0.1,518.76,193.08,0,M,1
TXN004774,2023-08-10,2023,8,3,Thursday,Clothing,West,Online,SP_038,6,82.57,0.05,470.65,229.41,0,S,1
TXN004729,2023-08-11,2023,8,3,Friday,Books,North,Retail Store,SP_040,3,27.24,0.0,81.72,56.23,0,XS,0
TXN004517,2023-08-12,2023,8,3,Saturday,Sports,North,Retail Store,SP_021,8,106.36,0.1,765.79,267.75,0,M,1
TXN002385,2023-08-12,2023,8,3,Saturday,Books,North,Wholesale,SP_003,8,25.43,0.0,203.44,152.84,0,S,0
TXN002537,2023-08-12,2023,8,3,Saturday,Books,Central,Mobile App,SP_023,11,22.38,0.1,221.56,119.92,0,S,1
TXN003116,2023-08-12,2023,8,3,Saturday,Books,East,Online,SP_009,15,22.31,0.0,334.65,201.41,0,S,0
TXN001736,2023-08-13,2023,8,3,Sunday,Home Goods,West,Retail Store,SP_040,6,131.9,0.05,751.83,271.24,0,M,1
TXN003185,2023-08-14,2023,8,3,Monday,Books,West,Online,SP_007,7,21.25,0.15,126.44,97.43,0,XS,1
TXN000265,2023-08-14,2023,8,3,Monday,Electronics,East,Mobile App,SP_016,11,421.97,0.0,4641.67,1270.51,1,L,0
TXN001172,2023-08-14,2023,8,3,Monday,Sports,East,Online,SP_015,12,83.41,0.0,1000.92,336.36,0,L,0
TXN004052,2023-08-14,2023,8,3,Monday,Electronics,Central,Online,SP_005,2,396.83,0.0,793.66,178.45,0,M,0
TXN001267,2023-08-15,2023,8,3,Tuesday,Home Goods,South,Retail Store,SP_016,7,131.78,0.05,876.34,393.18,0,M,1
TXN002659,2023-08-15,2023,8,3,Tuesday,Home Goods,South,Retail Store,SP_005,3,137.64,0.0,412.92,162.64,0,S,0
TXN002447,2023-08-15,2023,8,3,Tuesday,Books,North,Mobile App,SP_001,10,28.41,0.0,284.1,190.22,0,S,0
TXN004997,2023-08-15,2023,8,3,Tuesday,Sports,Central,Online,SP_022,9,90.02,0.15,688.65,245.2,0,M,1
TXN004045,2023-08-15,2023,8,3,Tuesday,Home Goods,North,Wholesale,SP_039,7,127.31,0.05,846.61,413.15,0,M,1
TXN004165,2023-08-16,2023,8,3,Wednesday,Clothing,Central,Wholesale,SP_010,7,69.92,0.0,489.44,270.53,1,S,0
TXN001017,2023-08-16,2023,8,3,Wednesday,Home Goods,Central,Mobile App,SP_037,8,114.19,0.1,822.17,380.81,1,M,1
TXN003911,2023-08-16,2023,8,3,Wednesday,Books,South,Mobile App,SP_022,6,21.77,0.1,117.56,71.29,0,XS,1
TXN001211,2023-08-16,2023,8,3,Wednesday,Sports,West,Wholesale,SP_032,6,93.23,0.0,559.38,217.21,0,M,0
TXN000251,2023-08-16,2023,8,3,Wednesday,Books,South,Online,SP_005,7,25.54,0.0,178.78,131.68,0,XS,0
TXN004794,2023-08-16,2023,8,3,Wednesday,Clothing,West,Mobile App,SP_015,5,70.96,0.1,319.32,178.88,0,S,1
TXN001723,2023-08-18,2023,8,3,Friday,Books,South,Online,SP_023,4,22.85,0.05,86.83,64.73,0,XS,1
TXN001350,2023-08-18,2023,8,3,Friday,Books,East,Wholesale,SP_028,4,24.23,0.05,92.07,53.38,0,XS,1
TXN000830,2023-08-18,2023,8,3,Friday,Electronics,West,Wholesale,SP_030,9,485.22,0.05,4148.63,1387.45,0,L,1
TXN000216,2023-08-19,2023,8,3,Saturday,Clothing,East,Mobile App,SP_030,10,69.86,0.1,628.74,345.35,0,M,1
TXN000562,2023-08-20,2023,8,3,Sunday,Sports,South,Online,SP_032,16,102.31,0.0,1636.96,695.23,0,L,0
TXN004788,2023-08-20,2023,8,3,Sunday,Sports,South,Retail Store,SP_007,17,108.01,0.0,1836.17,733.2,0,L,0
TXN004290,2023-08-21,2023,8,3,Monday,Sports,South,Mobile App,SP_030,15,83.89,0.05,1195.43,487.21,0,L,1
TXN002370,2023-08-21,2023,8,3,Monday,Electronics,West,Retail Store,SP_016,8,429.08,0.05,3261.01,1042.71,0,L,1
TXN004632,2023-08-21,2023,8,3,Monday,Clothing,North,Retail Store,SP_030,6,66.97,0.0,401.82,193.57,0,S,0
TXN000270,2023-08-22,2023,8,3,Tuesday,Home Goods,Central,Online,SP_007,7,107.95,0.05,717.87,241.44,0,M,1
TXN000118,2023-08-22,2023,8,3,Tuesday,Books,West,Wholesale,SP_012,6,26.23,0.2,125.9,81.0,0,XS,1
TXN000055,2023-08-22,2023,8,3,Tuesday,Clothing,South,Mobile App,SP_023,5,67.37,0.0,336.85,162.04,0,S,0
TXN002775,2023-08-22,2023,8,3,Tuesday,Clothing,North,Mobile App,SP_036,2,74.65,0.05,141.84,88.55,0,XS,1
TXN004527,2023-08-22,2023,8,3,Tuesday,Home Goods,North,Retail Store,SP_027,2,136.9,0.2,219.04,109.08,0,S,1
TXN003573,2023-08-23,2023,8,3,Wednesday,Home Goods,West,Retail Store,SP_008,4,120.13,0.0,480.52,178.04,0,S,0
TXN001741,2023-08-23,2023,8,3,Wednesday,Books,West,Mobile App,SP_012,11,26.44,0.05,276.3,161.73,0,S,1
TXN004835,2023-08-23,2023,8,3,Wednesday,Sports,East,Wholesale,SP_025,11,97.63,0.0,1073.93,471.5,0,L,0
TXN001926,2023-08-23,2023,8,3,Wednesday,Clothing,West,Wholesale,SP_008,5,68.17,0.05,323.81,181.84,0,S,1
TXN004905,2023-08-24,2023,8,3,Thursday,Sports,East,Online,SP_030,11,108.25,0.0,1190.75,503.25,0,L,0
TXN003800,2023-08-25,2023,8,3,Friday,Clothing,North,Mobile App,SP_015,9,68.31,0.05,584.05,306.24,0,M,1
TXN001854,2023-08-25,2023,8,3,Friday,Electronics,East,Retail Store,SP_037,7,441.92,0.1,2784.1,711.57,0,L,1
TXN002723,2023-08-26,2023,8,3,Saturday,Electronics,West,Online,SP_040,9,502.29,0.1,4068.55,938.38,0,L,1
TXN004749,2023-08-26,2023,8,3,Saturday,Electronics,Central,Online,SP_029,7,453.32,0.0,3173.24,720.5,0,L,0
TXN003414,2023-08-27,2023,8,3,Sunday,Electronics,North,Wholesale,SP_001,6,412.11,0.05,2349.03,589.24,0,L,1
TXN000713,2023-08-27,2023,8,3,Sunday,Sports,East,Wholesale,SP_011,15,108.02,0.05,1539.28,584.7,1,L,1
TXN000505,2023-08-27,2023,8,3,Sunday,Electronics,South,Wholesale,SP_026,7,455.07,0.0,3185.49,918.98,0,L,0
TXN003483,2023-08-28,2023,8,3,Monday,Home Goods,Central,Retail Store,SP_028,12,105.99,0.05,1208.29,571.89,1,L,1
TXN002243,2023-08-28,2023,8,3,Monday,Electronics,East,Wholesale,SP_008,10,443.89,0.0,4438.9,1220.7,0,L,0
TXN000692,2023-08-28,2023,8,3,Monday,Books,North,Online,SP_026,7,27.27,0.05,181.35,117.24,0,XS,1
TXN002320,2023-08-28,2023,8,3,Monday,Books,North,Mobile App,SP_023,12,24.17,0.0,290.04,198.55,1,S,0
TXN004880,2023-08-28,2023,8,3,Monday,Sports,East,Wholesale,SP_009,13,101.14,0.05,1249.08,438.21,0,L,1
TXN001316,2023-08-28,2023,8,3,Monday,Home Goods,West,Mobile App,SP_005,4,117.57,0.05,446.77,181.53,0,S,1
TXN003538,2023-08-29,2023,8,3,Tuesday,Electronics,West,Online,SP_010,7,388.0,0.15,2308.6,553.02,0,L,1
TXN004916,2023-08-29,2023,8,3,Tuesday,Electronics,East,Retail Store,SP_025,7,449.44,0.0,3146.08,754.08,0,L,0
TXN004266,2023-08-29,2023,8,3,Tuesday,Books,West,Wholesale,SP_020,6,26.52,0.0,159.12,96.26,1,XS,0
TXN000908,2023-08-30,2023,8,3,Wednesday,Sports,South,Retail Store,SP_003,4,100.1,0.0,400.4,135.79,0,S,0
TXN003114,2023-08-30,2023,8,3,Wednesday,Clothing,West,Online,SP_014,7,67.05,0.1,422.41,188.06,0,S,1
TXN000072,2023-08-31,2023,8,3,Thursday,Sports,East,Retail Store,SP_018,7,93.31,0.1,587.85,214.52,0,M,1
TXN004033,2023-08-31,2023,8,3,Thursday,Electronics,South,Mobile App,SP_021,4,401.84,0.05,1526.99,452.35,1,L,1
TXN003184,2023-08-31,2023,8,3,Thursday,Electronics,South,Online,SP_032,6,504.41,0.1,2723.81,625.62,0,L,1
TXN003334,2023-09-01,2023,9,3,Friday,Books,East,Online,SP_040,7,28.11,0.0,196.77,107.26,0,XS,0
TXN000717,2023-09-01,2023,9,3,Friday,Books,South,Wholesale,SP_006,4,28.46,0.0,113.84,66.5,0,XS,0
TXN001759,2023-09-01,2023,9,3,Friday,Clothing,West,Wholesale,SP_024,9,70.66,0.05,604.14,286.3,0,M,1
TXN003032,2023-09-01,2023,9,3,Friday,Clothing,North,Wholesale,SP_036,9,65.19,0.05,557.37,264.72,0,M,1
TXN000294,2023-09-02,2023,9,3,Saturday,Sports,South,Wholesale,SP_021,10,109.17,0.0,1091.7,336.86,1,L,0
TXN004964,2023-09-02,2023,9,3,Saturday,Books,West,Retail Store,SP_034,8,23.26,0.0,186.08,99.26,0,XS,0
TXN001002,2023-09-02,2023,9,3,Saturday,Books,South,Online,SP_026,10,23.93,0.0,239.3,173.73,0,S,0
TXN001900,2023-09-02,2023,9,3,Saturday,Sports,West,Mobile App,SP_009,8,89.13,0.15,606.08,228.03,0,M,1
TXN000903,2023-09-02,2023,9,3,Saturday,Clothing,South,Retail Store,SP_018,3,65.98,0.05,188.04,120.34,0,XS,1
TXN004542,2023-09-02,2023,9,3,Saturday,Clothing,North,Mobile App,SP_012,9,83.99,0.1,680.32,414.35,0,M,1
TXN002075,2023-09-03,2023,9,3,Sunday,Home Goods,Central,Wholesale,SP_037,13,118.43,0.1,1385.63,514.01,0,L,1
TXN001299,2023-09-03,2023,9,3,Sunday,Electronics,West,Wholesale,SP_039,4,498.09,0.0,1992.36,660.64,1,L,0
TXN002012,2023-09-03,2023,9,3,Sunday,Books,West,Wholesale,SP_040,6,22.72,0.0,136.32,98.38,0,XS,0
TXN004284,2023-09-04,2023,9,3,Monday,Books,East,Retail Store,SP_038,3,27.27,0.15,69.54,44.35,0,XS,1
TXN002977,2023-09-04,2023,9,3,Monday,Home Goods,North,Mobile App,SP_031,8,124.57,0.05,946.73,476.32,1,M,1
TXN000701,2023-09-05,2023,9,3,Tuesday,Home Goods,North,Mobile App,SP_019,1,115.14,0.05,109.38,47.99,0,XS,1
TXN002606,2023-09-05,2023,9,3,Tuesday,Electronics,East,Online,SP_038,4,504.24,0.0,2016.96,569.97,0,L,0
TXN003383,2023-09-05,2023,9,3,Tuesday,Sports,Central,Mobile App,SP_032,9,96.08,0.05,821.48,323.58,0,M,1
TXN002706,2023-09-05,2023,9,3,Tuesday,Home Goods,Central,Online,SP_029,4,125.92,0.0,503.68,189.98,0,M,0
TXN003011,2023-09-06,2023,9,3,Wednesday,Clothing,East,Mobile App,SP_012,4,66.23,0.0,264.92,137.08,0,S,0
TXN001528,2023-09-06,2023,9,3,Wednesday,Sports,East,Wholesale,SP_031,7,105.23,0.0,736.61,276.33,0,M,0
TXN001077,2023-09-06,2023,9,3,Wednesday,Home Goods,South,Retail Store,SP_020,9,108.42,0.1,878.2,431.46,0,M,1
TXN001420,2023-09-07,2023,9,3,Thursday,Electronics,North,Mobile App,SP_018,5,420.48,0.0,2102.4,680.5,0,L,0
TXN003479,2023-09-07,2023,9,3,Thursday,Electronics,West,Online,SP_014,3,481.5,0.05,1372.27,347.88,1,L,1
TXN001845,2023-09-07,2023,9,3,Thursday,Electronics,West,Online,SP_031,5,438.78,0.0,2193.9,580.09,0,L,0
TXN002890,2023-09-08,2023,9,3,Friday,Electronics,West,Wholesale,SP_020,9,421.83,0.15,3227.0,776.02,0,L,1
TXN000252,2023-09-08,2023,9,3,Friday,Books,West,Mobile App,SP_037,3,23.55,0.0,70.65,43.22,0,XS,0
TXN000833,2023-09-08,2023,9,3,Friday,Sports,South,Wholesale,SP_023,9,103.26,0.05,882.87,367.54,1,M,1
TXN002160,2023-09-08,2023,9,3,Friday,Clothing,North,Retail Store,SP_025,7,77.67,0.05,516.51,317.68,0,M,1
TXN000463,2023-09-09,2023,9,3,Saturday,Electronics,North,Wholesale,SP_025,2,476.11,0.0,952.22,295.02,1,M,0
TXN004502,2023-09-09,2023,9,3,Saturday,Books,Central,Retail Store,SP_030,10,26.76,0.0,267.6,166.78,0,S,0
TXN000810,2023-09-09,2023,9,3,Saturday,Sports,North,Retail Store,SP_031,9,86.07,0.0,774.63,276.22,0,M,0
TXN000484,2023-09-09,2023,9,3,Saturday,Books,South,Retail Store,SP_029,3,27.22,0.0,81.66,45.46,0,XS,0
TXN003466,2023-09-09,2023,9,3,Saturday,Clothing,South,Retail Store,SP_037,8,82.64,0.2,528.9,272.19,0,M,1
TXN002014,2023-09-09,2023,9,3,Saturday,Clothing,West,Wholesale,SP_015,8,79.89,0.0,639.12,316.43,0,M,0
TXN003005,2023-09-10,2023,9,3,Sunday,Electronics,North,Mobile App,SP_011,5,430.52,0.05,2044.97,494.74,0,L,1
TXN001067,2023-09-10,2023,9,3,Sunday,Sports,East,Online,SP_022,9,106.89,0.2,769.61,280.12,0,M,1
TXN003398,2023-09-11,2023,9,3,Monday,Clothing,East,Online,SP_020,17,81.37,0.0,1383.29,661.17,0,L,0
TXN003850,2023-09-11,2023,9,3,Monday,Sports,South,Mobile App,SP_021,8,105.53,0.2,675.39,226.98,0,M,1
TXN002061,2023-09-11,2023,9,3,Monday,Home Goods,West,Wholesale,SP_032,4,126.97,0.0,507.88,212.8,0,M,0
TXN003803,2023-09-12,2023,9,3,Tuesday,Books,West,Retail Store,SP_001,5,23.91,0.1,107.59,61.37,1,XS,1
TXN003219,2023-09-12,2023,9,3,Tuesday,Books,South,Mobile App,SP_004,13,25.28,0.0,328.64,218.29,0,S,0
TXN001908,2023-09-12,2023,9,3,Tuesday,Sports,East,Retail Store,SP_037,6,108.27,0.05,617.14,206.59,0,M,1
TXN004262,2023-09-12,2023,9,3,Tuesday,Electronics,North,Wholesale,SP_036,5,409.42,0.05,1944.75,487.96,0,L,1
TXN000151,2023-09-14,2023,9,3,Thursday,Home Goods,East,Online,SP_030,2,128.55,0.2,205.68,81.31,1,S,1
TXN004418,2023-09-14,2023,9,3,Thursday,Books,West,Mobile App,SP_003,8,28.46,0.05,216.3,113.56,0,S,1
TXN003273,2023-09-14,2023,9,3,Thursday,Home Goods,South,Mobile App,SP_009,6,115.37,0.15,588.39,279.07,0,M,1
TXN000836,2023-09-15,2023,9,3,Friday,Sports,North,Wholesale,SP_014,13,82.34,0.1,963.38,376.91,0,M,1
TXN004951,2023-09-15,2023,9,3,Friday,Books,North,Wholesale,SP_015,6,26.25,0.05,149.62,84.07,0,XS,1
TXN000886,2023-09-15,2023,9,3,Friday,Electronics,Central,Wholesale,SP_022,11,446.76,0.1,4422.92,1483.02,0,L,1
TXN003951,2023-09-16,2023,9,3,Saturday,Electronics,West,Wholesale,SP_039,3,481.02,0.0,1443.06,454.65,1,L,0
TXN000487,2023-09-16,2023,9,3,Saturday,Electronics,West,Retail Store,SP_039,10,485.39,0.15,4125.81,1356.78,1,L,1
TXN001099,2023-09-16,2023,9,3,Saturday,Clothing,South,Retail Store,SP_011,25,69.93,0.05,1660.84,742.64,1,L,1
TXN004742,2023-09-16,2023,9,3,Saturday,Home Goods,Central,Mobile App,SP_030,7,132.6,0.0,928.2,426.89,0,M,0
TXN003424,2023-09-17,2023,9,3,Sunday,Electronics,Central,Retail Store,SP_003,13,496.33,0.2,5161.83,1631.05,0,XL,1
TXN001705,2023-09-17,2023,9,3,Sunday,Home Goods,Central,Retail Store,SP_025,5,108.44,0.0,542.2,242.04,0,M,0
TXN001206,2023-09-17,2023,9,3,Sunday,Sports,West,Wholesale,SP_038,7,92.82,0.05,617.25,205.13,0,M,1
TXN000575,2023-09-17,2023,9,3,Sunday,Books,South,Retail Store,SP_009,10,21.68,0.0,216.8,118.97,0,S,0
TXN003560,2023-09-17,2023,9,3,Sunday,Electronics,North,Retail Store,SP_015,2,427.79,0.2,684.46,201.63,0,M,1
TXN000342,2023-09-17,2023,9,3,Sunday,Sports,North,Online,SP_035,7,99.95,0.05,664.67,287.62,1,M,1
TXN001689,2023-09-18,2023,9,3,Monday,Sports,Central,Mobile App,SP_016,7,100.68,0.0,704.76,228.02,0,M,0
TXN002864,2023-09-18,2023,9,3,Monday,Clothing,North,Retail Store,SP_009,13,65.82,0.05,812.88,517.66,0,M,1
TXN002287,2023-09-18,2023,9,3,Monday,Books,North,Retail Store,SP_032,6,23.18,0.05,132.13,82.01,0,XS,1
TXN000364,2023-09-19,2023,9,3,Tuesday,Electronics,East,Wholesale,SP_016,9,510.82,0.1,4137.64,937.06,0,L,1
TXN004264,2023-09-19,2023,9,3,Tuesday,Clothing,Central,Mobile App,SP_013,13,72.37,0.1,846.73,477.24,0,M,1
TXN002625,2023-09-19,2023,9,3,Tuesday,Electronics,Central,Retail Store,SP_017,5,427.65,0.05,2031.34,656.17,0,L,1
TXN000510,2023-09-20,2023,9,3,Wednesday,Books,East,Online,SP_033,4,23.92,0.1,86.11,62.44,1,XS,1
TXN002835,2023-09-20,2023,9,3,Wednesday,Clothing,East,Retail Store,SP_024,13,69.91,0.2,727.06,324.22,0,M,1
TXN003488,2023-09-20,2023,9,3,Wednesday,Books,Central,Wholesale,SP_039,5,23.11,0.1,104.0,65.42,0,XS,1
TXN003394,2023-09-20,2023,9,3,Wednesday,Sports,West,Online,SP_040,6,103.03,0.15,525.45,212.46,0,M,1
TXN001298,2023-09-20,2023,9,3,Wednesday,Sports,Central,Online,SP_023,8,100.33,0.05,762.51,289.59,0,M,1
TXN003367,2023-09-20,2023,9,3,Wednesday,Electronics,North,Retail Store,SP_001,8,414.71,0.1,2985.91,952.25,0,L,1
TXN002409,2023-09-21,2023,9,3,Thursday,Sports,Central,Retail Store,SP_040,8,90.89,0.0,727.12,234.06,0,M,0
TXN001835,2023-09-21,2023,9,3,Thursday,Clothing,Central,Mobile App,SP_012,7,84.68,0.05,563.12,302.58,0,M,1
TXN003842,2023-09-22,2023,9,3,Friday,Sports,West,Online,SP_033,3,96.38,0.05,274.68,106.79,0,S,1
TXN002636,2023-09-22,2023,9,3,Friday,Electronics,North,Online,SP_039,10,405.19,0.1,3646.71,928.62,0,L,1
TXN004960,2023-09-22,2023,9,3,Friday,Clothing,Central,Mobile App,SP_017,11,84.02,0.0,924.22,501.16,0,M,0
TXN000211,2023-09-23,2023,9,3,Saturday,Clothing,South,Retail Store,SP_010,8,64.07,0.0,512.56,308.73,0,M,0
TXN000023,2023-09-23,2023,9,3,Saturday,Electronics,Central,Retail Store,SP_009,15,395.19,0.1,5335.07,1540.59,0,XL,1
TXN004384,2023-09-23,2023,9,3,Saturday,Sports,Central,Retail Store,SP_019,5,107.92,0.0,539.6,228.19,1,M,0
TXN003433,2023-09-23,2023,9,3,Saturday,Sports,West,Retail Store,SP_027,4,98.73,0.0,394.92,179.45,0,S,0
TXN004167,2023-09-23,2023,9,3,Saturday,Books,East,Mobile App,SP_024,8,22.81,0.15,155.11,103.73,1,XS,1
TXN004995,2023-09-23,2023,9,3,Saturday,Clothing,South,Retail Store,SP_028,10,83.78,0.15,712.13,458.9,0,M,1
TXN004180,2023-09-24,2023,9,3,Sunday,Clothing,East,Wholesale,SP_034,8,73.74,0.05,560.42,265.96,1,M,1
TXN003949,2023-09-24,2023,9,3,Sunday,Books,South,Mobile App,SP_015,7,27.74,0.1,174.76,93.75,1,XS,1
TXN001671,2023-09-24,2023,9,3,Sunday,Sports,South,Retail Store,SP_019,8,88.96,0.15,604.93,241.49,0,M,1
TXN001497,2023-09-24,2023,9,3,Sunday,Electronics,South,Mobile App,SP_025,11,437.45,0.15,4090.16,1179.1,0,L,1
TXN004722,2023-09-25,2023,9,3,Monday,Books,East,Wholesale,SP_008,5,21.62,0.0,108.1,70.36,1,XS,0
TXN000686,2023-09-26,2023,9,3,Tuesday,Sports,North,Mobile App,SP_040,8,93.31,0.0,746.48,293.28,0,M,0
TXN002169,2023-09-26,2023,9,3,Tuesday,Sports,Central,Retail Store,SP_031,7,88.73,0.0,621.11,246.41,0,M,0
TXN001531,2023-09-26,2023,9,3,Tuesday,Electronics,East,Retail Store,SP_038,15,486.75,0.1,6571.12,2153.84,0,XL,1
TXN002491,2023-09-26,2023,9,3,Tuesday,Home Goods,East,Retail Store,SP_001,5,111.9,0.0,559.5,247.53,0,M,0
TXN001315,2023-09-26,2023,9,3,Tuesday,Sports,East,Retail Store,SP_002,6,95.58,0.05,544.81,236.21,0,M,1
TXN004738,2023-09-26,2023,9,3,Tuesday,Books,North,Online,SP_027,5,27.38,0.0,136.9,83.3,0,XS,0
TXN003768,2023-09-27,2023,9,3,Wednesday,Sports,West,Online,SP_026,6,91.38,0.0,548.28,172.27,0,M,0
TXN004164,2023-09-27,2023,9,3,Wednesday,Home Goods,North,Mobile App,SP_035,7,109.27,0.0,764.89,278.97,0,M,0
TXN000137,2023-09-27,2023,9,3,Wednesday,Books,North,Online,SP_016,8,22.39,0.05,170.16,132.39,0,XS,1
TXN001674,2023-09-28,2023,9,3,Thursday,Electronics,East,Retail Store,SP_019,3,425.93,0.15,1086.12,341.18,0,L,1
TXN004962,2023-09-29,2023,9,3,Friday,Sports,North,Mobile App,SP_035,1,100.66,0.0,100.66,40.08,0,XS,0
TXN002045,2023-09-29,2023,9,3,Friday,Home Goods,East,Online,SP_029,7,103.57,0.15,616.24,258.74,1,M,1
TXN000891,2023-09-29,2023,9,3,Friday,Sports,North,Wholesale,SP_032,2,101.82,0.05,193.46,68.16,0,XS,1
TXN001134,2023-09-29,2023,9,3,Friday,Electronics,North,Wholesale,SP_005,7,478.65,0.15,2847.97,757.84,0,L,1
TXN003465,2023-09-29,2023,9,3,Friday,Clothing,South,Retail Store,SP_010,2,73.98,0.1,133.16,68.06,0,XS,1
TXN004516,2023-09-29,2023,9,3,Friday,Clothing,North,Mobile App,SP_007,17,72.43,0.1,1108.18,713.54,0,L,1
TXN003022,2023-09-29,2023,9,3,Friday,Home Goods,Central,Online,SP_029,8,103.07,0.0,824.56,338.0,0,M,0
TXN000514,2023-09-29,2023,9,3,Friday,Books,West,Retail Store,SP_031,3,25.39,0.05,72.36,44.34,0,XS,1
TXN000387,2023-09-30,2023,9,3,Saturday,Books,East,Mobile App,SP_040,11,28.49,0.0,313.39,195.03,1,S,0
TXN002490,2023-09-30,2023,9,3,Saturday,Books,East,Mobile App,SP_036,10,27.37,0.0,273.7,146.11,0,S,0
TXN000405,2023-09-30,2023,9,3,Saturday,Clothing,Central,Wholesale,SP_027,7,67.45,0.0,472.15,289.1,1,S,0
TXN001786,2023-09-30,2023,9,3,Saturday,Sports,East,Online,SP_039,6,86.41,0.1,466.61,151.82,0,S,1
TXN003728,2023-09-30,2023,9,3,Saturday,Books,West,Online,SP_039,8,22.13,0.0,177.04,103.59,1,XS,0
TXN002640,2023-10-01,2023,10,4,Sunday,Sports,East,Online,SP_037,2,83.49,0.05,158.63,71.48,0,XS,1
TXN003237,2023-10-01,2023,10,4,Sunday,Sports,Central,Online,SP_032,7,94.55,0.0,661.85,233.71,1,M,0
TXN003880,2023-10-01,2023,10,4,Sunday,Clothing,Central,Wholesale,SP_018,13,66.67,0.05,823.37,403.0,0,M,1
TXN001709,2023-10-01,2023,10,4,Sunday,Books,South,Online,SP_010,6,22.3,0.05,127.11,67.6,0,XS,1
TXN003401,2023-10-01,2023,10,4,Sunday,Sports,South,Retail Store,SP_005,5,86.24,0.05,409.64,157.95,0,S,1
TXN003343,2023-10-02,2023,10,4,Monday,Electronics,Central,Retail Store,SP_027,6,386.87,0.1,2089.1,600.73,0,L,1
TXN002141,2023-10-02,2023,10,4,Monday,Electronics,West,Online,SP_032,4,426.04,0.1,1533.74,402.9,1,L,1
TXN003211,2023-10-02,2023,10,4,Monday,Books,Central,Mobile App,SP_008,7,26.05,0.0,182.35,112.99,0,XS,0
TXN000338,2023-10-02,2023,10,4,Monday,Sports,South,Wholesale,SP_011,3,86.26,0.0,258.78,103.9,0,S,0
TXN004027,2023-10-02,2023,10,4,Monday,Sports,South,Mobile App,SP_020,4,90.15,0.05,342.57,122.44,0,S,1
TXN002147,2023-10-03,2023,10,4,Tuesday,Clothing,West,Wholesale,SP_011,21,85.34,0.0,1792.14,1083.09,0,L,0
TXN004650,2023-10-03,2023,10,4,Tuesday,Clothing,Central,Mobile App,SP_005,19,84.96,0.2,1291.39,673.36,0,L,1
TXN003081,2023-10-03,2023,10,4,Tuesday,Electronics,West,Wholesale,SP_013,4,468.27,0.0,1873.08,568.67,0,L,0
TXN003399,2023-10-03,2023,10,4,Tuesday,Home Goods,North,Retail Store,SP_021,7,123.86,0.0,867.02,389.82,1,M,0
TXN003052,2023-10-04,2023,10,4,Wednesday,Books,North,Wholesale,SP_022,9,25.85,0.05,221.02,124.22,0,S,1
TXN000989,2023-10-04,2023,10,4,Wednesday,Electronics,West,Mobile App,SP_034,5,429.15,0.1,1931.17,464.68,1,L,1
TXN002101,2023-10-04,2023,10,4,Wednesday,Electronics,East,Online,SP_038,8,401.06,0.15,2727.21,623.09,0,L,1
TXN001985,2023-10-04,2023,10,4,Wednesday,Electronics,East,Mobile App,SP_040,5,413.73,0.0,2068.65,610.68,0,L,0
TXN001265,2023-10-04,2023,10,4,Wednesday,Electronics,South,Online,SP_010,5,428.77,0.15,1822.27,454.31,1,L,1
TXN004302,2023-10-04,2023,10,4,Wednesday,Home Goods,West,Online,SP_001,7,132.93,0.05,883.98,428.07,0,M,1
TXN001035,2023-10-04,2023,10,4,Wednesday,Sports,West,Wholesale,SP_028,15,91.34,0.15,1164.59,361.01,0,L,1
TXN000119,2023-10-05,2023,10,4,Thursday,Electronics,West,Wholesale,SP_027,6,508.94,0.0,3053.64,697.47,0,L,0
TXN000706,2023-10-05,2023,10,4,Thursday,Clothing,East,Online,SP_010,8,80.55,0.0,644.4,405.14,0,M,0
TXN002443,2023-10-05,2023,10,4,Thursday,Sports,West,Online,SP_011,7,85.57,0.05,569.04,176.57,0,M,1
TXN002244,2023-10-05,2023,10,4,Thursday,Sports,Central,Retail Store,SP_026,10,96.23,0.05,914.19,400.51,0,M,1
TXN003521,2023-10-05,2023,10,4,Thursday,Home Goods,Central,Online,SP_037,5,117.29,0.0,586.45,202.13,0,M,0
TXN003760,2023-10-06,2023,10,4,Friday,Clothing,Central,Retail Store,SP_021,8,82.6,0.1,594.72,363.01,0,M,1
TXN000997,2023-10-06,2023,10,4,Friday,Sports,South,Wholesale,SP_032,6,105.6,0.05,601.92,203.57,0,M,1
TXN000471,2023-10-06,2023,10,4,Friday,Books,East,Retail Store,SP_032,8,22.21,0.0,177.68,122.43,1,XS,0
TXN004921,2023-10-06,2023,10,4,Friday,Sports,West,Wholesale,SP_037,10,109.18,0.0,1091.8,466.07,0,L,0
TXN004829,2023-10-06,2023,10,4,Friday,Electronics,West,Online,SP_035,2,405.54,0.0,811.08,259.34,0,M,0
TXN002588,2023-10-07,2023,10,4,Saturday,Clothing,North,Retail Store,SP_030,6,67.18,0.05,382.93,189.28,0,S,1
TXN002504,2023-10-07,2023,10,4,Saturday,Home Goods,Central,Wholesale,SP_018,8,121.44,0.05,922.94,438.03,0,M,1
TXN003213,2023-10-07,2023,10,4,Saturday,Home Goods,North,Retail Store,SP_015,8,133.69,0.05,1016.04,349.44,0,L,1
TXN001055,2023-10-07,2023,10,4,Saturday,Home Goods,West,Retail Store,SP_006,7,113.57,0.0,794.99,399.28,0,M,0
TXN003656,2023-10-08,2023,10,4,Sunday,Books,South,Online,SP_005,6,22.63,0.2,108.62,62.59,0,XS,1
TXN004671,2023-10-08,2023,10,4,Sunday,Clothing,East,Retail Store,SP_008,8,77.8,0.1,560.16,367.56,1,M,1
TXN003406,2023-10-08,2023,10,4,Sunday,Sports,North,Mobile App,SP_035,5,107.4,0.05,510.15,200.82,1,M,1
TXN003860,2023-10-08,2023,10,4,Sunday,Home Goods,South,Online,SP_026,6,128.1,0.1,691.74,344.08,0,M,1
TXN003763,2023-10-08,2023,10,4,Sunday,Sports,Central,Online,SP_019,9,109.08,0.15,834.46,274.12,0,M,1
TXN001522,2023-10-08,2023,10,4,Sunday,Electronics,East,Online,SP_002,3,421.72,0.0,1265.16,376.87,0,L,0
TXN004117,2023-10-08,2023,10,4,Sunday,Electronics,Central,Wholesale,SP_033,5,414.83,0.1,1866.74,526.03,0,L,1
TXN004805,2023-10-09,2023,10,4,Monday,Clothing,South,Mobile App,SP_036,9,77.87,0.15,595.71,390.8,0,M,1
TXN004433,2023-10-09,2023,10,4,Monday,Sports,South,Mobile App,SP_024,6,103.81,0.2,498.29,165.86,0,S,1
TXN001530,2023-10-10,2023,10,4,Tuesday,Electronics,South,Online,SP_014,5,440.83,0.05,2093.94,560.13,0,L,1
TXN002180,2023-10-11,2023,10,4,Wednesday,Sports,Central,Wholesale,SP_033,7,93.53,0.05,621.97,206.76,0,M,1
TXN001061,2023-10-11,2023,10,4,Wednesday,Electronics,West,Wholesale,SP_036,5,462.75,0.05,2198.06,577.27,0,L,1
TXN003822,2023-10-11,2023,10,4,Wednesday,Clothing,West,Mobile App,SP_024,12,68.84,0.0,826.08,400.29,0,M,0
TXN004948,2023-10-12,2023,10,4,Thursday,Clothing,Central,Online,SP_036,10,81.8,0.1,736.2,482.3,0,M,1
TXN002921,2023-10-12,2023,10,4,Thursday,Home Goods,East,Mobile App,SP_007,12,102.65,0.05,1170.21,479.17,0,L,1
TXN001576,2023-10-12,2023,10,4,Thursday,Clothing,South,Retail Store,SP_020,12,65.03,0.05,741.34,443.26,0,M,1
TXN004858,2023-10-12,2023,10,4,Thursday,Clothing,Central,Mobile App,SP_008,9,64.87,0.05,554.64,248.66,0,M,1
TXN003602,2023-10-12,2023,10,4,Thursday,Sports,West,Online,SP_033,10,101.38,0.0,1013.8,343.08,0,L,0
TXN004842,2023-10-12,2023,10,4,Thursday,Books,South,Online,SP_028,6,25.99,0.1,140.35,87.67,0,XS,1
TXN001370,2023-10-12,2023,10,4,Thursday,Clothing,East,Mobile App,SP_033,13,72.53,0.1,848.6,495.58,0,M,1
TXN003256,2023-10-12,2023,10,4,Thursday,Home Goods,West,Online,SP_011,7,119.59,0.0,837.13,387.23,1,M,0
TXN003889,2023-10-13,2023,10,4,Friday,Clothing,Central,Retail Store,SP_036,13,65.54,0.1,766.82,386.77,0,M,1
TXN002578,2023-10-14,2023,10,4,Saturday,Electronics,South,Online,SP_036,11,515.19,0.0,5667.09,1494.23,1,XL,0
TXN003036,2023-10-14,2023,10,4,Saturday,Electronics,West,Mobile App,SP_025,9,406.2,0.15,3107.43,850.72,0,L,1
TXN000549,2023-10-14,2023,10,4,Saturday,Clothing,West,Wholesale,SP_016,11,64.33,0.0,707.63,345.88,0,M,0
TXN000237,2023-10-16,2023,10,4,Monday,Home Goods,Central,Wholesale,SP_006,4,132.53,0.1,477.11,218.73,1,S,1
TXN002982,2023-10-16,2023,10,4,Monday,Clothing,North,Retail Store,SP_026,9,82.56,0.0,743.04,378.02,0,M,0
TXN003839,2023-10-16,2023,10,4,Monday,Clothing,Central,Mobile App,SP_040,14,72.63,0.05,965.98,615.14,0,M,1
TXN002166,2023-10-16,2023,10,4,Monday,Electronics,West,Online,SP_027,11,483.87,0.0,5322.57,1458.87,1,XL,0
TXN002396,2023-10-16,2023,10,4,Monday,Home Goods,East,Online,SP_027,8,117.11,0.15,796.35,349.71,0,M,1
TXN001944,2023-10-16,2023,10,4,Monday,Clothing,West,Retail Store,SP_017,15,81.41,0.15,1037.98,463.74,0,L,1
TXN004865,2023-10-16,2023,10,4,Monday,Clothing,South,Online,SP_010,11,69.65,0.0,766.15,455.2,0,M,0
TXN002119,2023-10-16,2023,10,4,Monday,Sports,West,Mobile App,SP_012,6,83.17,0.2,399.22,137.34,0,S,1
TXN000268,2023-10-16,2023,10,4,Monday,Electronics,North,Mobile App,SP_033,6,494.36,0.05,2817.85,880.3,0,L,1
TXN000334,2023-10-16,2023,10,4,Monday,Sports,North,Mobile App,SP_021,3,92.08,0.15,234.8,106.13,0,S,1
TXN004864,2023-10-17,2023,10,4,Tuesday,Sports,East,Online,SP_011,7,94.56,0.0,661.92,217.08,0,M,0
TXN003214,2023-10-17,2023,10,4,Tuesday,Books,North,Wholesale,SP_024,6,24.36,0.0,146.16,96.06,0,XS,0
TXN002942,2023-10-17,2023,10,4,Tuesday,Sports,East,Retail Store,SP_011,7,99.49,0.15,591.97,190.24,0,M,1
TXN002957,2023-10-17,2023,10,4,Tuesday,Sports,Central,Mobile App,SP_016,2,100.84,0.1,181.51,76.73,0,XS,1
TXN001107,2023-10-18,2023,10,4,Wednesday,Electronics,South,Wholesale,SP_022,5,429.84,0.1,1934.28,485.59,1,L,1
TXN002824,2023-10-18,2023,10,4,Wednesday,Electronics,North,Mobile App,SP_013,6,403.6,0.05,2300.52,643.28,1,L,1
TXN000709,2023-10-18,2023,10,4,Wednesday,Home Goods,West,Online,SP_022,5,121.74,0.0,608.7,224.7,0,M,0
TXN003937,2023-10-18,2023,10,4,Wednesday,Electronics,South,Mobile App,SP_029,10,454.8,0.1,4093.2,1370.08,0,L,1
TXN003863,2023-10-18,2023,10,4,Wednesday,Clothing,North,Retail Store,SP_017,7,82.7,0.1,521.01,269.23,0,M,1
TXN000852,2023-10-18,2023,10,4,Wednesday,Clothing,Central,Wholesale,SP_027,13,76.41,0.15,844.33,390.03,0,M,1
TXN001260,2023-10-19,2023,10,4,Thursday,Home Goods,South,Retail Store,SP_025,8,121.25,0.0,970.0,329.21,1,M,0
TXN003567,2023-10-19,2023,10,4,Thursday,Books,South,Online,SP_023,6,21.53,0.05,122.72,69.37,0,XS,1
TXN000574,2023-10-19,2023,10,4,Thursday,Electronics,Central,Online,SP_036,6,480.95,0.15,2452.84,789.74,0,L,1
TXN004646,2023-10-19,2023,10,4,Thursday,Electronics,West,Retail Store,SP_035,3,405.83,0.0,1217.49,317.36,0,L,0
TXN000992,2023-10-20,2023,10,4,Friday,Home Goods,Central,Wholesale,SP_026,7,113.07,0.0,791.49,396.91,0,M,0
TXN004094,2023-10-20,2023,10,4,Friday,Home Goods,West,Retail Store,SP_025,10,116.76,0.1,1050.84,391.89,0,L,1
TXN000013,2023-10-20,2023,10,4,Friday,Sports,West,Retail Store,SP_017,9,95.08,0.0,855.72,266.83,0,M,0
TXN004600,2023-10-20,2023,10,4,Friday,Home Goods,Central,Online,SP_018,12,116.29,0.0,1395.48,649.47,1,L,0
TXN003233,2023-10-21,2023,10,4,Saturday,Home Goods,East,Wholesale,SP_011,9,137.12,0.05,1172.38,394.59,1,L,1
TXN004233,2023-10-21,2023,10,4,Saturday,Home Goods,East,Online,SP_001,6,130.51,0.0,783.06,327.98,0,M,0
TXN002420,2023-10-22,2023,10,4,Sunday,Home Goods,Central,Retail Store,SP_012,4,117.57,0.15,399.74,198.66,1,S,1
TXN004279,2023-10-22,2023,10,4,Sunday,Electronics,Central,Mobile App,SP_001,7,517.48,0.0,3622.36,1140.51,1,L,0
TXN003639,2023-10-22,2023,10,4,Sunday,Electronics,North,Mobile App,SP_033,10,414.81,0.1,3733.29,1023.47,0,L,1
TXN004163,2023-10-22,2023,10,4,Sunday,Home Goods,West,Wholesale,SP_007,6,113.32,0.0,679.92,269.33,0,M,0
TXN003175,2023-10-22,2023,10,4,Sunday,Books,South,Online,SP_034,9,23.54,0.05,201.27,139.96,0,S,1
TXN000818,2023-10-22,2023,10,4,Sunday,Clothing,South,Wholesale,SP_031,11,66.13,0.1,654.69,383.82,0,M,1
TXN002887,2023-10-23,2023,10,4,Monday,Sports,South,Mobile App,SP_014,5,95.71,0.2,382.84,123.36,0,S,1
TXN001274,2023-10-23,2023,10,4,Monday,Home Goods,West,Mobile App,SP_027,7,124.93,0.15,743.33,314.92,0,M,1
TXN003373,2023-10-24,2023,10,4,Tuesday,Electronics,Central,Mobile App,SP_024,8,426.03,0.1,3067.42,929.94,0,L,1
TXN003938,2023-10-24,2023,10,4,Tuesday,Books,West,Retail Store,SP_028,10,23.19,0.0,231.9,125.47,0,S,0
TXN002266,2023-10-24,2023,10,4,Tuesday,Clothing,South,Retail Store,SP_022,12,84.18,0.1,909.14,505.35,0,M,1
TXN000766,2023-10-24,2023,10,4,Tuesday,Home Goods,North,Wholesale,SP_025,8,105.89,0.15,720.05,354.67,0,M,1
TXN001213,2023-10-25,2023,10,4,Wednesday,Books,Central,Online,SP_018,5,28.15,0.15,119.64,73.21,1,XS,1
TXN003687,2023-10-25,2023,10,4,Wednesday,Electronics,North,Wholesale,SP_011,7,463.78,0.0,3246.46,830.84,1,L,0
TXN001376,2023-10-26,2023,10,4,Thursday,Books,South,Retail Store,SP_038,9,21.95,0.05,187.67,143.35,1,XS,1
TXN003611,2023-10-26,2023,10,4,Thursday,Sports,East,Wholesale,SP_002,6,103.37,0.1,558.2,216.61,0,M,1
TXN000776,2023-10-26,2023,10,4,Thursday,Books,West,Wholesale,SP_012,16,28.38,0.15,385.97,225.25,0,S,1
TXN000625,2023-10-26,2023,10,4,Thursday,Electronics,South,Retail Store,SP_033,6,470.23,0.0,2821.38,639.79,1,L,0
TXN000038,2023-10-27,2023,10,4,Friday,Books,South,Online,SP_033,4,21.67,0.0,86.68,47.75,1,XS,0
TXN000217,2023-10-27,2023,10,4,Friday,Books,West,Retail Store,SP_013,3,25.08,0.1,67.72,36.04,1,XS,1
TXN002615,2023-10-27,2023,10,4,Friday,Books,South,Wholesale,SP_035,10,24.69,0.05,234.56,154.3,0,S,1
TXN002730,2023-10-28,2023,10,4,Saturday,Clothing,Central,Wholesale,SP_012,16,81.15,0.0,1298.4,777.78,1,L,0
TXN001814,2023-10-28,2023,10,4,Saturday,Electronics,Central,Mobile App,SP_002,10,494.32,0.0,4943.2,1364.72,0,L,0
TXN004390,2023-10-28,2023,10,4,Saturday,Sports,Central,Retail Store,SP_005,4,95.06,0.0,380.24,155.3,1,S,0
TXN002338,2023-10-29,2023,10,4,Sunday,Books,South,Wholesale,SP_001,5,25.3,0.05,120.17,76.89,0,XS,1
TXN004032,2023-10-29,2023,10,4,Sunday,Home Goods,South,Mobile App,SP_030,10,107.33,0.0,1073.3,428.94,0,L,0
TXN004353,2023-10-29,2023,10,4,Sunday,Electronics,West,Retail Store,SP_038,6,504.79,0.15,2574.43,827.53,1,L,1
TXN004686,2023-10-29,2023,10,4,Sunday,Electronics,North,Online,SP_021,10,484.65,0.1,4361.85,1373.32,0,L,1
TXN001258,2023-10-29,2023,10,4,Sunday,Books,North,Retail Store,SP_002,5,24.76,0.05,117.61,87.68,0,XS,1
TXN001080,2023-10-29,2023,10,4,Sunday,Electronics,North,Mobile App,SP_012,5,396.16,0.1,1782.72,557.51,0,L,1
TXN003496,2023-10-30,2023,10,4,Monday,Sports,North,Retail Store,SP_009,5,86.93,0.0,434.65,163.56,0,S,0
TXN001873,2023-10-30,2023,10,4,Monday,Home Goods,Central,Mobile App,SP_019,9,131.47,0.05,1124.07,514.75,0,L,1
TXN000922,2023-10-30,2023,10,4,Monday,Electronics,West,Mobile App,SP_031,5,463.53,0.1,2085.88,587.24,0,L,1
TXN001489,2023-10-30,2023,10,4,Monday,Electronics,Central,Mobile App,SP_017,6,428.59,0.1,2314.39,775.15,1,L,1
TXN003127,2023-10-30,2023,10,4,Monday,Clothing,North,Retail Store,SP_037,13,68.15,0.2,708.76,386.86,0,M,1
TXN002134,2023-10-31,2023,10,4,Tuesday,Electronics,West,Retail Store,SP_005,14,435.71,0.1,5489.95,1666.11,0,XL,1
TXN002489,2023-10-31,2023,10,4,Tuesday,Electronics,Central,Mobile App,SP_024,5,393.71,0.0,1968.55,553.88,0,L,0
TXN000542,2023-10-31,2023,10,4,Tuesday,Clothing,North,Wholesale,SP_003,15,64.83,0.0,972.45,503.23,0,M,0
TXN004740,2023-10-31,2023,10,4,Tuesday,Clothing,North,Mobile App,SP_024,20,72.45,0.1,1304.1,774.1,1,L,1
TXN003680,2023-10-31,2023,10,4,Tuesday,Home Goods,South,Retail Store,SP_029,3,112.08,0.05,319.43,150.05,1,S,1
TXN001149,2023-10-31,2023,10,4,Tuesday,Sports,North,Wholesale,SP_004,5,108.46,0.0,542.3,210.9,0,M,0
TXN002392,2023-11-01,2023,11,4,Wednesday,Sports,East,Mobile App,SP_007,12,95.68,0.05,1090.75,397.63,0,L,1
TXN003181,2023-11-01,2023,11,4,Wednesday,Sports,North,Online,SP_013,14,82.75,0.0,1158.5,520.05,0,L,0
TXN000003,2023-11-01,2023,11,4,Wednesday,Books,North,Retail Store,SP_035,6,25.69,0.05,146.43,77.91,0,XS,1
TXN002267,2023-11-01,2023,11,4,Wednesday,Home Goods,Central,Mobile App,SP_034,5,122.61,0.2,490.44,168.3,0,S,1
TXN003545,2023-11-02,2023,11,4,Thursday,Home Goods,Central,Mobile App,SP_027,3,104.72,0.0,314.16,110.06,1,S,0
TXN001579,2023-11-02,2023,11,4,Thursday,Sports,West,Online,SP_008,6,104.19,0.0,625.14,201.75,0,M,0
TXN000341,2023-11-02,2023,11,4,Thursday,Sports,East,Online,SP_040,10,81.89,0.05,777.95,341.73,0,M,1
TXN003031,2023-11-03,2023,11,4,Friday,Books,South,Online,SP_023,3,27.46,0.1,74.14,46.74,0,XS,1
TXN004137,2023-11-03,2023,11,4,Friday,Electronics,East,Online,SP_014,11,455.28,0.0,5008.08,1350.52,0,XL,0
TXN003489,2023-11-03,2023,11,4,Friday,Sports,North,Wholesale,SP_021,5,85.02,0.0,425.1,164.67,0,S,0
TXN000511,2023-11-04,2023,11,4,Saturday,Sports,South,Online,SP_012,6,85.33,0.0,511.98,210.14,0,M,0
TXN003505,2023-11-04,2023,11,4,Saturday,Sports,East,Wholesale,SP_032,8,107.8,0.1,776.16,280.03,0,M,1
TXN004711,2023-11-04,2023,11,4,Saturday,Home Goods,South,Mobile App,SP_029,12,130.62,0.0,1567.44,691.94,0,L,0
TXN000808,2023-11-04,2023,11,4,Saturday,Books,East,Online,SP_008,4,26.49,0.1,95.36,65.05,0,XS,1
TXN002748,2023-11-04,2023,11,4,Saturday,Books,East,Online,SP_005,4,21.42,0.05,81.4,47.32,0,XS,1
TXN001591,2023-11-05,2023,11,4,Sunday,Books,East,Retail Store,SP_021,5,25.94,0.05,123.22,80.12,0,XS,1
TXN001678,2023-11-05,2023,11,4,Sunday,Home Goods,East,Mobile App,SP_033,6,110.03,0.1,594.16,270.37,1,M,1
TXN002194,2023-11-06,2023,11,4,Monday,Books,West,Mobile App,SP_039,8,24.76,0.0,198.08,150.78,1,XS,0
TXN001483,2023-11-06,2023,11,4,Monday,Home Goods,East,Wholesale,SP_020,6,128.74,0.1,695.2,242.7,0,M,1
TXN001957,2023-11-06,2023,11,4,Monday,Sports,Central,Wholesale,SP_007,4,106.23,0.1,382.43,126.8,0,S,1
TXN004514,2023-11-06,2023,11,4,Monday,Clothing,West,Wholesale,SP_027,9,83.5,0.1,676.35,369.67,0,M,1
TXN001964,2023-11-07,2023,11,4,Tuesday,Sports,South,Wholesale,SP_001,7,102.38,0.2,573.33,243.86,1,M,1
TXN003335,2023-11-07,2023,11,4,Tuesday,Books,West,Wholesale,SP_014,5,24.32,0.05,115.52,65.68,0,XS,1
TXN004340,2023-11-07,2023,11,4,Tuesday,Sports,Central,Wholesale,SP_006,5,96.32,0.05,457.52,163.97,0,S,1
TXN001649,2023-11-07,2023,11,4,Tuesday,Books,East,Retail Store,SP_025,9,24.16,0.1,195.7,109.88,1,XS,1
TXN001833,2023-11-08,2023,11,4,Wednesday,Books,West,Mobile App,SP_040,9,28.08,0.15,214.81,139.16,0,S,1
TXN001673,2023-11-08,2023,11,4,Wednesday,Clothing,North,Online,SP_035,5,82.47,0.05,391.73,199.11,0,S,1
TXN000567,2023-11-08,2023,11,4,Wednesday,Books,South,Mobile App,SP_022,11,27.38,0.0,301.18,229.43,1,S,0
TXN000210,2023-11-08,2023,11,4,Wednesday,Home Goods,North,Wholesale,SP_020,5,114.91,0.0,574.55,270.7,1,M,0
TXN002238,2023-11-09,2023,11,4,Thursday,Home Goods,West,Mobile App,SP_004,5,115.29,0.2,461.16,197.39,0,S,1
TXN003559,2023-11-09,2023,11,4,Thursday,Books,South,Online,SP_005,6,22.44,0.0,134.64,91.51,0,XS,0
TXN003075,2023-11-09,2023,11,4,Thursday,Electronics,East,Wholesale,SP_018,18,469.09,0.05,8021.44,2318.46,0,XL,1
TXN002254,2023-11-09,2023,11,4,Thursday,Home Goods,East,Mobile App,SP_027,4,106.29,0.1,382.64,176.67,0,S,1
TXN001205,2023-11-09,2023,11,4,Thursday,Home Goods,West,Mobile App,SP_012,5,110.66,0.0,553.3,214.41,0,M,0
TXN001326,2023-11-10,2023,11,4,Friday,Clothing,North,Mobile App,SP_018,5,79.79,0.1,359.06,231.87,1,S,1
TXN002306,2023-11-10,2023,11,4,Friday,Clothing,West,Online,SP_034,2,79.77,0.15,135.61,78.8,0,XS,1
TXN002323,2023-11-10,2023,11,4,Friday,Clothing,North,Wholesale,SP_024,4,80.17,0.05,304.65,151.42,0,S,1
TXN001851,2023-11-10,2023,11,4,Friday,Sports,West,Retail Store,SP_012,9,99.22,0.0,892.98,330.17,0,M,0
TXN001665,2023-11-10,2023,11,4,Friday,Electronics,South,Online,SP_038,14,412.04,0.05,5480.13,1293.51,0,XL,1
TXN004121,2023-11-11,2023,11,4,Saturday,Books,East,Mobile App,SP_035,10,23.5,0.1,211.5,134.34,0,S,1
TXN002685,2023-11-12,2023,11,4,Sunday,Electronics,West,Wholesale,SP_027,17,468.42,0.1,7166.83,2306.06,0,XL,1
TXN004057,2023-11-12,2023,11,4,Sunday,Sports,Central,Mobile App,SP_001,7,85.5,0.0,598.5,188.27,0,M,0
TXN001915,2023-11-13,2023,11,4,Monday,Clothing,South,Retail Store,SP_002,4,65.81,0.0,263.24,134.44,0,S,0
TXN000065,2023-11-13,2023,11,4,Monday,Sports,South,Online,SP_019,8,93.92,0.05,713.79,319.77,0,M,1
TXN003355,2023-11-13,2023,11,4,Monday,Electronics,East,Online,SP_013,8,516.94,0.15,3515.19,1076.2,0,L,1
TXN002543,2023-11-14,2023,11,4,Tuesday,Clothing,North,Retail Store,SP_001,8,84.44,0.05,641.74,305.4,0,M,1
TXN003311,2023-11-14,2023,11,4,Tuesday,Books,West,Online,SP_006,8,28.54,0.1,205.49,141.65,0,S,1
TXN000954,2023-11-14,2023,11,4,Tuesday,Electronics,East,Mobile App,SP_010,13,409.46,0.1,4790.68,1581.38,0,L,1
TXN003192,2023-11-15,2023,11,4,Wednesday,Electronics,Central,Mobile App,SP_010,18,455.8,0.0,8204.4,2320.72,1,XL,0
TXN002796,2023-11-15,2023,11,4,Wednesday,Sports,East,Wholesale,SP_004,3,100.12,0.0,300.36,93.37,0,S,0
TXN001073,2023-11-16,2023,11,4,Thursday,Clothing,West,Mobile App,SP_025,3,65.66,0.05,187.13,119.54,0,XS,1
TXN000612,2023-11-16,2023,11,4,Thursday,Clothing,South,Retail Store,SP_015,8,84.13,0.05,639.39,298.18,0,M,1
TXN004199,2023-11-17,2023,11,4,Friday,Home Goods,North,Wholesale,SP_032,9,123.98,0.15,948.45,446.06,0,M,1
TXN004603,2023-11-17,2023,11,4,Friday,Home Goods,West,Wholesale,SP_005,6,137.33,0.0,823.98,292.24,1,M,0
TXN004223,2023-11-18,2023,11,4,Saturday,Books,West,Online,SP_015,8,25.84,0.0,206.72,111.24,0,S,0
TXN004705,2023-11-18,2023,11,4,Saturday,Home Goods,North,Online,SP_008,2,117.66,0.1,211.79,76.47,0,S,1
TXN001348,2023-11-18,2023,11,4,Saturday,Clothing,South,Retail Store,SP_025,5,76.28,0.05,362.33,179.18,0,S,1
TXN002656,2023-11-19,2023,11,4,Sunday,Clothing,East,Retail Store,SP_008,5,64.54,0.1,290.43,150.11,0,S,1
TXN001795,2023-11-19,2023,11,4,Sunday,Books,South,Online,SP_024,7,24.83,0.05,165.12,89.96,0,XS,1
TXN002668,2023-11-20,2023,11,4,Monday,Electronics,West,Wholesale,SP_012,10,485.3,0.0,4853.0,1364.27,0,L,0
TXN004728,2023-11-20,2023,11,4,Monday,Books,West,Online,SP_003,8,25.93,0.0,207.44,126.28,0,S,0
TXN001364,2023-11-20,2023,11,4,Monday,Clothing,West,Online,SP_032,6,70.96,0.0,425.76,205.67,0,S,0
TXN001910,2023-11-20,2023,11,4,Monday,Home Goods,East,Retail Store,SP_017,4,121.67,0.0,486.68,168.58,0,S,0
TXN004429,2023-11-20,2023,11,4,Monday,Electronics,South,Online,SP_015,9,438.24,0.0,3944.16,999.35,0,L,0
TXN004752,2023-11-21,2023,11,4,Tuesday,Clothing,East,Wholesale,SP_039,2,75.03,0.0,150.06,69.33,0,XS,0
TXN004330,2023-11-21,2023,11,4,Tuesday,Clothing,East,Mobile App,SP_016,2,69.37,0.0,138.74,86.31,0,XS,0
TXN002802,2023-11-21,2023,11,4,Tuesday,Books,North,Mobile App,SP_039,3,24.69,0.2,59.26,33.84,0,XS,1
TXN000884,2023-11-22,2023,11,4,Wednesday,Sports,West,Mobile App,SP_026,6,96.69,0.1,522.13,173.6,0,M,1
TXN001361,2023-11-22,2023,11,4,Wednesday,Electronics,West,Mobile App,SP_004,13,438.09,0.0,5695.17,1337.52,0,XL,0
TXN000227,2023-11-22,2023,11,4,Wednesday,Books,South,Retail Store,SP_019,5,21.38,0.05,101.55,60.55,0,XS,1
TXN001322,2023-11-22,2023,11,4,Wednesday,Home Goods,Central,Mobile App,SP_010,5,105.48,0.05,501.03,187.41,0,M,1
TXN002459,2023-11-22,2023,11,4,Wednesday,Clothing,Central,Wholesale,SP_027,10,75.16,0.0,751.6,470.15,1,M,0
TXN000219,2023-11-23,2023,11,4,Thursday,Electronics,East,Online,SP_011,16,394.55,0.0,6312.8,1899.81,0,XL,0
TXN003318,2023-11-23,2023,11,4,Thursday,Sports,East,Online,SP_001,5,90.21,0.2,360.84,154.72,1,S,1
TXN002367,2023-11-23,2023,11,4,Thursday,Home Goods,Central,Retail Store,SP_026,3,108.95,0.0,326.85,145.63,1,S,0
TXN003970,2023-11-23,2023,11,4,Thursday,Home Goods,Central,Retail Store,SP_022,6,135.64,0.1,732.46,334.87,0,M,1
TXN001887,2023-11-24,2023,11,4,Friday,Electronics,South,Retail Store,SP_008,15,400.19,0.15,5102.42,1311.37,0,XL,1
TXN003533,2023-11-24,2023,11,4,Friday,Clothing,North,Mobile App,SP_013,19,69.45,0.1,1187.6,669.85,0,L,1
TXN001856,2023-11-24,2023,11,4,Friday,Sports,Central,Mobile App,SP_018,9,94.7,0.0,852.3,371.62,0,M,0
TXN001016,2023-11-24,2023,11,4,Friday,Clothing,Central,Mobile App,SP_014,12,67.68,0.1,730.94,333.0,0,M,1
TXN002714,2023-11-25,2023,11,4,Saturday,Clothing,South,Wholesale,SP_029,10,69.25,0.0,692.5,448.44,1,M,0
TXN003620,2023-11-25,2023,11,4,Saturday,Sports,North,Retail Store,SP_011,3,97.01,0.0,291.03,99.43,0,S,0
TXN000785,2023-11-25,2023,11,4,Saturday,Clothing,West,Mobile App,SP_006,4,74.91,0.1,269.68,159.59,1,S,1
TXN000681,2023-11-25,2023,11,4,Saturday,Books,East,Mobile App,SP_020,5,27.66,0.0,138.3,84.37,0,XS,0
TXN003043,2023-11-25,2023,11,4,Saturday,Home Goods,Central,Mobile App,SP_038,5,130.78,0.0,653.9,266.3,1,M,0
TXN004702,2023-11-26,2023,11,4,Sunday,Sports,West,Wholesale,SP_007,8,92.31,0.0,738.48,275.33,0,M,0
TXN001112,2023-11-26,2023,11,4,Sunday,Electronics,North,Wholesale,SP_021,19,386.85,0.05,6982.64,1925.84,0,XL,1
TXN003280,2023-11-26,2023,11,4,Sunday,Sports,West,Mobile App,SP_009,11,83.94,0.0,923.34,310.86,0,M,0
TXN004289,2023-11-26,2023,11,4,Sunday,Books,South,Online,SP_012,5,26.14,0.0,130.7,82.44,0,XS,0
TXN004003,2023-11-26,2023,11,4,Sunday,Books,Central,Retail Store,SP_016,7,25.25,0.0,176.75,126.62,0,XS,0
TXN002009,2023-11-27,2023,11,4,Monday,Books,North,Retail Store,SP_021,8,25.38,0.0,203.04,130.78,1,S,0
TXN001573,2023-11-27,2023,11,4,Monday,Sports,North,Online,SP_004,5,104.14,0.0,520.7,220.03,0,M,0
TXN004736,2023-11-27,2023,11,4,Monday,Books,South,Online,SP_034,9,27.72,0.15,212.06,128.1,0,S,1
TXN004549,2023-11-28,2023,11,4,Tuesday,Electronics,North,Retail Store,SP_027,8,449.02,0.2,2873.73,946.02,0,L,1
TXN001228,2023-11-28,2023,11,4,Tuesday,Electronics,South,Wholesale,SP_027,19,487.69,0.0,9266.11,2273.57,0,XL,0
TXN000657,2023-11-28,2023,11,4,Tuesday,Home Goods,South,Online,SP_039,6,105.71,0.05,602.55,275.24,0,M,1
TXN002001,2023-11-28,2023,11,4,Tuesday,Electronics,West,Mobile App,SP_007,19,389.05,0.0,7391.95,2232.57,1,XL,0
TXN002834,2023-11-28,2023,11,4,Tuesday,Sports,South,Online,SP_039,10,92.91,0.05,882.64,390.42,0,M,1
TXN004173,2023-11-28,2023,11,4,Tuesday,Clothing,West,Wholesale,SP_024,5,83.51,0.1,375.8,169.35,0,S,1
TXN004590,2023-11-28,2023,11,4,Tuesday,Home Goods,North,Wholesale,SP_027,7,134.87,0.1,849.68,318.24,0,M,1
TXN001895,2023-11-29,2023,11,4,Wednesday,Clothing,South,Wholesale,SP_008,9,80.86,0.1,654.97,322.82,1,M,1
TXN004410,2023-11-29,2023,11,4,Wednesday,Home Goods,Central,Mobile App,SP_022,12,110.91,0.0,1330.92,562.71,1,L,0
TXN000377,2023-11-29,2023,11,4,Wednesday,Books,Central,Retail Store,SP_029,8,27.85,0.0,222.8,168.4,0,S,0
TXN002519,2023-11-29,2023,11,4,Wednesday,Electronics,West,Retail Store,SP_012,9,491.1,0.15,3756.92,1174.46,0,L,1
TXN001893,2023-11-29,2023,11,4,Wednesday,Clothing,South,Mobile App,SP_003,5,66.18,0.0,330.9,185.41,0,S,0
TXN001334,2023-11-30,2023,11,4,Thursday,Home Goods,Central,Mobile App,SP_009,4,110.38,0.05,419.44,159.6,0,S,1
TXN001114,2023-12-01,2023,12,4,Friday,Home Goods,West,Mobile App,SP_036,6,127.27,0.15,649.08,297.23,0,M,1
TXN001715,2023-12-01,2023,12,4,Friday,Electronics,South,Retail Store,SP_029,17,389.47,0.15,5627.84,1335.7,1,XL,1
TXN004347,2023-12-02,2023,12,4,Saturday,Books,Central,Wholesale,SP_007,6,26.61,0.05,151.68,117.64,0,XS,1
TXN004750,2023-12-02,2023,12,4,Saturday,Electronics,Central,Mobile App,SP_028,9,390.46,0.1,3162.73,1033.27,0,L,1
TXN000309,2023-12-02,2023,12,4,Saturday,Sports,North,Retail Store,SP_038,3,83.93,0.05,239.2,94.83,0,S,1
TXN001557,2023-12-02,2023,12,4,Saturday,Home Goods,Central,Online,SP_028,8,128.76,0.1,927.07,367.53,0,M,1
TXN001300,2023-12-02,2023,12,4,Saturday,Books,Central,Online,SP_009,9,21.68,0.05,185.36,114.43,1,XS,1
TXN001625,2023-12-03,2023,12,4,Sunday,Clothing,East,Retail Store,SP_008,11,64.88,0.0,713.68,394.46,0,M,0
TXN003956,2023-12-03,2023,12,4,Sunday,Home Goods,Central,Mobile App,SP_019,8,108.84,0.05,827.18,309.63,0,M,1
TXN004401,2023-12-04,2023,12,4,Monday,Sports,West,Wholesale,SP_036,8,83.77,0.0,670.16,205.31,0,M,0
TXN000323,2023-12-04,2023,12,4,Monday,Clothing,West,Wholesale,SP_018,8,79.14,0.0,633.12,352.61,0,M,0
TXN000169,2023-12-04,2023,12,4,Monday,Home Goods,West,Online,SP_004,5,136.68,0.2,546.72,235.15,0,M,1
TXN000380,2023-12-04,2023,12,4,Monday,Sports,East,Mobile App,SP_007,5,94.89,0.05,450.73,156.59,0,S,1
TXN001119,2023-12-04,2023,12,4,Monday,Home Goods,South,Online,SP_002,7,124.17,0.15,738.81,326.91,0,M,1
TXN001829,2023-12-05,2023,12,4,Tuesday,Home Goods,North,Retail Store,SP_024,6,126.53,0.05,721.22,361.77,0,M,1
TXN002285,2023-12-06,2023,12,4,Wednesday,Books,South,Mobile App,SP_023,3,25.52,0.0,76.56,46.15,0,XS,0
TXN003154,2023-12-06,2023,12,4,Wednesday,Clothing,West,Online,SP_002,4,67.68,0.0,270.72,149.39,0,S,0
TXN000820,2023-12-06,2023,12,4,Wednesday,Electronics,North,Wholesale,SP_003,11,412.86,0.1,4087.31,1153.35,0,L,1
TXN002979,2023-12-07,2023,12,4,Thursday,Electronics,East,Retail Store,SP_005,4,413.76,0.05,1572.29,484.12,0,L,1
TXN001335,2023-12-07,2023,12,4,Thursday,Home Goods,Central,Retail Store,SP_007,3,135.59,0.1,366.09,169.49,1,S,1
TXN000497,2023-12-07,2023,12,4,Thursday,Sports,Central,Mobile App,SP_037,7,98.61,0.15,586.73,210.36,0,M,1
TXN004190,2023-12-08,2023,12,4,Friday,Sports,West,Online,SP_006,3,108.12,0.1,291.92,119.42,0,S,1
TXN000433,2023-12-08,2023,12,4,Friday,Books,East,Retail Store,SP_024,9,28.1,0.0,252.9,171.64,0,S,0
TXN003385,2023-12-08,2023,12,4,Friday,Home Goods,Central,Retail Store,SP_007,8,103.02,0.0,824.16,297.63,0,M,0
TXN001447,2023-12-08,2023,12,4,Friday,Home Goods,West,Retail Store,SP_022,8,109.19,0.0,873.52,295.56,0,M,0
TXN004008,2023-12-08,2023,12,4,Friday,Books,East,Wholesale,SP_031,4,21.91,0.1,78.88,60.63,0,XS,1
TXN004624,2023-12-08,2023,12,4,Friday,Sports,East,Retail Store,SP_029,6,100.67,0.15,513.42,193.16,0,M,1
TXN001719,2023-12-08,2023,12,4,Friday,Clothing,Central,Wholesale,SP_034,3,75.98,0.05,216.54,108.38,0,S,1
TXN001710,2023-12-08,2023,12,4,Friday,Books,South,Online,SP_032,9,28.32,0.0,254.88,172.92,0,S,0
TXN004619,2023-12-08,2023,12,4,Friday,Books,West,Mobile App,SP_038,5,24.03,0.0,120.15,65.29,0,XS,0
TXN001971,2023-12-09,2023,12,4,Saturday,Home Goods,North,Online,SP_036,13,129.88,0.0,1688.44,757.17,0,L,0
TXN003508,2023-12-09,2023,12,4,Saturday,Sports,East,Mobile App,SP_034,10,103.54,0.15,880.09,284.68,0,M,1
TXN001357,2023-12-09,2023,12,4,Saturday,Clothing,South,Online,SP_024,10,70.26,0.1,632.34,374.12,0,M,1
TXN004207,2023-12-09,2023,12,4,Saturday,Books,West,Online,SP_020,6,24.05,0.0,144.3,99.37,0,XS,0
TXN000298,2023-12-10,2023,12,4,Sunday,Sports,South,Mobile App,SP_018,6,85.17,0.0,511.02,161.78,1,M,0
TXN004949,2023-12-10,2023,12,4,Sunday,Books,West,Wholesale,SP_015,3,26.53,0.05,75.61,52.46,0,XS,1
TXN002511,2023-12-11,2023,12,4,Monday,Books,West,Mobile App,SP_038,4,23.18,0.05,88.08,52.82,0,XS,1
TXN004338,2023-12-11,2023,12,4,Monday,Books,Central,Online,SP_035,8,21.47,0.05,163.17,86.91,1,XS,1
TXN001652,2023-12-11,2023,12,4,Monday,Books,West,Wholesale,SP_018,10,23.2,0.0,232.0,131.05,0,S,0
TXN003230,2023-12-11,2023,12,4,Monday,Books,South,Mobile App,SP_013,5,23.38,0.05,111.05,65.92,0,XS,1
TXN003542,2023-12-11,2023,12,4,Monday,Electronics,Central,Online,SP_029,6,450.0,0.1,2430.0,773.47,0,L,1
TXN000101,2023-12-11,2023,12,4,Monday,Books,East,Online,SP_013,3,24.91,0.0,74.73,53.83,0,XS,0
TXN003941,2023-12-11,2023,12,4,Monday,Sports,East,Online,SP_011,5,88.71,0.1,399.19,140.52,0,S,1
TXN001379,2023-12-12,2023,12,4,Tuesday,Home Goods,South,Retail Store,SP_022,6,117.28,0.05,668.5,285.56,1,M,1
TXN002214,2023-12-12,2023,12,4,Tuesday,Sports,Central,Wholesale,SP_039,10,81.9,0.05,778.05,303.17,0,M,1
TXN000958,2023-12-12,2023,12,4,Tuesday,Home Goods,North,Mobile App,SP_006,6,102.99,0.0,617.94,294.21,0,M,0
TXN004394,2023-12-12,2023,12,4,Tuesday,Sports,North,Retail Store,SP_016,9,98.87,0.05,845.34,258.59,0,M,1
TXN001668,2023-12-12,2023,12,4,Tuesday,Books,Central,Mobile App,SP_019,10,26.05,0.0,260.5,163.62,0,S,0
TXN002297,2023-12-12,2023,12,4,Tuesday,Books,Central,Online,SP_024,5,27.35,0.0,136.75,104.15,0,XS,0
TXN001916,2023-12-13,2023,12,4,Wednesday,Books,South,Online,SP_035,8,24.21,0.0,193.68,146.0,0,XS,0
TXN000464,2023-12-13,2023,12,4,Wednesday,Clothing,Central,Online,SP_025,11,76.54,0.1,757.75,379.2,0,M,1
TXN004927,2023-12-13,2023,12,4,Wednesday,Electronics,East,Wholesale,SP_012,8,424.84,0.1,3058.85,816.56,0,L,1
TXN003303,2023-12-13,2023,12,4,Wednesday,Home Goods,North,Online,SP_037,8,119.38,0.0,955.04,474.54,0,M,0
TXN002372,2023-12-13,2023,12,4,Wednesday,Clothing,South,Online,SP_004,10,73.5,0.0,735.0,385.29,1,M,0
TXN000229,2023-12-14,2023,12,4,Thursday,Books,Central,Online,SP_025,6,23.1,0.15,117.81,76.09,1,XS,1
TXN004694,2023-12-14,2023,12,4,Thursday,Books,South,Retail Store,SP_016,6,27.78,0.05,158.35,83.61,0,XS,1
TXN002251,2023-12-14,2023,12,4,Thursday,Electronics,Central,Wholesale,SP_009,7,435.65,0.0,3049.55,1004.08,0,L,0
TXN001127,2023-12-14,2023,12,4,Thursday,Sports,Central,Mobile App,SP_017,2,108.91,0.05,206.93,83.63,0,S,1
TXN003844,2023-12-14,2023,12,4,Thursday,Home Goods,North,Online,SP_026,5,124.32,0.15,528.36,194.3,0,M,1
TXN000345,2023-12-15,2023,12,4,Friday,Home Goods,East,Wholesale,SP_026,3,103.0,0.0,309.0,136.6,0,S,0
TXN001698,2023-12-15,2023,12,4,Friday,Electronics,Central,Mobile App,SP_032,5,437.63,0.0,2188.15,604.98,0,L,0
TXN001623,2023-12-15,2023,12,4,Friday,Home Goods,East,Online,SP_004,6,134.02,0.0,804.12,401.15,0,M,0
TXN000934,2023-12-15,2023,12,4,Friday,Electronics,West,Wholesale,SP_029,6,438.62,0.05,2500.13,763.97,0,L,1
TXN002501,2023-12-15,2023,12,4,Friday,Books,East,Mobile App,SP_011,4,23.92,0.15,81.33,58.61,0,XS,1
TXN004092,2023-12-15,2023,12,4,Friday,Clothing,South,Wholesale,SP_009,9,69.13,0.1,559.95,312.6,1,M,1
TXN000760,2023-12-15,2023,12,4,Friday,Electronics,East,Retail Store,SP_004,12,404.66,0.0,4855.92,1154.87,0,L,0
TXN001424,2023-12-16,2023,12,4,Saturday,Books,South,Online,SP_016,10,25.66,0.0,256.6,167.44,1,S,0
TXN004139,2023-12-16,2023,12,4,Saturday,Sports,West,Mobile App,SP_007,7,86.16,0.15,512.65,193.39,0,M,1
TXN002411,2023-12-17,2023,12,4,Sunday,Sports,South,Wholesale,SP_020,9,105.37,0.0,948.33,370.39,0,M,0
TXN000424,2023-12-18,2023,12,4,Monday,Electronics,East,Wholesale,SP_009,7,498.32,0.0,3488.24,1041.92,0,L,0
TXN003223,2023-12-18,2023,12,4,Monday,Sports,South,Mobile App,SP_012,5,83.55,0.05,396.86,136.36,0,S,1
TXN001601,2023-12-18,2023,12,4,Monday,Sports,South,Retail Store,SP_037,6,101.65,0.1,548.91,197.05,0,M,1
TXN001356,2023-12-18,2023,12,4,Monday,Books,North,Mobile App,SP_011,10,25.96,0.1,233.64,181.88,0,S,1
TXN001872,2023-12-19,2023,12,4,Tuesday,Electronics,Central,Wholesale,SP_002,18,458.54,0.05,7841.03,2343.99,0,XL,1
TXN004118,2023-12-19,2023,12,4,Tuesday,Sports,East,Mobile App,SP_010,5,82.19,0.05,390.4,164.0,1,S,1
TXN002879,2023-12-20,2023,12,4,Wednesday,Clothing,West,Mobile App,SP_014,6,80.26,0.05,457.48,284.68,0,S,1
TXN002499,2023-12-20,2023,12,4,Wednesday,Electronics,Central,Mobile App,SP_036,10,454.23,0.0,4542.3,1502.19,0,L,0
TXN002549,2023-12-20,2023,12,4,Wednesday,Sports,South,Retail Store,SP_040,7,96.21,0.1,606.12,197.34,0,M,1
TXN000982,2023-12-20,2023,12,4,Wednesday,Clothing,South,Wholesale,SP_011,4,66.89,0.15,227.43,127.68,0,S,1
TXN003048,2023-12-20,2023,12,4,Wednesday,Home Goods,East,Wholesale,SP_007,8,111.59,0.1,803.45,279.32,0,M,1
TXN003125,2023-12-20,2023,12,4,Wednesday,Clothing,West,Retail Store,SP_013,7,82.78,0.1,521.51,302.32,0,M,1
TXN003934,2023-12-20,2023,12,4,Wednesday,Home Goods,North,Online,SP_038,6,128.65,0.1,694.71,308.64,0,M,1
TXN000017,2023-12-20,2023,12,4,Wednesday,Home Goods,Central,Online,SP_008,8,128.13,0.1,922.54,449.01,0,M,1
TXN004657,2023-12-21,2023,12,4,Thursday,Books,South,Online,SP_026,11,26.01,0.1,257.5,142.52,1,S,1
TXN002968,2023-12-21,2023,12,4,Thursday,Clothing,Central,Online,SP_023,11,66.57,0.05,695.66,454.15,1,M,1
TXN000343,2023-12-21,2023,12,4,Thursday,Home Goods,Central,Wholesale,SP_002,10,128.89,0.05,1224.45,456.41,0,L,1
TXN003659,2023-12-21,2023,12,4,Thursday,Books,West,Mobile App,SP_008,9,24.6,0.05,210.33,133.51,0,S,1
TXN004748,2023-12-21,2023,12,4,Thursday,Clothing,North,Online,SP_001,8,69.86,0.0,558.88,331.13,0,M,0
TXN000644,2023-12-22,2023,12,4,Friday,Sports,South,Mobile App,SP_025,6,85.85,0.0,515.1,227.21,0,M,0
TXN002728,2023-12-22,2023,12,4,Friday,Electronics,West,Wholesale,SP_035,9,502.01,0.05,4292.19,1052.02,0,L,1
TXN000906,2023-12-22,2023,12,4,Friday,Electronics,Central,Wholesale,SP_035,15,404.88,0.05,5769.54,1926.96,0,XL,1
TXN004583,2023-12-22,2023,12,4,Friday,Home Goods,East,Mobile App,SP_006,3,133.01,0.1,359.13,180.56,0,S,1
TXN001510,2023-12-23,2023,12,4,Saturday,Home Goods,West,Online,SP_008,2,122.89,0.0,245.78,88.27,0,S,0
TXN004144,2023-12-23,2023,12,4,Saturday,Home Goods,West,Mobile App,SP_010,8,111.89,0.1,805.61,395.23,0,M,1
TXN003350,2023-12-23,2023,12,4,Saturday,Clothing,East,Retail Store,SP_036,4,68.32,0.15,232.29,116.2,0,S,1
TXN003364,2023-12-23,2023,12,4,Saturday,Clothing,North,Retail Store,SP_040,7,72.98,0.0,510.86,284.27,1,M,0
TXN003778,2023-12-23,2023,12,4,Saturday,Electronics,Central,Online,SP_014,5,434.99,0.2,1739.96,411.52,0,L,1
TXN001685,2023-12-23,2023,12,4,Saturday,Clothing,East,Retail Store,SP_019,6,77.18,0.1,416.77,215.84,0,S,1
TXN000537,2023-12-24,2023,12,4,Sunday,Clothing,North,Online,SP_016,6,78.4,0.0,470.4,292.3,0,S,0
TXN003062,2023-12-24,2023,12,4,Sunday,Sports,South,Mobile App,SP_026,9,83.27,0.0,749.43,274.26,0,M,0
TXN001917,2023-12-24,2023,12,4,Sunday,Clothing,East,Retail Store,SP_007,10,79.57,0.1,716.13,449.25,0,M,1
TXN002347,2023-12-24,2023,12,4,Sunday,Books,Central,Wholesale,SP_029,4,25.66,0.0,102.64,66.89,0,XS,0
TXN001536,2023-12-24,2023,12,4,Sunday,Sports,East,Wholesale,SP_008,5,82.19,0.15,349.31,153.08,1,S,1
TXN002577,2023-12-25,2023,12,4,Monday,Books,East,Mobile App,SP_028,10,22.85,0.1,205.65,160.27,0,S,1
TXN001789,2023-12-25,2023,12,4,Monday,Sports,South,Retail Store,SP_006,9,96.25,0.05,822.94,334.63,1,M,1
TXN003712,2023-12-25,2023,12,4,Monday,Home Goods,South,Retail Store,SP_010,7,123.63,0.15,735.6,300.09,1,M,1
TXN002478,2023-12-26,2023,12,4,Tuesday,Home Goods,Central,Online,SP_026,8,110.86,0.05,842.54,315.47,0,M,1
TXN001542,2023-12-26,2023,12,4,Tuesday,Electronics,East,Retail Store,SP_040,19,423.77,0.1,7246.47,2251.36,0,XL,1
TXN003946,2023-12-26,2023,12,4,Tuesday,Sports,South,Mobile App,SP_017,12,98.49,0.05,1122.79,504.18,0,L,1
TXN001141,2023-12-26,2023,12,4,Tuesday,Clothing,North,Wholesale,SP_014,5,85.54,0.0,427.7,251.43,0,S,0
TXN001983,2023-12-26,2023,12,4,Tuesday,Books,West,Retail Store,SP_019,6,23.31,0.0,139.86,102.56,0,XS,0
TXN004064,2023-12-26,2023,12,4,Tuesday,Sports,West,Online,SP_020,6,88.93,0.05,506.9,206.26,0,M,1
TXN001173,2023-12-27,2023,12,4,Wednesday,Sports,East,Online,SP_026,10,99.18,0.0,991.8,354.38,1,M,0
TXN001246,2023-12-27,2023,12,4,Wednesday,Clothing,West,Online,SP_034,5,72.4,0.05,343.9,207.18,0,S,1
TXN004196,2023-12-27,2023,12,4,Wednesday,Home Goods,North,Retail Store,SP_025,6,135.22,0.15,689.62,343.86,0,M,1
TXN000867,2023-12-27,2023,12,4,Wednesday,Clothing,West,Mobile App,SP_031,4,84.14,0.0,336.56,206.14,0,S,0
TXN004621,2023-12-27,2023,12,4,Wednesday,Home Goods,West,Online,SP_022,5,132.5,0.0,662.5,258.35,0,M,0
TXN002655,2023-12-27,2023,12,4,Wednesday,Electronics,West,Wholesale,SP_011,19,499.2,0.0,9484.8,2151.77,0,XL,0
TXN000285,2023-12-28,2023,12,4,Thursday,Home Goods,Central,Wholesale,SP_017,4,103.21,0.05,392.2,189.71,0,S,1
TXN002888,2023-12-28,2023,12,4,Thursday,Books,Central,Wholesale,SP_007,5,21.27,0.0,106.35,62.63,1,XS,0
TXN000835,2023-12-28,2023,12,4,Thursday,Sports,West,Mobile App,SP_016,7,106.12,0.05,705.7,240.81,0,M,1
TXN002348,2023-12-28,2023,12,4,Thursday,Books,South,Mobile App,SP_028,6,23.23,0.0,139.38,105.28,0,XS,0
TXN003667,2023-12-29,2023,12,4,Friday,Sports,East,Wholesale,SP_009,4,80.81,0.15,274.75,112.08,0,S,1
TXN004952,2023-12-29,2023,12,4,Friday,Home Goods,West,Retail Store,SP_012,7,136.86,0.1,862.22,343.21,1,M,1
TXN004234,2023-12-29,2023,12,4,Friday,Electronics,Central,Wholesale,SP_029,20,450.35,0.1,8106.3,2002.98,0,XL,1
TXN002993,2023-12-29,2023,12,4,Friday,Electronics,West,Wholesale,SP_038,23,512.02,0.05,11187.64,2959.2,0,XL,1
TXN000468,2023-12-29,2023,12,4,Friday,Electronics,South,Mobile App,SP_023,8,500.91,0.15,3406.19,964.49,0,L,1
TXN001519,2023-12-29,2023,12,4,Friday,Books,North,Wholesale,SP_002,11,23.37,0.0,257.07,145.97,1,S,0
TXN000829,2023-12-29,2023,12,4,Friday,Electronics,West,Retail Store,SP_006,10,486.24,0.1,4376.16,1088.9,0,L,1
TXN003835,2023-12-30,2023,12,4,Saturday,Electronics,Central,Online,SP_009,13,515.23,0.2,5358.39,1223.16,0,XL,1
TXN003562,2023-12-30,2023,12,4,Saturday,Books,North,Online,SP_038,3,25.8,0.05,73.53,45.02,0,XS,1
TXN000698,2023-12-30,2023,12,4,Saturday,Home Goods,East,Mobile App,SP_035,7,127.57,0.0,892.99,401.66,1,M,0
TXN003345,2023-12-30,2023,12,4,Saturday,Sports,East,Wholesale,SP_011,10,89.51,0.05,850.35,299.23,0,M,1
TXN001224,2023-12-31,2023,12,4,Sunday,Sports,South,Mobile App,SP_007,9,95.92,0.0,863.28,374.28,0,M,0
TXN004641,2023-12-31,2023,12,4,Sunday,Sports,West,Online,SP_001,6,102.55,0.1,553.77,224.89,0,M,1
TXN000814,2023-12-31,2023,12,4,Sunday,Clothing,Central,Mobile App,SP_012,4,84.99,0.05,322.96,199.24,0,S,1
TXN002670,2024-01-01,2024,1,1,Monday,Home Goods,North,Mobile App,SP_039,5,109.22,0.05,518.79,183.76,0,M,1
TXN003516,2024-01-01,2024,1,1,Monday,Clothing,North,Wholesale,SP_005,7,67.52,0.0,472.64,285.13,0,S,0
TXN003060,2024-01-01,2024,1,1,Monday,Electronics,Central,Online,SP_003,4,506.2,0.0,2024.8,659.62,1,L,0
TXN000543,2024-01-01,2024,1,1,Monday,Books,North,Online,SP_007,8,24.52,0.1,176.54,99.0,1,XS,1
TXN004119,2024-01-01,2024,1,1,Monday,Clothing,South,Retail Store,SP_035,8,77.5,0.15,527.0,325.36,0,M,1
TXN000504,2024-01-02,2024,1,1,Tuesday,Home Goods,West,Wholesale,SP_025,8,119.42,0.1,859.82,418.55,0,M,1
TXN003749,2024-01-02,2024,1,1,Tuesday,Home Goods,North,Mobile App,SP_036,5,125.29,0.0,626.45,286.71,0,M,0
TXN004093,2024-01-02,2024,1,1,Tuesday,Clothing,West,Retail Store,SP_010,8,80.22,0.1,577.58,337.65,0,M,1
TXN001693,2024-01-03,2024,1,1,Wednesday,Clothing,North,Wholesale,SP_009,8,66.26,0.05,503.58,267.68,1,M,1
TXN001696,2024-01-03,2024,1,1,Wednesday,Sports,South,Wholesale,SP_011,17,100.88,0.15,1457.72,535.55,0,L,1
TXN004940,2024-01-03,2024,1,1,Wednesday,Books,West,Online,SP_003,8,28.57,0.15,194.28,104.67,0,XS,1
TXN000428,2024-01-04,2024,1,1,Thursday,Books,Central,Retail Store,SP_018,8,26.8,0.0,214.4,138.52,1,S,0
TXN001618,2024-01-04,2024,1,1,Thursday,Books,North,Online,SP_016,5,24.13,0.1,108.58,74.06,1,XS,1
TXN004162,2024-01-04,2024,1,1,Thursday,Sports,South,Retail Store,SP_023,11,95.25,0.15,890.59,327.39,0,M,1
TXN000153,2024-01-04,2024,1,1,Thursday,Electronics,West,Wholesale,SP_017,4,410.27,0.05,1559.03,370.42,0,L,1
TXN000811,2024-01-05,2024,1,1,Friday,Home Goods,West,Mobile App,SP_004,4,136.36,0.1,490.9,174.48,0,S,1
TXN002672,2024-01-05,2024,1,1,Friday,Sports,Central,Wholesale,SP_035,10,101.8,0.1,916.2,298.15,0,M,1
TXN002355,2024-01-06,2024,1,1,Saturday,Electronics,East,Wholesale,SP_022,7,445.68,0.05,2963.77,877.84,0,L,1
TXN001822,2024-01-06,2024,1,1,Saturday,Electronics,Central,Online,SP_029,2,486.05,0.05,923.5,228.58,0,M,1
TXN002789,2024-01-06,2024,1,1,Saturday,Clothing,South,Online,SP_002,6,79.56,0.1,429.62,253.15,0,S,1
TXN004069,2024-01-06,2024,1,1,Saturday,Sports,West,Wholesale,SP_032,12,102.59,0.05,1169.53,471.67,1,L,1
TXN004637,2024-01-06,2024,1,1,Saturday,Electronics,East,Mobile App,SP_019,4,457.01,0.0,1828.04,581.58,0,L,0
TXN004772,2024-01-06,2024,1,1,Saturday,Books,South,Wholesale,SP_024,10,23.83,0.0,238.3,141.69,0,S,0
TXN001840,2024-01-07,2024,1,1,Sunday,Electronics,North,Mobile App,SP_037,5,469.05,0.05,2227.99,584.1,0,L,1
TXN000601,2024-01-07,2024,1,1,Sunday,Books,North,Online,SP_014,5,21.32,0.1,95.94,54.91,0,XS,1
TXN001222,2024-01-07,2024,1,1,Sunday,Home Goods,East,Online,SP_037,6,120.9,0.1,652.86,285.13,0,M,1
TXN000326,2024-01-07,2024,1,1,Sunday,Sports,South,Retail Store,SP_020,7,92.7,0.15,551.56,181.78,1,M,1
TXN004073,2024-01-07,2024,1,1,Sunday,Home Goods,South,Online,SP_032,7,109.52,0.05,728.31,339.66,0,M,1
TXN004469,2024-01-07,2024,1,1,Sunday,Home Goods,South,Retail Store,SP_028,8,108.83,0.15,740.04,254.2,0,M,1
TXN003980,2024-01-08,2024,1,1,Monday,Sports,South,Wholesale,SP_003,4,93.05,0.05,353.59,126.51,0,S,1
TXN004874,2024-01-08,2024,1,1,Monday,Sports,Central,Retail Store,SP_017,7,102.68,0.1,646.88,247.84,0,M,1
TXN000621,2024-01-09,2024,1,1,Tuesday,Clothing,East,Online,SP_005,5,78.47,0.15,333.5,185.89,0,S,1
TXN004908,2024-01-09,2024,1,1,Tuesday,Clothing,North,Retail Store,SP_033,8,70.21,0.05,533.6,273.85,0,M,1
TXN002361,2024-01-09,2024,1,1,Tuesday,Home Goods,North,Online,SP_010,5,120.84,0.2,483.36,217.22,0,S,1
TXN001088,2024-01-09,2024,1,1,Tuesday,Clothing,North,Wholesale,SP_030,13,83.35,0.0,1083.55,527.65,0,L,0
TXN001423,2024-01-09,2024,1,1,Tuesday,Books,West,Retail Store,SP_025,6,23.63,0.0,141.78,105.2,0,XS,0
TXN000014,2024-01-09,2024,1,1,Tuesday,Home Goods,Central,Mobile App,SP_038,8,115.24,0.0,921.92,407.7,1,M,0
TXN000315,2024-01-10,2024,1,1,Wednesday,Clothing,East,Online,SP_012,8,68.53,0.2,438.59,257.0,0,S,1
TXN000083,2024-01-10,2024,1,1,Wednesday,Electronics,East,Retail Store,SP_005,2,463.07,0.1,833.53,217.91,0,M,1
TXN000150,2024-01-10,2024,1,1,Wednesday,Home Goods,Central,Wholesale,SP_011,6,105.05,0.0,630.3,287.63,0,M,0
TXN003794,2024-01-10,2024,1,1,Wednesday,Home Goods,West,Mobile App,SP_036,8,129.49,0.05,984.12,482.6,0,M,1
TXN004198,2024-01-11,2024,1,1,Thursday,Electronics,Central,Retail Store,SP_029,10,490.62,0.1,4415.58,1049.51,0,L,1
TXN003901,2024-01-11,2024,1,1,Thursday,Clothing,South,Mobile App,SP_029,10,82.39,0.0,823.9,479.69,0,M,0
TXN002528,2024-01-12,2024,1,1,Friday,Clothing,East,Wholesale,SP_018,2,74.16,0.05,140.9,83.91,0,XS,1
TXN000489,2024-01-12,2024,1,1,Friday,Home Goods,East,Wholesale,SP_016,4,116.59,0.0,466.36,203.4,0,S,0
TXN000158,2024-01-12,2024,1,1,Friday,Sports,Central,Retail Store,SP_027,13,103.09,0.1,1206.15,468.28,0,L,1
TXN004887,2024-01-12,2024,1,1,Friday,Books,West,Wholesale,SP_021,4,24.25,0.1,87.3,67.08,0,XS,1
TXN000074,2024-01-12,2024,1,1,Friday,Electronics,South,Retail Store,SP_015,2,490.49,0.0,980.98,239.36,1,M,0
TXN004648,2024-01-13,2024,1,1,Saturday,Electronics,North,Wholesale,SP_014,15,480.73,0.0,7210.95,2298.38,0,XL,0
TXN004504,2024-01-13,2024,1,1,Saturday,Books,East,Retail Store,SP_033,7,25.95,0.0,181.65,121.41,0,XS,0
TXN002595,2024-01-13,2024,1,1,Saturday,Clothing,North,Online,SP_027,6,81.45,0.0,488.7,248.12,1,S,0
TXN001138,2024-01-13,2024,1,1,Saturday,Electronics,West,Wholesale,SP_006,8,461.14,0.15,3135.75,896.6,0,L,1
TXN000696,2024-01-13,2024,1,1,Saturday,Home Goods,Central,Mobile App,SP_009,4,115.66,0.2,370.11,155.85,0,S,1
TXN004836,2024-01-13,2024,1,1,Saturday,Electronics,West,Mobile App,SP_007,6,503.19,0.0,3019.14,867.58,0,L,0
TXN002999,2024-01-13,2024,1,1,Saturday,Books,South,Mobile App,SP_017,7,21.57,0.1,135.89,90.05,0,XS,1
TXN004135,2024-01-14,2024,1,1,Sunday,Clothing,East,Retail Store,SP_031,14,75.32,0.0,1054.48,472.19,0,L,0
TXN000496,2024-01-14,2024,1,1,Sunday,Sports,Central,Retail Store,SP_036,8,87.39,0.0,699.12,298.94,0,M,0
TXN000584,2024-01-14,2024,1,1,Sunday,Electronics,East,Mobile App,SP_007,2,413.68,0.05,785.99,246.65,0,M,1
TXN003723,2024-01-15,2024,1,1,Monday,Clothing,North,Wholesale,SP_016,10,78.14,0.05,742.33,486.28,0,M,1
TXN004000,2024-01-15,2024,1,1,Monday,Clothing,Central,Online,SP_040,2,84.13,0.1,151.43,66.81,0,XS,1
TXN004733,2024-01-15,2024,1,1,Monday,Clothing,South,Mobile App,SP_011,9,77.82,0.1,630.34,369.56,0,M,1
TXN003502,2024-01-15,2024,1,1,Monday,Clothing,North,Mobile App,SP_010,10,67.01,0.0,670.1,327.37,0,M,0
TXN001140,2024-01-15,2024,1,1,Monday,Books,North,Retail Store,SP_031,5,28.4,0.05,134.9,99.98,1,XS,1
TXN004202,2024-01-15,2024,1,1,Monday,Clothing,West,Online,SP_013,4,70.37,0.0,281.48,134.36,0,S,0
TXN004696,2024-01-15,2024,1,1,Monday,Clothing,East,Wholesale,SP_018,5,75.08,0.0,375.4,240.13,0,S,0
TXN000445,2024-01-15,2024,1,1,Monday,Home Goods,North,Wholesale,SP_001,4,135.84,0.1,489.02,192.49,0,S,1
TXN003540,2024-01-16,2024,1,1,Tuesday,Sports,North,Wholesale,SP_030,12,100.5,0.2,964.8,434.8,0,M,1
TXN004898,2024-01-17,2024,1,1,Wednesday,Home Goods,Central,Mobile App,SP_005,4,135.85,0.1,489.06,172.97,0,S,1
TXN004561,2024-01-17,2024,1,1,Wednesday,Books,North,Retail Store,SP_005,10,25.48,0.1,229.32,147.78,0,S,1
TXN000351,2024-01-18,2024,1,1,Thursday,Books,North,Retail Store,SP_021,5,24.1,0.0,120.5,81.68,1,XS,0
TXN001412,2024-01-19,2024,1,1,Friday,Electronics,North,Online,SP_007,4,477.56,0.05,1814.73,541.02,1,L,1
TXN000793,2024-01-19,2024,1,1,Friday,Electronics,Central,Mobile App,SP_016,9,411.02,0.0,3699.18,1090.74,0,L,0
TXN003103,2024-01-19,2024,1,1,Friday,Books,North,Online,SP_022,5,21.46,0.05,101.94,68.71,0,XS,1
TXN002997,2024-01-20,2024,1,1,Saturday,Clothing,East,Wholesale,SP_023,10,73.1,0.05,694.45,445.16,0,M,1
TXN003988,2024-01-20,2024,1,1,Saturday,Electronics,East,Wholesale,SP_018,6,428.61,0.0,2571.66,717.58,0,L,0
TXN004924,2024-01-20,2024,1,1,Saturday,Home Goods,South,Mobile App,SP_032,7,120.05,0.15,714.3,309.4,0,M,1
TXN000465,2024-01-21,2024,1,1,Sunday,Sports,East,Wholesale,SP_025,12,89.59,0.0,1075.08,356.53,1,L,0
TXN001480,2024-01-21,2024,1,1,Sunday,Electronics,West,Online,SP_019,5,430.37,0.15,1829.07,419.14,0,L,1
TXN004625,2024-01-22,2024,1,1,Monday,Sports,South,Mobile App,SP_035,19,90.53,0.1,1548.06,638.64,0,L,1
TXN002284,2024-01-22,2024,1,1,Monday,Home Goods,North,Online,SP_005,7,108.74,0.0,761.18,301.65,0,M,0
TXN000002,2024-01-22,2024,1,1,Monday,Electronics,Central,Mobile App,SP_003,4,453.34,0.0,1813.36,493.92,1,L,0
TXN002451,2024-01-22,2024,1,1,Monday,Home Goods,East,Wholesale,SP_038,5,137.71,0.0,688.55,297.17,0,M,0
TXN000261,2024-01-23,2024,1,1,Tuesday,Home Goods,East,Mobile App,SP_016,4,110.71,0.1,398.56,181.73,0,S,1
TXN001551,2024-01-23,2024,1,1,Tuesday,Home Goods,West,Wholesale,SP_024,4,127.17,0.05,483.25,185.05,0,S,1
TXN000609,2024-01-23,2024,1,1,Tuesday,Home Goods,South,Wholesale,SP_024,9,106.05,0.2,763.56,376.37,1,M,1
TXN002472,2024-01-23,2024,1,1,Tuesday,Books,West,Online,SP_029,6,27.73,0.0,166.38,119.7,0,XS,0
TXN003791,2024-01-23,2024,1,1,Tuesday,Home Goods,South,Wholesale,SP_016,9,115.52,0.2,831.74,379.33,0,M,1
TXN001742,2024-01-23,2024,1,1,Tuesday,Electronics,North,Wholesale,SP_002,9,505.76,0.05,4324.25,1006.66,0,L,1
TXN001473,2024-01-24,2024,1,1,Wednesday,Clothing,Central,Mobile App,SP_014,7,74.79,0.0,523.53,281.96,0,M,0
TXN003638,2024-01-24,2024,1,1,Wednesday,Electronics,West,Online,SP_023,2,444.88,0.15,756.3,246.96,0,M,1
TXN002629,2024-01-24,2024,1,1,Wednesday,Sports,Central,Retail Store,SP_038,20,91.6,0.0,1832.0,609.93,0,L,0
TXN003497,2024-01-24,2024,1,1,Wednesday,Sports,North,Wholesale,SP_035,15,83.18,0.2,998.16,420.45,0,M,1
TXN003548,2024-01-25,2024,1,1,Thursday,Electronics,South,Mobile App,SP_007,10,454.26,0.05,4315.47,1129.28,1,L,1
TXN002626,2024-01-25,2024,1,1,Thursday,Electronics,Central,Online,SP_026,2,452.83,0.05,860.38,287.95,0,M,1
TXN001500,2024-01-25,2024,1,1,Thursday,Electronics,South,Wholesale,SP_008,3,455.28,0.0,1365.84,336.33,1,L,0
TXN004478,2024-01-25,2024,1,1,Thursday,Home Goods,East,Wholesale,SP_036,5,114.55,0.0,572.75,212.34,0,M,0
TXN003741,2024-01-26,2024,1,1,Friday,Sports,North,Mobile App,SP_031,10,102.82,0.05,976.79,337.88,0,M,1
TXN004661,2024-01-26,2024,1,1,Friday,Clothing,East,Online,SP_013,5,81.98,0.1,368.91,220.64,0,S,1
TXN001450,2024-01-26,2024,1,1,Friday,Electronics,West,Online,SP_030,5,415.19,0.0,2075.95,632.71,0,L,0
TXN000795,2024-01-26,2024,1,1,Friday,Home Goods,Central,Retail Store,SP_004,7,120.19,0.0,841.33,357.79,1,M,0
TXN001037,2024-01-27,2024,1,1,Saturday,Home Goods,West,Online,SP_004,6,117.39,0.05,669.12,270.95,0,M,1
TXN004845,2024-01-27,2024,1,1,Saturday,Electronics,East,Wholesale,SP_002,6,394.37,0.0,2366.22,704.6,1,L,0
TXN004078,2024-01-27,2024,1,1,Saturday,Electronics,North,Retail Store,SP_035,1,436.31,0.0,436.31,113.44,0,S,0
TXN003170,2024-01-27,2024,1,1,Saturday,Clothing,North,Retail Store,SP_006,6,71.85,0.0,431.1,270.54,0,S,0
TXN000611,2024-01-27,2024,1,1,Saturday,Electronics,East,Retail Store,SP_023,11,439.65,0.0,4836.15,1088.34,0,L,0
TXN001651,2024-01-28,2024,1,1,Sunday,Sports,Central,Online,SP_034,8,107.96,0.1,777.31,320.91,0,M,1
TXN003492,2024-01-28,2024,1,1,Sunday,Books,Central,Online,SP_007,4,22.68,0.0,90.72,53.81,0,XS,0
TXN000702,2024-01-28,2024,1,1,Sunday,Home Goods,South,Mobile App,SP_036,6,116.33,0.05,663.08,225.74,0,M,1
TXN002229,2024-01-28,2024,1,1,Sunday,Books,Central,Online,SP_010,1,25.47,0.15,21.65,12.44,0,XS,1
TXN003523,2024-01-29,2024,1,1,Monday,Electronics,South,Mobile App,SP_001,5,445.16,0.0,2225.8,687.06,0,L,0
TXN001301,2024-01-29,2024,1,1,Monday,Sports,South,Mobile App,SP_008,8,103.48,0.05,786.45,323.93,0,M,1
TXN001342,2024-01-29,2024,1,1,Monday,Sports,North,Wholesale,SP_006,11,94.21,0.0,1036.31,319.65,0,L,0
TXN000759,2024-01-29,2024,1,1,Monday,Sports,Central,Retail Store,SP_002,20,94.51,0.0,1890.2,722.32,0,L,0
TXN003196,2024-01-30,2024,1,1,Tuesday,Home Goods,East,Mobile App,SP_033,5,134.74,0.0,673.7,265.98,1,M,0
TXN003869,2024-01-30,2024,1,1,Tuesday,Books,West,Wholesale,SP_033,9,27.8,0.0,250.2,144.44,0,S,0
TXN001911,2024-01-30,2024,1,1,Tuesday,Sports,North,Wholesale,SP_034,20,107.8,0.0,2156.0,778.88,0,L,0
TXN004747,2024-01-30,2024,1,1,Tuesday,Clothing,Central,Wholesale,SP_030,5,67.31,0.0,336.55,151.87,0,S,0
TXN004147,2024-01-30,2024,1,1,Tuesday,Clothing,North,Retail Store,SP_025,7,75.38,0.0,527.66,270.85,0,M,0
TXN003924,2024-01-31,2024,1,1,Wednesday,Clothing,West,Retail Store,SP_005,8,71.09,0.0,568.72,288.01,0,M,0
TXN002068,2024-01-31,2024,1,1,Wednesday,Home Goods,South,Retail Store,SP_032,6,136.78,0.05,779.65,327.81,0,M,1
TXN000490,2024-01-31,2024,1,1,Wednesday,Sports,South,Online,SP_024,8,99.64,0.0,797.12,359.3,1,M,0
TXN004647,2024-01-31,2024,1,1,Wednesday,Books,North,Wholesale,SP_036,8,24.26,0.1,174.67,106.88,1,XS,1
TXN000714,2024-01-31,2024,1,1,Wednesday,Books,North,Wholesale,SP_031,3,25.07,0.05,71.45,44.21,0,XS,1
TXN004011,2024-01-31,2024,1,1,Wednesday,Books,South,Online,SP_003,9,22.66,0.1,183.55,97.65,0,XS,1
TXN003208,2024-02-01,2024,2,1,Thursday,Sports,East,Mobile App,SP_016,15,103.39,0.0,1550.85,660.37,0,L,0
TXN000121,2024-02-01,2024,2,1,Thursday,Electronics,West,Online,SP_021,6,477.63,0.0,2865.78,706.72,1,L,0
TXN003914,2024-02-01,2024,2,1,Thursday,Clothing,West,Online,SP_021,7,80.38,0.05,534.53,303.13,0,M,1
TXN001338,2024-02-01,2024,2,1,Thursday,Home Goods,East,Mobile App,SP_011,6,110.55,0.05,630.13,283.62,1,M,1
TXN002412,2024-02-01,2024,2,1,Thursday,Books,South,Mobile App,SP_003,6,23.45,0.0,140.7,74.34,0,XS,0
TXN000456,2024-02-01,2024,2,1,Thursday,Clothing,North,Mobile App,SP_007,8,83.26,0.1,599.47,295.95,1,M,1
TXN002100,2024-02-01,2024,2,1,Thursday,Electronics,North,Retail Store,SP_038,7,434.82,0.0,3043.74,887.41,1,L,0
TXN002686,2024-02-02,2024,2,1,Friday,Clothing,South,Wholesale,SP_020,10,85.22,0.05,809.59,396.68,0,M,1
TXN002179,2024-02-02,2024,2,1,Friday,Sports,North,Online,SP_013,5,90.37,0.1,406.67,150.26,0,S,1
TXN002774,2024-02-02,2024,2,1,Friday,Electronics,Central,Wholesale,SP_037,2,435.72,0.1,784.3,256.2,0,M,1
TXN002131,2024-02-02,2024,2,1,Friday,Clothing,South,Wholesale,SP_032,7,83.57,0.0,584.99,261.89,0,M,0
TXN004465,2024-02-02,2024,2,1,Friday,Home Goods,South,Mobile App,SP_017,9,136.65,0.1,1106.87,547.6,1,L,1
TXN000257,2024-02-03,2024,2,1,Saturday,Home Goods,South,Wholesale,SP_040,5,127.44,0.05,605.34,265.43,0,M,1
TXN004618,2024-02-03,2024,2,1,Saturday,Books,South,Wholesale,SP_009,4,23.58,0.0,94.32,70.23,1,XS,0
TXN004529,2024-02-03,2024,2,1,Saturday,Books,South,Online,SP_010,4,26.01,0.05,98.84,53.21,0,XS,1
TXN004376,2024-02-04,2024,2,1,Sunday,Home Goods,East,Wholesale,SP_010,13,118.2,0.0,1536.6,717.05,1,L,0
TXN001504,2024-02-04,2024,2,1,Sunday,Home Goods,West,Mobile App,SP_028,7,136.46,0.05,907.46,410.25,0,M,1
TXN004665,2024-02-04,2024,2,1,Sunday,Electronics,East,Retail Store,SP_023,4,418.75,0.05,1591.25,449.4,0,L,1
TXN003199,2024-02-04,2024,2,1,Sunday,Home Goods,West,Wholesale,SP_026,4,102.52,0.1,369.07,151.52,1,S,1
TXN001611,2024-02-04,2024,2,1,Sunday,Sports,South,Wholesale,SP_003,7,91.58,0.0,641.06,288.24,0,M,0
TXN002608,2024-02-05,2024,2,1,Monday,Clothing,South,Mobile App,SP_019,9,64.23,0.1,520.26,243.74,0,M,1
TXN004488,2024-02-05,2024,2,1,Monday,Books,South,Mobile App,SP_003,4,21.97,0.0,87.88,66.53,0,XS,0
TXN000131,2024-02-05,2024,2,1,Monday,Books,West,Mobile App,SP_021,11,24.43,0.15,228.42,158.42,0,S,1
TXN001842,2024-02-05,2024,2,1,Monday,Home Goods,North,Retail Store,SP_005,4,115.94,0.15,394.2,173.85,1,S,1
TXN002671,2024-02-06,2024,2,1,Tuesday,Electronics,North,Wholesale,SP_016,6,505.74,0.05,2882.72,871.02,1,L,1
TXN004918,2024-02-06,2024,2,1,Tuesday,Home Goods,Central,Wholesale,SP_011,11,121.12,0.0,1332.32,579.94,0,L,0
TXN001477,2024-02-07,2024,2,1,Wednesday,Books,South,Mobile App,SP_025,7,22.01,0.0,154.07,85.75,0,XS,0
TXN002518,2024-02-07,2024,2,1,Wednesday,Sports,East,Online,SP_035,3,87.32,0.0,261.96,103.54,0,S,0
TXN002609,2024-02-07,2024,2,1,Wednesday,Books,South,Wholesale,SP_025,8,27.21,0.0,217.68,127.59,0,S,0
TXN003959,2024-02-07,2024,2,1,Wednesday,Books,Central,Online,SP_001,2,25.4,0.05,48.26,28.68,0,XS,1
TXN003989,2024-02-07,2024,2,1,Wednesday,Home Goods,South,Online,SP_011,12,126.39,0.1,1365.01,608.06,0,L,1
TXN003082,2024-02-07,2024,2,1,Wednesday,Books,North,Online,SP_025,12,25.27,0.1,272.92,182.42,0,S,1
TXN000918,2024-02-07,2024,2,1,Wednesday,Clothing,North,Mobile App,SP_034,9,78.39,0.05,670.23,364.98,0,M,1
TXN001094,2024-02-08,2024,2,1,Thursday,Electronics,East,Mobile App,SP_031,6,385.83,0.0,2314.98,754.16,0,L,0
TXN000579,2024-02-08,2024,2,1,Thursday,Clothing,South,Retail Store,SP_040,4,68.85,0.1,247.86,159.85,0,S,1
TXN002843,2024-02-08,2024,2,1,Thursday,Clothing,Central,Retail Store,SP_006,10,75.21,0.2,601.68,350.55,0,M,1
TXN002701,2024-02-08,2024,2,1,Thursday,Electronics,Central,Wholesale,SP_009,9,395.04,0.15,3022.06,1002.2,0,L,1
TXN004884,2024-02-08,2024,2,1,Thursday,Electronics,East,Online,SP_016,8,459.87,0.0,3678.96,910.73,0,L,0
TXN004344,2024-02-09,2024,2,1,Friday,Electronics,East,Mobile App,SP_010,5,426.99,0.05,2028.2,629.04,0,L,1
TXN004885,2024-02-09,2024,2,1,Friday,Books,South,Mobile App,SP_011,10,26.44,0.0,264.4,173.82,0,S,0
TXN004075,2024-02-09,2024,2,1,Friday,Sports,East,Wholesale,SP_034,3,82.84,0.1,223.67,93.05,0,S,1
TXN003461,2024-02-09,2024,2,1,Friday,Clothing,South,Wholesale,SP_039,6,82.56,0.05,470.59,233.43,0,S,1
TXN003040,2024-02-09,2024,2,1,Friday,Home Goods,West,Retail Store,SP_037,10,103.27,0.0,1032.7,379.94,0,L,0
TXN001151,2024-02-09,2024,2,1,Friday,Books,North,Retail Store,SP_036,6,26.59,0.1,143.59,102.36,1,XS,1
TXN000723,2024-02-10,2024,2,1,Saturday,Clothing,North,Retail Store,SP_029,8,63.76,0.0,510.08,291.34,0,M,0
TXN004040,2024-02-10,2024,2,1,Saturday,Books,West,Mobile App,SP_017,10,26.24,0.1,236.16,170.51,0,S,1
TXN003263,2024-02-10,2024,2,1,Saturday,Books,East,Retail Store,SP_040,3,23.57,0.0,70.71,43.79,0,XS,0
TXN004644,2024-02-11,2024,2,1,Sunday,Books,East,Retail Store,SP_004,7,21.55,0.0,150.85,116.58,0,XS,0
TXN001154,2024-02-11,2024,2,1,Sunday,Sports,North,Online,SP_030,10,85.41,0.2,683.28,298.2,0,M,1
TXN003977,2024-02-11,2024,2,1,Sunday,Home Goods,East,Retail Store,SP_007,8,127.97,0.0,1023.76,404.68,1,L,0
TXN000610,2024-02-11,2024,2,1,Sunday,Clothing,North,Online,SP_001,6,67.07,0.05,382.3,219.66,0,S,1
TXN004228,2024-02-12,2024,2,1,Monday,Books,East,Retail Store,SP_016,9,23.91,0.05,204.43,126.48,0,S,1
TXN000096,2024-02-12,2024,2,1,Monday,Clothing,West,Mobile App,SP_029,5,74.89,0.1,337.0,183.91,1,S,1
TXN003436,2024-02-12,2024,2,1,Monday,Sports,North,Retail Store,SP_025,6,109.19,0.05,622.38,226.25,1,M,1
TXN002722,2024-02-12,2024,2,1,Monday,Books,South,Mobile App,SP_023,6,23.77,0.0,142.62,109.15,0,XS,0
TXN003699,2024-02-12,2024,2,1,Monday,Books,South,Online,SP_025,6,26.17,0.0,157.02,122.29,0,XS,0
TXN002326,2024-02-13,2024,2,1,Tuesday,Books,Central,Retail Store,SP_032,5,24.15,0.2,96.6,68.68,1,XS,1
TXN002384,2024-02-13,2024,2,1,Tuesday,Books,Central,Retail Store,SP_018,9,21.99,0.0,197.91,117.28,0,XS,0
TXN002971,2024-02-13,2024,2,1,Tuesday,Clothing,Central,Mobile App,SP_014,6,82.27,0.0,493.62,315.72,0,S,0
TXN001329,2024-02-13,2024,2,1,Tuesday,Books,Central,Mobile App,SP_005,9,22.58,0.05,193.06,133.63,0,XS,1
TXN002762,2024-02-13,2024,2,1,Tuesday,Sports,Central,Wholesale,SP_016,5,87.28,0.0,436.4,171.05,0,S,0
TXN004430,2024-02-13,2024,2,1,Tuesday,Books,South,Retail Store,SP_034,8,25.64,0.15,174.35,99.57,0,XS,1
TXN003818,2024-02-14,2024,2,1,Wednesday,Clothing,South,Wholesale,SP_019,2,67.09,0.05,127.47,67.91,0,XS,1
TXN002765,2024-02-14,2024,2,1,Wednesday,Books,West,Wholesale,SP_037,5,27.33,0.15,116.15,83.14,1,XS,1
TXN002955,2024-02-14,2024,2,1,Wednesday,Books,North,Mobile App,SP_020,3,25.06,0.2,60.14,31.32,0,XS,1
TXN002822,2024-02-15,2024,2,1,Thursday,Home Goods,East,Retail Store,SP_014,10,122.34,0.0,1223.4,603.76,0,L,0
TXN000011,2024-02-15,2024,2,1,Thursday,Clothing,East,Online,SP_015,9,82.16,0.1,665.5,418.84,0,M,1
TXN001104,2024-02-15,2024,2,1,Thursday,Home Goods,South,Online,SP_004,5,121.87,0.15,517.95,183.16,0,M,1
TXN001868,2024-02-15,2024,2,1,Thursday,Books,East,Online,SP_009,5,26.96,0.1,121.32,68.71,1,XS,1
TXN002677,2024-02-15,2024,2,1,Thursday,Clothing,Central,Mobile App,SP_011,9,66.76,0.05,570.8,308.16,0,M,1
TXN002153,2024-02-16,2024,2,1,Friday,Sports,North,Online,SP_006,5,93.05,0.0,465.25,181.93,0,S,0
TXN002502,2024-02-16,2024,2,1,Friday,Sports,West,Online,SP_021,15,104.92,0.15,1337.73,442.09,0,L,1
TXN004421,2024-02-16,2024,2,1,Friday,Books,South,Wholesale,SP_017,3,24.95,0.0,74.85,47.68,0,XS,0
TXN000566,2024-02-16,2024,2,1,Friday,Books,North,Online,SP_039,5,25.33,0.2,101.32,54.6,0,XS,1
TXN003095,2024-02-17,2024,2,1,Saturday,Sports,South,Mobile App,SP_017,8,91.42,0.15,621.66,258.57,0,M,1
TXN003974,2024-02-17,2024,2,1,Saturday,Electronics,East,Mobile App,SP_027,5,440.99,0.15,1874.21,559.21,0,L,1
TXN004800,2024-02-17,2024,2,1,Saturday,Books,South,Mobile App,SP_033,9,23.78,0.0,214.02,143.49,0,S,0
TXN004764,2024-02-17,2024,2,1,Saturday,Clothing,West,Online,SP_004,8,83.24,0.1,599.33,372.72,0,M,1
TXN001801,2024-02-17,2024,2,1,Saturday,Electronics,East,Wholesale,SP_021,3,470.47,0.0,1411.41,363.1,0,L,0
TXN000604,2024-02-17,2024,2,1,Saturday,Electronics,Central,Retail Store,SP_017,5,448.17,0.05,2128.81,652.94,0,L,1
TXN002371,2024-02-18,2024,2,1,Sunday,Sports,Central,Wholesale,SP_002,6,85.31,0.1,460.67,198.65,0,S,1
TXN003285,2024-02-18,2024,2,1,Sunday,Sports,East,Online,SP_023,9,108.64,0.15,831.1,338.9,0,M,1
TXN000527,2024-02-18,2024,2,1,Sunday,Clothing,East,Online,SP_031,5,67.16,0.0,335.8,206.74,0,S,0
TXN000972,2024-02-19,2024,2,1,Monday,Books,Central,Online,SP_027,7,25.33,0.05,168.44,124.4,1,XS,1
TXN000528,2024-02-19,2024,2,1,Monday,Clothing,East,Online,SP_015,5,76.77,0.0,383.85,245.85,0,S,0
TXN000209,2024-02-19,2024,2,1,Monday,Sports,East,Retail Store,SP_034,14,93.53,0.0,1309.42,499.66,0,L,0
TXN000311,2024-02-19,2024,2,1,Monday,Sports,East,Online,SP_026,4,87.43,0.0,349.72,124.66,1,S,0
TXN004461,2024-02-19,2024,2,1,Monday,Clothing,Central,Mobile App,SP_015,4,74.72,0.2,239.1,140.86,0,S,1
TXN004419,2024-02-20,2024,2,1,Tuesday,Electronics,West,Retail Store,SP_021,6,450.71,0.05,2569.05,846.24,1,L,1
TXN003569,2024-02-20,2024,2,1,Tuesday,Clothing,North,Retail Store,SP_037,3,66.07,0.1,178.39,110.98,0,XS,1
TXN004029,2024-02-20,2024,2,1,Tuesday,Electronics,West,Retail Store,SP_021,4,401.62,0.05,1526.16,363.87,0,L,1
TXN003462,2024-02-20,2024,2,1,Tuesday,Sports,West,Online,SP_024,5,88.6,0.1,398.7,169.24,1,S,1
TXN003700,2024-02-20,2024,2,1,Tuesday,Electronics,South,Mobile App,SP_036,6,444.09,0.05,2531.31,811.1,1,L,1
TXN001960,2024-02-21,2024,2,1,Wednesday,Sports,Central,Online,SP_023,6,82.18,0.05,468.43,176.23,0,S,1
TXN003817,2024-02-22,2024,2,1,Thursday,Books,South,Wholesale,SP_030,10,27.62,0.15,234.77,164.27,0,S,1
TXN003919,2024-02-22,2024,2,1,Thursday,Sports,Central,Online,SP_014,2,86.61,0.1,155.9,64.95,0,XS,1
TXN004743,2024-02-22,2024,2,1,Thursday,Electronics,South,Wholesale,SP_016,5,516.53,0.0,2582.65,757.2,0,L,0
TXN003963,2024-02-23,2024,2,1,Friday,Books,North,Online,SP_037,5,28.39,0.1,127.75,88.59,0,XS,1
TXN001563,2024-02-23,2024,2,1,Friday,Clothing,North,Wholesale,SP_010,14,81.85,0.2,916.72,569.17,0,M,1
TXN000284,2024-02-23,2024,2,1,Friday,Home Goods,West,Mobile App,SP_021,7,131.34,0.2,735.5,343.26,0,M,1
TXN004115,2024-02-23,2024,2,1,Friday,Clothing,Central,Wholesale,SP_006,6,77.58,0.2,372.38,227.69,0,S,1
TXN004505,2024-02-23,2024,2,1,Friday,Books,Central,Mobile App,SP_033,8,24.43,0.1,175.9,93.62,0,XS,1
TXN000956,2024-02-23,2024,2,1,Friday,Electronics,South,Mobile App,SP_027,3,511.32,0.1,1380.56,331.25,0,L,1
TXN000764,2024-02-23,2024,2,1,Friday,Electronics,North,Retail Store,SP_034,5,457.33,0.0,2286.65,596.4,0,L,0
TXN002304,2024-02-24,2024,2,1,Saturday,Clothing,North,Wholesale,SP_011,5,69.23,0.0,346.15,187.3,0,S,0
TXN000752,2024-02-24,2024,2,1,Saturday,Books,Central,Retail Store,SP_016,7,25.63,0.0,179.41,136.22,0,XS,0
TXN000585,2024-02-25,2024,2,1,Sunday,Clothing,Central,Mobile App,SP_016,8,77.6,0.05,589.76,312.94,0,M,1
TXN002694,2024-02-25,2024,2,1,Sunday,Clothing,West,Mobile App,SP_036,5,75.55,0.0,377.75,191.69,0,S,0
TXN002424,2024-02-25,2024,2,1,Sunday,Clothing,Central,Retail Store,SP_021,5,85.11,0.1,383.0,249.82,0,S,1
TXN004334,2024-02-26,2024,2,1,Monday,Sports,Central,Wholesale,SP_027,4,90.31,0.05,343.18,148.08,0,S,1
TXN001251,2024-02-26,2024,2,1,Monday,Clothing,Central,Retail Store,SP_035,12,74.05,0.0,888.6,415.93,0,M,0
TXN000278,2024-02-27,2024,2,1,Tuesday,Home Goods,West,Online,SP_024,7,122.13,0.0,854.91,333.38,1,M,0
TXN004150,2024-02-27,2024,2,1,Tuesday,Books,North,Online,SP_030,7,23.1,0.05,153.62,95.72,0,XS,1
TXN004538,2024-02-27,2024,2,1,Tuesday,Electronics,South,Retail Store,SP_010,8,452.11,0.0,3616.88,1065.8,0,L,0
TXN002585,2024-02-27,2024,2,1,Tuesday,Home Goods,Central,Online,SP_021,4,114.2,0.0,456.8,166.02,0,S,0
TXN003655,2024-02-28,2024,2,1,Wednesday,Books,East,Online,SP_004,5,27.53,0.2,110.12,61.57,0,XS,1
TXN004654,2024-02-28,2024,2,1,Wednesday,Electronics,West,Online,SP_020,3,476.69,0.05,1358.57,441.24,0,L,1
TXN004820,2024-02-28,2024,2,1,Wednesday,Electronics,North,Wholesale,SP_008,3,507.44,0.0,1522.32,358.35,0,L,0
TXN003105,2024-02-28,2024,2,1,Wednesday,Electronics,North,Mobile App,SP_014,4,458.04,0.05,1740.55,437.54,1,L,1
TXN002122,2024-02-28,2024,2,1,Wednesday,Sports,Central,Mobile App,SP_015,5,94.63,0.1,425.83,180.65,0,S,1
TXN001589,2024-02-28,2024,2,1,Wednesday,Home Goods,West,Retail Store,SP_018,9,129.03,0.1,1045.14,357.62,0,L,1
TXN003252,2024-02-28,2024,2,1,Wednesday,Sports,North,Retail Store,SP_028,7,89.12,0.1,561.46,175.9,0,M,1
TXN004157,2024-02-29,2024,2,1,Thursday,Clothing,South,Online,SP_038,6,81.06,0.0,486.36,266.8,0,S,0
TXN000859,2024-02-29,2024,2,1,Thursday,Home Goods,North,Mobile App,SP_038,3,104.63,0.0,313.89,148.77,1,S,0
TXN000308,2024-03-01,2024,3,1,Friday,Electronics,North,Retail Store,SP_037,5,441.65,0.05,2097.84,667.09,1,L,1
TXN001585,2024-03-01,2024,3,1,Friday,Sports,North,Wholesale,SP_003,5,85.89,0.05,407.98,155.68,0,S,1
TXN003389,2024-03-01,2024,3,1,Friday,Electronics,South,Wholesale,SP_008,5,423.03,0.0,2115.15,708.79,0,L,0
TXN002876,2024-03-03,2024,3,1,Sunday,Sports,Central,Retail Store,SP_030,5,95.17,0.05,452.06,170.96,1,S,1
TXN002146,2024-03-03,2024,3,1,Sunday,Sports,Central,Online,SP_017,9,91.53,0.05,782.58,350.76,0,M,1
TXN004283,2024-03-03,2024,3,1,Sunday,Sports,North,Wholesale,SP_037,7,109.2,0.05,726.18,259.44,0,M,1
TXN002332,2024-03-03,2024,3,1,Sunday,Clothing,South,Mobile App,SP_003,10,66.95,0.0,669.5,434.39,0,M,0
TXN004877,2024-03-04,2024,3,1,Monday,Books,North,Online,SP_001,6,25.8,0.2,123.84,91.28,0,XS,1
TXN002877,2024-03-04,2024,3,1,Monday,Home Goods,South,Mobile App,SP_015,3,107.4,0.0,322.2,150.41,1,S,0
TXN000396,2024-03-04,2024,3,1,Monday,Sports,Central,Online,SP_037,8,97.72,0.0,781.76,286.99,0,M,0
TXN003168,2024-03-04,2024,3,1,Monday,Sports,East,Retail Store,SP_009,3,89.57,0.0,268.71,88.19,0,S,0
TXN002985,2024-03-04,2024,3,1,Monday,Clothing,East,Wholesale,SP_015,10,78.62,0.05,746.89,390.11,0,M,1
TXN001168,2024-03-04,2024,3,1,Monday,Books,Central,Retail Store,SP_005,6,25.4,0.05,144.78,101.51,0,XS,1
TXN002697,2024-03-04,2024,3,1,Monday,Electronics,West,Mobile App,SP_040,6,452.64,0.0,2715.84,671.56,1,L,0
TXN003637,2024-03-04,2024,3,1,Monday,Sports,Central,Retail Store,SP_040,10,87.64,0.05,832.58,278.1,0,M,1
TXN003663,2024-03-04,2024,3,1,Monday,Electronics,West,Online,SP_014,11,503.9,0.15,4711.46,1211.09,0,L,1
TXN004731,2024-03-05,2024,3,1,Tuesday,Home Goods,Central,Wholesale,SP_006,6,103.83,0.1,560.68,277.73,0,M,1
TXN004850,2024-03-05,2024,3,1,Tuesday,Home Goods,North,Mobile App,SP_001,13,120.64,0.05,1489.9,713.47,0,L,1
TXN002427,2024-03-05,2024,3,1,Tuesday,Books,West,Wholesale,SP_002,5,25.83,0.05,122.69,89.86,0,XS,1
TXN000876,2024-03-05,2024,3,1,Tuesday,Clothing,North,Retail Store,SP_017,14,68.04,0.0,952.56,534.98,0,M,0
TXN000626,2024-03-05,2024,3,1,Tuesday,Books,South,Mobile App,SP_023,5,26.43,0.0,132.15,88.39,0,XS,0
TXN000350,2024-03-06,2024,3,1,Wednesday,Sports,East,Online,SP_005,6,90.91,0.1,490.91,168.23,0,S,1
TXN002035,2024-03-06,2024,3,1,Wednesday,Home Goods,East,Online,SP_024,9,121.14,0.0,1090.26,481.21,1,L,0
TXN000436,2024-03-06,2024,3,1,Wednesday,Clothing,East,Retail Store,SP_017,13,74.29,0.1,869.19,410.74,0,M,1
TXN002679,2024-03-06,2024,3,1,Wednesday,Clothing,South,Online,SP_037,20,80.53,0.05,1530.07,783.83,0,L,1
TXN002262,2024-03-06,2024,3,1,Wednesday,Clothing,North,Retail Store,SP_017,14,80.27,0.05,1067.59,508.42,0,L,1
TXN004878,2024-03-06,2024,3,1,Wednesday,Sports,South,Wholesale,SP_011,3,95.62,0.2,229.49,71.26,0,S,1
TXN004713,2024-03-06,2024,3,1,Wednesday,Home Goods,West,Mobile App,SP_002,7,120.14,0.0,840.98,403.01,0,M,0
TXN003764,2024-03-07,2024,3,1,Thursday,Sports,South,Wholesale,SP_008,4,93.74,0.15,318.72,140.65,0,S,1
TXN002011,2024-03-07,2024,3,1,Thursday,Electronics,South,Online,SP_037,7,471.6,0.05,3136.14,894.38,1,L,1
TXN004136,2024-03-08,2024,3,1,Friday,Books,East,Mobile App,SP_004,8,26.41,0.2,169.02,130.3,0,XS,1
TXN004443,2024-03-08,2024,3,1,Friday,Home Goods,South,Retail Store,SP_021,8,116.7,0.0,933.6,456.11,0,M,0
TXN002793,2024-03-08,2024,3,1,Friday,Electronics,South,Online,SP_027,10,486.58,0.05,4622.51,1083.46,0,L,1
TXN004411,2024-03-08,2024,3,1,Friday,Electronics,West,Online,SP_014,8,512.64,0.1,3691.01,998.71,0,L,1
TXN000300,2024-03-08,2024,3,1,Friday,Clothing,South,Mobile App,SP_028,15,70.81,0.05,1009.04,563.41,1,L,1
TXN001513,2024-03-08,2024,3,1,Friday,Home Goods,South,Online,SP_025,11,128.96,0.0,1418.56,684.99,1,L,0
TXN004513,2024-03-08,2024,3,1,Friday,Electronics,West,Mobile App,SP_024,5,510.52,0.05,2424.97,736.14,0,L,1
TXN001749,2024-03-09,2024,3,1,Saturday,Electronics,Central,Mobile App,SP_006,10,425.14,0.0,4251.4,1243.54,1,L,0
TXN004666,2024-03-09,2024,3,1,Saturday,Electronics,North,Wholesale,SP_031,7,388.76,0.05,2585.25,633.35,0,L,1
TXN001462,2024-03-09,2024,3,1,Saturday,Electronics,Central,Mobile App,SP_004,5,509.56,0.15,2165.63,664.43,0,L,1
TXN001152,2024-03-09,2024,3,1,Saturday,Sports,West,Online,SP_033,8,84.23,0.0,673.84,224.24,0,M,0
TXN001973,2024-03-09,2024,3,1,Saturday,Books,East,Online,SP_012,10,22.29,0.0,222.9,143.08,0,S,0
TXN002673,2024-03-09,2024,3,1,Saturday,Books,West,Retail Store,SP_039,4,27.48,0.0,109.92,74.65,0,XS,0
TXN000297,2024-03-09,2024,3,1,Saturday,Books,North,Wholesale,SP_019,7,22.22,0.05,147.76,86.69,0,XS,1
TXN004507,2024-03-10,2024,3,1,Sunday,Electronics,North,Mobile App,SP_016,3,400.89,0.05,1142.54,289.48,0,L,1
TXN001815,2024-03-11,2024,3,1,Monday,Sports,North,Wholesale,SP_002,4,98.22,0.1,353.59,123.79,0,S,1
TXN000557,2024-03-11,2024,3,1,Monday,Sports,South,Mobile App,SP_023,2,82.97,0.05,157.64,64.86,0,XS,1
TXN003381,2024-03-11,2024,3,1,Monday,Books,West,Retail Store,SP_013,4,21.86,0.15,74.32,40.38,0,XS,1
TXN000809,2024-03-11,2024,3,1,Monday,Books,North,Retail Store,SP_013,7,27.93,0.0,195.51,106.47,0,XS,0
TXN003484,2024-03-11,2024,3,1,Monday,Electronics,West,Retail Store,SP_001,6,508.58,0.1,2746.33,665.76,0,L,1
TXN000114,2024-03-11,2024,3,1,Monday,Home Goods,West,Online,SP_030,8,119.52,0.1,860.54,415.41,0,M,1
TXN000337,2024-03-12,2024,3,1,Tuesday,Clothing,West,Wholesale,SP_017,12,69.78,0.1,753.62,391.46,0,M,1
TXN001405,2024-03-12,2024,3,1,Tuesday,Sports,South,Wholesale,SP_002,13,82.52,0.0,1072.76,411.22,0,L,0
TXN004246,2024-03-12,2024,3,1,Tuesday,Books,West,Retail Store,SP_025,6,27.87,0.0,167.22,110.09,0,XS,0
TXN000401,2024-03-13,2024,3,1,Wednesday,Home Goods,Central,Wholesale,SP_039,8,118.59,0.05,901.28,452.56,0,M,1
TXN003820,2024-03-13,2024,3,1,Wednesday,Electronics,East,Mobile App,SP_016,4,393.21,0.2,1258.27,355.73,0,L,1
TXN003375,2024-03-13,2024,3,1,Wednesday,Sports,West,Retail Store,SP_034,11,96.85,0.0,1065.35,457.77,0,L,0
TXN001441,2024-03-13,2024,3,1,Wednesday,Books,North,Mobile App,SP_003,6,27.32,0.0,163.92,117.25,1,XS,0
TXN002881,2024-03-13,2024,3,1,Wednesday,Home Goods,Central,Mobile App,SP_023,4,120.87,0.15,410.96,149.47,0,S,1
TXN001064,2024-03-14,2024,3,1,Thursday,Clothing,West,Online,SP_016,17,70.02,0.1,1071.31,685.7,0,L,1
TXN001808,2024-03-14,2024,3,1,Thursday,Home Goods,South,Retail Store,SP_026,10,137.42,0.05,1305.49,553.36,0,L,1
TXN004811,2024-03-14,2024,3,1,Thursday,Books,West,Wholesale,SP_026,4,25.16,0.1,90.58,63.28,0,XS,1
TXN000743,2024-03-14,2024,3,1,Thursday,Sports,Central,Retail Store,SP_005,5,95.14,0.1,428.13,139.88,0,S,1
TXN004572,2024-03-14,2024,3,1,Thursday,Electronics,North,Mobile App,SP_004,4,462.2,0.1,1663.92,535.74,0,L,1
TXN002155,2024-03-14,2024,3,1,Thursday,Clothing,South,Mobile App,SP_035,23,64.43,0.0,1481.89,878.56,0,L,0
TXN003027,2024-03-15,2024,3,1,Friday,Sports,South,Wholesale,SP_019,9,109.04,0.1,883.22,308.99,0,M,1
TXN002530,2024-03-15,2024,3,1,Friday,Home Goods,East,Wholesale,SP_037,10,105.32,0.1,947.88,468.64,0,M,1
TXN002591,2024-03-15,2024,3,1,Friday,Home Goods,South,Retail Store,SP_012,12,133.08,0.1,1437.26,716.43,0,L,1
TXN004454,2024-03-15,2024,3,1,Friday,Clothing,Central,Wholesale,SP_032,16,81.61,0.15,1109.9,559.09,0,L,1
TXN002990,2024-03-15,2024,3,1,Friday,Home Goods,West,Wholesale,SP_005,9,112.9,0.2,812.88,296.6,0,M,1
TXN002521,2024-03-15,2024,3,1,Friday,Electronics,East,Retail Store,SP_040,4,466.7,0.0,1866.8,577.73,0,L,0
TXN000729,2024-03-15,2024,3,1,Friday,Sports,West,Wholesale,SP_004,5,94.15,0.0,470.75,205.62,0,S,0
TXN002340,2024-03-16,2024,3,1,Saturday,Electronics,East,Retail Store,SP_012,6,418.73,0.1,2261.14,635.88,0,L,1
TXN001803,2024-03-16,2024,3,1,Saturday,Electronics,West,Wholesale,SP_006,8,449.08,0.0,3592.64,985.71,0,L,0
TXN002198,2024-03-16,2024,3,1,Saturday,Home Goods,East,Mobile App,SP_002,7,134.45,0.05,894.09,316.38,0,M,1
TXN000516,2024-03-17,2024,3,1,Sunday,Clothing,South,Retail Store,SP_014,11,70.93,0.0,780.23,498.8,0,M,0
TXN001174,2024-03-17,2024,3,1,Sunday,Electronics,South,Mobile App,SP_005,9,485.82,0.15,3716.52,1205.32,0,L,1
TXN001139,2024-03-17,2024,3,1,Sunday,Home Goods,Central,Online,SP_036,8,105.27,0.0,842.16,355.8,0,M,0
TXN001009,2024-03-18,2024,3,1,Monday,Electronics,West,Online,SP_014,5,395.11,0.0,1975.55,549.69,0,L,0
TXN004389,2024-03-18,2024,3,1,Monday,Home Goods,North,Mobile App,SP_030,7,109.41,0.0,765.87,288.9,0,M,0
TXN003251,2024-03-18,2024,3,1,Monday,Electronics,West,Retail Store,SP_023,6,463.45,0.1,2502.63,607.84,0,L,1
TXN004226,2024-03-19,2024,3,1,Tuesday,Home Goods,North,Retail Store,SP_017,3,108.09,0.15,275.63,138.78,0,S,1
TXN001124,2024-03-19,2024,3,1,Tuesday,Clothing,West,Retail Store,SP_007,13,82.03,0.0,1066.39,581.0,0,L,0
TXN003539,2024-03-19,2024,3,1,Tuesday,Electronics,North,Mobile App,SP_021,7,438.8,0.1,2764.44,661.42,0,L,1
TXN001135,2024-03-19,2024,3,1,Tuesday,Home Goods,Central,Mobile App,SP_022,5,135.48,0.1,609.66,261.36,0,M,1
TXN000949,2024-03-20,2024,3,1,Wednesday,Clothing,Central,Mobile App,SP_022,10,80.96,0.1,728.64,467.31,0,M,1
TXN000668,2024-03-20,2024,3,1,Wednesday,Home Goods,South,Retail Store,SP_032,6,121.79,0.1,657.67,319.07,0,M,1
TXN001597,2024-03-21,2024,3,1,Thursday,Books,South,Retail Store,SP_017,4,25.32,0.05,96.22,70.77,0,XS,1
TXN001313,2024-03-21,2024,3,1,Thursday,Sports,South,Mobile App,SP_019,4,86.39,0.1,311.0,133.28,0,S,1
TXN000838,2024-03-21,2024,3,1,Thursday,Sports,North,Mobile App,SP_021,5,83.28,0.05,395.58,123.75,0,S,1
TXN004919,2024-03-21,2024,3,1,Thursday,Clothing,North,Retail Store,SP_027,11,74.51,0.0,819.61,435.7,0,M,0
TXN004314,2024-03-22,2024,3,1,Friday,Sports,Central,Online,SP_018,5,94.78,0.0,473.9,175.5,1,S,0
TXN004208,2024-03-22,2024,3,1,Friday,Clothing,North,Retail Store,SP_011,23,68.72,0.0,1580.56,961.02,0,L,0
TXN000672,2024-03-22,2024,3,1,Friday,Home Goods,West,Retail Store,SP_033,5,111.38,0.0,556.9,266.96,1,M,0
TXN002710,2024-03-22,2024,3,1,Friday,Electronics,North,Online,SP_026,8,429.87,0.0,3438.96,1035.21,0,L,0
TXN003443,2024-03-22,2024,3,1,Friday,Clothing,West,Online,SP_004,9,76.14,0.05,651.0,388.08,0,M,1
TXN004124,2024-03-22,2024,3,1,Friday,Home Goods,Central,Mobile App,SP_022,6,111.32,0.0,667.92,329.88,0,M,0
TXN004596,2024-03-22,2024,3,1,Friday,Books,West,Online,SP_040,9,25.72,0.0,231.48,137.13,1,S,0
TXN003581,2024-03-23,2024,3,1,Saturday,Books,West,Retail Store,SP_008,9,24.75,0.05,211.61,152.75,0,S,1
TXN003077,2024-03-23,2024,3,1,Saturday,Electronics,West,Mobile App,SP_026,9,483.35,0.0,4350.15,1271.22,0,L,0
TXN003390,2024-03-23,2024,3,1,Saturday,Sports,East,Retail Store,SP_035,8,86.3,0.05,655.88,228.53,1,M,1
TXN000117,2024-03-24,2024,3,1,Sunday,Books,North,Wholesale,SP_037,5,25.15,0.0,125.75,76.41,0,XS,0
TXN004134,2024-03-24,2024,3,1,Sunday,Sports,South,Retail Store,SP_018,5,84.15,0.0,420.75,158.58,0,S,0
TXN001320,2024-03-24,2024,3,1,Sunday,Electronics,South,Mobile App,SP_028,7,387.62,0.1,2442.01,671.95,1,L,1
TXN001606,2024-03-24,2024,3,1,Sunday,Clothing,Central,Wholesale,SP_026,25,71.16,0.05,1690.05,1055.72,0,L,1
TXN003057,2024-03-24,2024,3,1,Sunday,Clothing,Central,Online,SP_001,11,67.42,0.0,741.62,454.27,0,M,0
TXN003518,2024-03-25,2024,3,1,Monday,Sports,South,Wholesale,SP_022,7,87.22,0.2,488.43,194.71,0,S,1
TXN000369,2024-03-25,2024,3,1,Monday,Clothing,East,Mobile App,SP_018,9,76.66,0.1,620.95,350.54,0,M,1
TXN003704,2024-03-25,2024,3,1,Monday,Electronics,West,Mobile App,SP_037,5,448.13,0.05,2128.62,576.92,0,L,1
TXN001234,2024-03-25,2024,3,1,Monday,Electronics,North,Wholesale,SP_030,5,437.67,0.0,2188.35,503.08,0,L,0
TXN001518,2024-03-25,2024,3,1,Monday,Electronics,West,Wholesale,SP_009,6,458.19,0.1,2474.23,767.25,0,L,1
TXN000679,2024-03-25,2024,3,1,Monday,Clothing,North,Wholesale,SP_016,14,64.64,0.05,859.71,537.03,0,M,1
TXN000087,2024-03-25,2024,3,1,Monday,Sports,West,Retail Store,SP_005,8,97.74,0.05,742.82,251.79,0,M,1
TXN000645,2024-03-25,2024,3,1,Monday,Electronics,West,Retail Store,SP_017,9,470.33,0.05,4021.32,1301.48,0,L,1
TXN000745,2024-03-26,2024,3,1,Tuesday,Sports,North,Online,SP_022,4,95.66,0.0,382.64,168.59,0,S,0
TXN002525,2024-03-26,2024,3,1,Tuesday,Books,Central,Retail Store,SP_027,7,22.17,0.15,131.91,74.17,0,XS,1
TXN000435,2024-03-26,2024,3,1,Tuesday,Electronics,West,Mobile App,SP_033,8,424.31,0.0,3394.48,837.08,0,L,0
TXN003772,2024-03-26,2024,3,1,Tuesday,Sports,North,Retail Store,SP_035,6,103.32,0.05,588.92,194.05,0,M,1
TXN003434,2024-03-26,2024,3,1,Tuesday,Sports,North,Wholesale,SP_015,3,107.22,0.2,257.33,78.68,1,S,1
TXN004536,2024-03-26,2024,3,1,Tuesday,Books,North,Wholesale,SP_027,4,25.86,0.0,103.44,62.69,0,XS,0
TXN000260,2024-03-27,2024,3,1,Wednesday,Home Goods,South,Mobile App,SP_040,3,134.92,0.05,384.52,157.24,0,S,1
TXN000673,2024-03-27,2024,3,1,Wednesday,Clothing,North,Mobile App,SP_031,14,71.84,0.15,854.9,465.56,1,M,1
TXN001474,2024-03-27,2024,3,1,Wednesday,Electronics,East,Wholesale,SP_002,7,478.67,0.0,3350.69,793.89,0,L,0
TXN003779,2024-03-27,2024,3,1,Wednesday,Electronics,East,Wholesale,SP_005,3,469.1,0.0,1407.3,364.99,1,L,0
TXN004786,2024-03-27,2024,3,1,Wednesday,Books,West,Retail Store,SP_010,8,25.5,0.05,193.8,136.26,0,XS,1
TXN004592,2024-03-27,2024,3,1,Wednesday,Sports,North,Retail Store,SP_004,7,104.08,0.1,655.7,288.7,0,M,1
TXN001554,2024-03-28,2024,3,1,Thursday,Sports,East,Retail Store,SP_006,13,95.21,0.0,1237.73,402.96,0,L,0
TXN003636,2024-03-29,2024,3,1,Friday,Electronics,West,Online,SP_026,5,489.81,0.1,2204.15,738.83,1,L,1
TXN000842,2024-03-29,2024,3,1,Friday,Sports,South,Retail Store,SP_021,6,88.67,0.0,532.02,232.08,0,M,0
TXN000280,2024-03-30,2024,3,1,Saturday,Books,South,Online,SP_038,4,25.36,0.05,96.37,51.78,0,XS,1
TXN001192,2024-03-30,2024,3,1,Saturday,Books,East,Wholesale,SP_027,4,27.81,0.0,111.24,67.89,1,XS,0
TXN002868,2024-03-30,2024,3,1,Saturday,Home Goods,South,Retail Store,SP_008,8,134.63,0.0,1077.04,374.98,1,L,0
TXN000040,2024-03-31,2024,3,1,Sunday,Books,North,Online,SP_027,9,28.38,0.1,229.88,172.75,0,S,1
TXN001755,2024-03-31,2024,3,1,Sunday,Home Goods,East,Mobile App,SP_011,9,136.14,0.0,1225.26,414.52,0,L,0
TXN002452,2024-03-31,2024,3,1,Sunday,Home Goods,North,Retail Store,SP_026,7,133.49,0.0,934.43,361.12,1,M,0
TXN003076,2024-03-31,2024,3,1,Sunday,Clothing,Central,Wholesale,SP_014,6,69.69,0.15,355.42,212.76,0,S,1
TXN004257,2024-03-31,2024,3,1,Sunday,Books,North,Wholesale,SP_011,4,22.48,0.0,89.92,57.71,0,XS,0
TXN001142,2024-04-01,2024,4,2,Monday,Sports,North,Wholesale,SP_026,5,85.59,0.05,406.55,124.18,0,S,1
TXN004014,2024-04-01,2024,4,2,Monday,Home Goods,West,Online,SP_027,4,132.05,0.1,475.38,199.1,0,S,1
TXN004214,2024-04-01,2024,4,2,Monday,Sports,West,Online,SP_030,6,82.32,0.0,493.92,168.27,1,S,0
TXN000856,2024-04-02,2024,4,2,Tuesday,Home Goods,Central,Online,SP_022,5,107.81,0.05,512.1,204.07,1,M,1
TXN001825,2024-04-02,2024,4,2,Tuesday,Electronics,South,Wholesale,SP_027,10,439.27,0.1,3953.43,1146.63,1,L,1
TXN000932,2024-04-03,2024,4,2,Wednesday,Clothing,South,Wholesale,SP_023,19,70.83,0.15,1143.9,516.49,0,L,1
TXN000841,2024-04-04,2024,4,2,Thursday,Electronics,South,Retail Store,SP_029,3,386.61,0.05,1101.84,287.31,0,L,1
TXN003544,2024-04-04,2024,4,2,Thursday,Home Goods,East,Mobile App,SP_011,8,125.76,0.05,955.78,351.61,0,M,1
TXN000770,2024-04-04,2024,4,2,Thursday,Books,South,Retail Store,SP_020,7,23.18,0.1,146.03,93.25,0,XS,1
TXN003342,2024-04-05,2024,4,2,Friday,Clothing,Central,Online,SP_037,14,65.81,0.1,829.21,489.01,0,M,1
TXN004606,2024-04-05,2024,4,2,Friday,Clothing,East,Mobile App,SP_016,9,83.56,0.05,714.44,442.97,1,M,1
TXN002918,2024-04-05,2024,4,2,Friday,Electronics,North,Mobile App,SP_011,7,403.81,0.2,2261.34,662.82,0,L,1
TXN003378,2024-04-05,2024,4,2,Friday,Home Goods,Central,Mobile App,SP_012,12,112.02,0.0,1344.24,628.56,1,L,0
TXN001123,2024-04-06,2024,4,2,Saturday,Books,Central,Retail Store,SP_023,8,21.52,0.0,172.16,134.17,0,XS,0
TXN001429,2024-04-06,2024,4,2,Saturday,Electronics,West,Retail Store,SP_002,8,392.87,0.0,3142.96,969.11,1,L,0
TXN004520,2024-04-06,2024,4,2,Saturday,Books,Central,Wholesale,SP_009,7,24.62,0.2,137.87,91.11,0,XS,1
TXN001946,2024-04-06,2024,4,2,Saturday,Home Goods,Central,Wholesale,SP_036,9,119.96,0.05,1025.66,381.06,0,L,1
TXN003135,2024-04-06,2024,4,2,Saturday,Books,Central,Mobile App,SP_040,3,28.51,0.0,85.53,61.76,1,XS,0
TXN000407,2024-04-06,2024,4,2,Saturday,Electronics,North,Mobile App,SP_023,6,508.7,0.15,2594.37,845.33,0,L,1
TXN002947,2024-04-06,2024,4,2,Saturday,Sports,South,Mobile App,SP_016,5,99.89,0.05,474.48,167.27,0,S,1
TXN002439,2024-04-07,2024,4,2,Sunday,Sports,West,Retail Store,SP_004,3,99.55,0.1,268.78,118.8,0,S,1
TXN004508,2024-04-07,2024,4,2,Sunday,Books,East,Wholesale,SP_021,5,26.74,0.05,127.01,73.85,0,XS,1
TXN001599,2024-04-07,2024,4,2,Sunday,Electronics,North,Retail Store,SP_003,2,485.4,0.1,873.72,288.99,0,M,1
TXN000581,2024-04-08,2024,4,2,Monday,Books,West,Wholesale,SP_028,6,23.8,0.1,128.52,95.43,0,XS,1
TXN000639,2024-04-08,2024,4,2,Monday,Clothing,Central,Wholesale,SP_011,13,75.18,0.1,879.61,489.32,0,M,1
TXN003624,2024-04-09,2024,4,2,Tuesday,Home Goods,South,Mobile App,SP_030,4,128.34,0.05,487.69,215.36,0,S,1
TXN000269,2024-04-09,2024,4,2,Tuesday,Home Goods,North,Online,SP_019,9,108.98,0.05,931.78,447.52,0,M,1
TXN002556,2024-04-09,2024,4,2,Tuesday,Sports,North,Online,SP_015,1,80.97,0.2,64.78,27.31,1,XS,1
TXN000952,2024-04-09,2024,4,2,Tuesday,Books,South,Wholesale,SP_013,8,23.52,0.0,188.16,127.8,0,XS,0
TXN002150,2024-04-10,2024,4,2,Wednesday,Sports,South,Mobile App,SP_008,8,97.63,0.0,781.04,240.64,1,M,0
TXN004402,2024-04-10,2024,4,2,Wednesday,Books,Central,Wholesale,SP_033,2,24.37,0.0,48.74,30.54,1,XS,0
TXN001207,2024-04-10,2024,4,2,Wednesday,Electronics,South,Retail Store,SP_013,4,515.24,0.05,1957.91,510.68,0,L,1
TXN004058,2024-04-10,2024,4,2,Wednesday,Sports,West,Mobile App,SP_036,6,95.96,0.15,489.4,205.17,0,S,1
TXN003623,2024-04-10,2024,4,2,Wednesday,Books,West,Mobile App,SP_013,6,21.37,0.0,128.22,72.23,0,XS,0
TXN001725,2024-04-11,2024,4,2,Thursday,Home Goods,East,Mobile App,SP_017,8,107.22,0.05,814.87,287.93,0,M,1
TXN003761,2024-04-11,2024,4,2,Thursday,Clothing,East,Wholesale,SP_009,19,67.37,0.0,1280.03,763.72,0,L,0
TXN000336,2024-04-11,2024,4,2,Thursday,Books,West,Wholesale,SP_010,6,26.89,0.0,161.34,86.05,0,XS,0
TXN004541,2024-04-11,2024,4,2,Thursday,Clothing,East,Wholesale,SP_040,8,85.11,0.0,680.88,375.87,0,M,0
TXN000617,2024-04-11,2024,4,2,Thursday,Clothing,Central,Wholesale,SP_021,11,85.76,0.2,754.69,358.38,1,M,1
TXN001592,2024-04-12,2024,4,2,Friday,Books,West,Online,SP_003,6,21.5,0.0,129.0,75.36,0,XS,0
TXN003716,2024-04-12,2024,4,2,Friday,Electronics,West,Retail Store,SP_032,5,445.99,0.05,2118.45,692.72,0,L,1
TXN001805,2024-04-12,2024,4,2,Friday,Clothing,Central,Wholesale,SP_037,10,72.65,0.05,690.17,387.5,0,M,1
TXN003727,2024-04-13,2024,4,2,Saturday,Electronics,North,Retail Store,SP_016,3,483.61,0.0,1450.83,372.85,0,L,0
TXN001564,2024-04-13,2024,4,2,Saturday,Electronics,East,Retail Store,SP_003,8,487.43,0.05,3704.47,1135.33,0,L,1
TXN004428,2024-04-13,2024,4,2,Saturday,Sports,South,Wholesale,SP_017,4,100.88,0.2,322.82,146.63,0,S,1
TXN000786,2024-04-13,2024,4,2,Saturday,Books,South,Mobile App,SP_027,9,23.11,0.0,207.99,124.6,1,S,0
TXN000961,2024-04-13,2024,4,2,Saturday,Home Goods,West,Mobile App,SP_015,8,117.11,0.0,936.88,469.26,1,M,0
TXN001090,2024-04-13,2024,4,2,Saturday,Clothing,South,Wholesale,SP_037,6,69.72,0.1,376.49,191.33,0,S,1
TXN001924,2024-04-14,2024,4,2,Sunday,Clothing,South,Mobile App,SP_010,17,85.51,0.1,1308.3,766.08,0,L,1
TXN002360,2024-04-14,2024,4,2,Sunday,Electronics,North,Retail Store,SP_031,5,459.31,0.2,1837.24,504.71,1,L,1
TXN002228,2024-04-14,2024,4,2,Sunday,Electronics,West,Mobile App,SP_028,6,466.62,0.1,2519.75,586.18,1,L,1
TXN000357,2024-04-14,2024,4,2,Sunday,Sports,North,Wholesale,SP_016,9,82.37,0.1,667.2,280.57,1,M,1
TXN003272,2024-04-15,2024,4,2,Monday,Clothing,South,Mobile App,SP_029,4,70.25,0.0,281.0,143.39,1,S,0
TXN002869,2024-04-15,2024,4,2,Monday,Electronics,East,Online,SP_023,4,400.14,0.05,1520.53,444.63,0,L,1
TXN003487,2024-04-15,2024,4,2,Monday,Clothing,North,Retail Store,SP_038,14,75.1,0.1,946.26,428.29,0,M,1
TXN001864,2024-04-15,2024,4,2,Monday,Sports,North,Online,SP_004,14,108.27,0.05,1439.99,511.94,0,L,1
TXN004996,2024-04-16,2024,4,2,Tuesday,Home Goods,North,Wholesale,SP_012,7,133.24,0.15,792.78,329.78,0,M,1
TXN001189,2024-04-16,2024,4,2,Tuesday,Clothing,North,Retail Store,SP_033,11,82.48,0.1,816.55,517.47,0,M,1
TXN001774,2024-04-16,2024,4,2,Tuesday,Electronics,South,Retail Store,SP_016,6,486.92,0.0,2921.52,875.11,0,L,0
TXN004231,2024-04-17,2024,4,2,Wednesday,Sports,South,Online,SP_031,3,84.49,0.1,228.12,73.97,1,S,1
TXN004380,2024-04-17,2024,4,2,Wednesday,Electronics,East,Online,SP_039,5,486.76,0.1,2190.42,716.53,0,L,1
TXN000690,2024-04-17,2024,4,2,Wednesday,Books,West,Mobile App,SP_011,4,28.16,0.0,112.64,67.97,1,XS,0
TXN000130,2024-04-17,2024,4,2,Wednesday,Books,West,Retail Store,SP_029,7,28.39,0.05,188.79,127.7,0,XS,1
TXN004025,2024-04-18,2024,4,2,Thursday,Clothing,East,Mobile App,SP_008,22,73.7,0.0,1621.4,958.52,1,L,0
TXN001506,2024-04-18,2024,4,2,Thursday,Home Goods,South,Retail Store,SP_032,5,106.73,0.05,506.97,227.18,0,M,1
TXN000254,2024-04-18,2024,4,2,Thursday,Clothing,South,Mobile App,SP_033,13,85.81,0.15,948.2,431.29,1,M,1
TXN001987,2024-04-18,2024,4,2,Thursday,Books,Central,Retail Store,SP_021,5,27.81,0.1,125.14,85.19,0,XS,1
TXN003038,2024-04-18,2024,4,2,Thursday,Books,Central,Wholesale,SP_025,5,23.61,0.05,112.15,77.52,0,XS,1
TXN003600,2024-04-19,2024,4,2,Friday,Sports,Central,Mobile App,SP_038,8,87.7,0.1,631.44,261.23,0,M,1
TXN002505,2024-04-19,2024,4,2,Friday,Sports,East,Wholesale,SP_040,3,108.03,0.0,324.09,115.57,0,S,0
TXN000503,2024-04-19,2024,4,2,Friday,Books,North,Online,SP_037,3,27.18,0.1,73.39,49.92,0,XS,1
TXN000573,2024-04-20,2024,4,2,Saturday,Electronics,West,Mobile App,SP_038,9,468.37,0.2,3372.26,817.6,1,L,1
TXN000378,2024-04-20,2024,4,2,Saturday,Books,South,Wholesale,SP_002,7,25.4,0.05,168.91,112.88,0,XS,1
TXN003756,2024-04-20,2024,4,2,Saturday,Sports,South,Retail Store,SP_018,6,95.74,0.1,517.0,170.81,0,M,1
TXN003614,2024-04-20,2024,4,2,Saturday,Books,South,Online,SP_007,5,27.75,0.2,111.0,63.09,0,XS,1
TXN001345,2024-04-20,2024,4,2,Saturday,Sports,North,Wholesale,SP_037,9,81.76,0.15,625.46,272.2,0,M,1
TXN003647,2024-04-20,2024,4,2,Saturday,Home Goods,North,Retail Store,SP_026,5,124.74,0.1,561.33,194.17,0,M,1
TXN001385,2024-04-21,2024,4,2,Sunday,Books,Central,Wholesale,SP_016,6,24.12,0.1,130.25,73.0,0,XS,1
TXN000194,2024-04-21,2024,4,2,Sunday,Sports,Central,Online,SP_026,2,82.45,0.15,140.16,55.47,0,XS,1
TXN004111,2024-04-21,2024,4,2,Sunday,Home Goods,West,Online,SP_037,6,127.59,0.05,727.26,292.92,0,M,1
TXN003138,2024-04-22,2024,4,2,Monday,Books,East,Retail Store,SP_016,8,27.44,0.05,208.54,142.84,0,S,1
TXN002587,2024-04-22,2024,4,2,Monday,Home Goods,Central,Mobile App,SP_026,3,114.48,0.1,309.1,136.53,0,S,1
TXN000624,2024-04-22,2024,4,2,Monday,Home Goods,South,Mobile App,SP_033,3,123.2,0.05,351.12,123.24,0,S,1
TXN001133,2024-04-22,2024,4,2,Monday,Sports,North,Wholesale,SP_019,4,80.98,0.0,323.92,128.84,0,S,0
TXN004453,2024-04-22,2024,4,2,Monday,Books,West,Mobile App,SP_015,6,24.37,0.1,131.6,98.47,0,XS,1
TXN004243,2024-04-23,2024,4,2,Tuesday,Books,South,Mobile App,SP_005,6,24.77,0.0,148.62,96.54,1,XS,0
TXN004315,2024-04-23,2024,4,2,Tuesday,Clothing,East,Retail Store,SP_033,8,72.38,0.05,550.09,317.41,0,M,1
TXN000846,2024-04-23,2024,4,2,Tuesday,Sports,East,Mobile App,SP_026,8,84.62,0.0,676.96,212.65,0,M,0
TXN003854,2024-04-23,2024,4,2,Tuesday,Home Goods,West,Wholesale,SP_006,3,102.23,0.05,291.36,128.39,0,S,1
TXN004676,2024-04-23,2024,4,2,Tuesday,Electronics,Central,Retail Store,SP_005,1,404.39,0.1,363.95,90.08,0,S,1
TXN003382,2024-04-23,2024,4,2,Tuesday,Books,South,Retail Store,SP_014,3,28.69,0.0,86.07,48.94,0,XS,0
TXN003964,2024-04-23,2024,4,2,Tuesday,Books,Central,Online,SP_026,10,21.34,0.05,202.73,151.38,0,S,1
TXN001982,2024-04-25,2024,4,2,Thursday,Electronics,Central,Online,SP_021,11,410.88,0.15,3841.73,1237.17,0,L,1
TXN002271,2024-04-25,2024,4,2,Thursday,Clothing,West,Wholesale,SP_020,13,79.85,0.15,882.34,515.88,0,M,1
TXN003473,2024-04-25,2024,4,2,Thursday,Books,South,Online,SP_031,17,27.94,0.0,474.98,358.27,0,S,0
TXN004832,2024-04-25,2024,4,2,Thursday,Clothing,South,Retail Store,SP_005,8,83.81,0.1,603.43,284.6,0,M,1
TXN004942,2024-04-25,2024,4,2,Thursday,Home Goods,South,Retail Store,SP_027,7,106.93,0.0,748.51,278.33,0,M,0
TXN002698,2024-04-26,2024,4,2,Friday,Sports,South,Wholesale,SP_030,5,81.09,0.1,364.91,165.72,0,S,1
TXN002693,2024-04-26,2024,4,2,Friday,Home Goods,Central,Mobile App,SP_003,3,119.49,0.05,340.55,115.11,1,S,1
TXN000919,2024-04-26,2024,4,2,Friday,Sports,West,Wholesale,SP_001,8,91.44,0.1,658.37,262.78,0,M,1
TXN004838,2024-04-27,2024,4,2,Saturday,Home Goods,North,Mobile App,SP_021,4,117.34,0.05,445.89,189.29,1,S,1
TXN002053,2024-04-27,2024,4,2,Saturday,Electronics,West,Retail Store,SP_033,7,500.0,0.0,3500.0,1086.84,1,L,0
TXN003440,2024-04-28,2024,4,2,Sunday,Electronics,South,Online,SP_016,7,513.55,0.05,3415.11,1135.31,1,L,1
TXN001006,2024-04-28,2024,4,2,Sunday,Electronics,North,Wholesale,SP_008,4,474.46,0.0,1897.84,513.85,1,L,0
TXN004422,2024-04-28,2024,4,2,Sunday,Books,Central,Mobile App,SP_001,7,23.53,0.0,164.71,128.23,0,XS,0
TXN001176,2024-04-28,2024,4,2,Sunday,Home Goods,East,Retail Store,SP_007,3,106.29,0.05,302.93,107.02,0,S,1
TXN000636,2024-04-28,2024,4,2,Sunday,Clothing,South,Online,SP_037,8,65.02,0.0,520.16,271.14,1,M,0
TXN002945,2024-04-28,2024,4,2,Sunday,Home Goods,North,Online,SP_021,4,103.69,0.15,352.55,157.52,0,S,1
TXN004171,2024-04-29,2024,4,2,Monday,Sports,North,Wholesale,SP_032,7,104.18,0.1,656.33,218.69,0,M,1
TXN004828,2024-04-29,2024,4,2,Monday,Clothing,Central,Mobile App,SP_035,14,85.47,0.05,1136.75,595.28,0,L,1
TXN001327,2024-04-29,2024,4,2,Monday,Clothing,West,Mobile App,SP_028,8,70.45,0.0,563.6,317.51,1,M,0
TXN001863,2024-04-29,2024,4,2,Monday,Sports,North,Mobile App,SP_032,10,102.12,0.0,1021.2,354.62,0,L,0
TXN000187,2024-04-29,2024,4,2,Monday,Sports,Central,Wholesale,SP_003,5,83.42,0.0,417.1,184.47,0,S,0
TXN002766,2024-04-30,2024,4,2,Tuesday,Books,West,Wholesale,SP_011,5,27.66,0.0,138.3,92.73,0,XS,0
TXN001491,2024-04-30,2024,4,2,Tuesday,Clothing,North,Online,SP_037,9,70.47,0.0,634.23,350.81,0,M,0
TXN003792,2024-04-30,2024,4,2,Tuesday,Books,South,Wholesale,SP_011,9,24.25,0.0,218.25,130.93,0,S,0
TXN002981,2024-04-30,2024,4,2,Tuesday,Sports,Central,Retail Store,SP_035,6,96.95,0.1,523.53,167.32,0,M,1
TXN000168,2024-04-30,2024,4,2,Tuesday,Electronics,West,Retail Store,SP_040,6,387.04,0.0,2322.24,536.48,0,L,0
TXN002237,2024-05-01,2024,5,2,Wednesday,Clothing,South,Online,SP_028,6,72.67,0.05,414.22,189.02,0,S,1
TXN002467,2024-05-01,2024,5,2,Wednesday,Electronics,Central,Wholesale,SP_016,4,465.61,0.05,1769.32,586.18,0,L,1
TXN001548,2024-05-01,2024,5,2,Wednesday,Home Goods,West,Online,SP_032,16,107.0,0.15,1455.2,704.38,0,L,1
TXN000781,2024-05-01,2024,5,2,Wednesday,Books,Central,Online,SP_034,4,27.36,0.0,109.44,82.63,0,XS,0
TXN000367,2024-05-02,2024,5,2,Thursday,Clothing,East,Wholesale,SP_039,10,80.93,0.15,687.91,381.89,0,M,1
TXN004668,2024-05-02,2024,5,2,Thursday,Electronics,North,Retail Store,SP_020,8,494.37,0.1,3559.46,889.8,0,L,1
TXN000039,2024-05-03,2024,5,2,Friday,Electronics,South,Mobile App,SP_008,10,388.33,0.15,3300.8,1068.83,0,L,1
TXN004499,2024-05-03,2024,5,2,Friday,Sports,North,Online,SP_033,6,86.13,0.0,516.78,166.29,0,M,0
TXN004813,2024-05-03,2024,5,2,Friday,Home Goods,South,Online,SP_012,12,132.99,0.1,1436.29,616.38,0,L,1
TXN004035,2024-05-03,2024,5,2,Friday,Home Goods,West,Mobile App,SP_016,11,107.86,0.0,1186.46,517.14,0,L,0
TXN000798,2024-05-03,2024,5,2,Friday,Books,Central,Retail Store,SP_030,5,24.7,0.1,111.15,71.91,0,XS,1
TXN003366,2024-05-03,2024,5,2,Friday,Sports,South,Wholesale,SP_022,4,103.01,0.2,329.63,102.11,0,S,1
TXN002651,2024-05-04,2024,5,2,Saturday,Home Goods,West,Online,SP_018,11,127.58,0.05,1333.21,517.01,0,L,1
TXN002989,2024-05-04,2024,5,2,Saturday,Sports,East,Mobile App,SP_017,6,105.07,0.05,598.9,222.36,0,M,1
TXN000864,2024-05-04,2024,5,2,Saturday,Clothing,West,Mobile App,SP_025,8,82.86,0.0,662.88,419.23,0,M,0
TXN003550,2024-05-05,2024,5,2,Sunday,Electronics,North,Online,SP_030,7,440.92,0.05,2932.12,798.45,0,L,1
TXN000828,2024-05-05,2024,5,2,Sunday,Books,West,Wholesale,SP_020,4,27.64,0.0,110.56,77.15,1,XS,0
TXN004486,2024-05-05,2024,5,2,Sunday,Home Goods,North,Online,SP_006,16,121.63,0.0,1946.08,973.37,0,L,0
TXN003193,2024-05-05,2024,5,2,Sunday,Books,West,Wholesale,SP_031,9,26.94,0.05,230.34,163.51,1,S,1
TXN001092,2024-05-05,2024,5,2,Sunday,Books,East,Online,SP_032,3,22.75,0.0,68.25,36.57,0,XS,0
TXN003017,2024-05-05,2024,5,2,Sunday,Electronics,North,Retail Store,SP_026,7,488.83,0.0,3421.81,840.46,1,L,0
TXN001507,2024-05-06,2024,5,2,Monday,Home Goods,East,Online,SP_039,17,134.44,0.0,2285.48,1086.91,1,L,0
TXN003961,2024-05-06,2024,5,2,Monday,Sports,East,Wholesale,SP_029,5,89.8,0.1,404.1,177.61,0,S,1
TXN004862,2024-05-07,2024,5,2,Tuesday,Books,South,Wholesale,SP_026,3,24.72,0.15,63.04,42.82,0,XS,1
TXN001766,2024-05-07,2024,5,2,Tuesday,Books,South,Retail Store,SP_009,2,23.95,0.1,43.11,25.49,0,XS,1
TXN000466,2024-05-07,2024,5,2,Tuesday,Clothing,North,Wholesale,SP_004,8,81.93,0.1,589.9,359.19,0,M,1
TXN004893,2024-05-08,2024,5,2,Wednesday,Sports,East,Wholesale,SP_030,7,103.09,0.0,721.63,276.91,0,M,0
TXN004689,2024-05-08,2024,5,2,Wednesday,Sports,West,Retail Store,SP_009,10,93.54,0.2,748.32,323.61,0,M,1
TXN000656,2024-05-08,2024,5,2,Wednesday,Electronics,South,Mobile App,SP_029,6,417.87,0.0,2507.22,809.21,0,L,0
TXN004177,2024-05-08,2024,5,2,Wednesday,Clothing,Central,Wholesale,SP_021,14,79.05,0.1,996.03,550.35,0,M,1
TXN000213,2024-05-08,2024,5,2,Wednesday,Sports,South,Retail Store,SP_012,5,95.02,0.1,427.59,181.63,0,S,1
TXN004089,2024-05-09,2024,5,2,Thursday,Home Goods,East,Retail Store,SP_004,13,102.14,0.05,1261.43,442.91,0,L,1
TXN001261,2024-05-09,2024,5,2,Thursday,Sports,East,Retail Store,SP_018,6,106.12,0.0,636.72,239.22,0,M,0
TXN004054,2024-05-09,2024,5,2,Thursday,Books,Central,Mobile App,SP_021,6,27.99,0.2,134.35,84.46,1,XS,1
TXN003336,2024-05-09,2024,5,2,Thursday,Electronics,West,Mobile App,SP_014,10,399.6,0.05,3796.2,1185.4,0,L,1
TXN000373,2024-05-09,2024,5,2,Thursday,Sports,Central,Mobile App,SP_035,3,108.02,0.05,307.86,121.64,0,S,1
TXN001053,2024-05-10,2024,5,2,Friday,Electronics,North,Wholesale,SP_033,3,489.54,0.05,1395.19,438.22,0,L,1
TXN002676,2024-05-10,2024,5,2,Friday,Books,West,Wholesale,SP_012,8,21.33,0.0,170.64,129.41,0,XS,0
TXN002201,2024-05-11,2024,5,2,Saturday,Books,South,Online,SP_025,7,22.89,0.0,160.23,118.03,0,XS,0
TXN001255,2024-05-11,2024,5,2,Saturday,Sports,North,Retail Store,SP_017,6,96.27,0.2,462.1,154.89,0,S,1
TXN004584,2024-05-11,2024,5,2,Saturday,Electronics,East,Wholesale,SP_040,5,474.88,0.1,2136.96,670.31,0,L,1
TXN003425,2024-05-12,2024,5,2,Sunday,Books,North,Wholesale,SP_015,9,22.29,0.0,200.61,111.25,1,S,0
TXN003500,2024-05-12,2024,5,2,Sunday,Books,East,Mobile App,SP_002,3,24.82,0.1,67.01,35.71,0,XS,1
TXN001182,2024-05-12,2024,5,2,Sunday,Books,North,Mobile App,SP_025,14,22.6,0.05,300.58,183.45,0,S,1
TXN001975,2024-05-13,2024,5,2,Monday,Home Goods,Central,Retail Store,SP_029,7,132.67,0.1,835.82,392.12,0,M,1
TXN002191,2024-05-13,2024,5,2,Monday,Sports,West,Retail Store,SP_015,5,97.67,0.0,488.35,169.5,1,S,0
TXN003731,2024-05-13,2024,5,2,Monday,Home Goods,North,Mobile App,SP_038,3,133.18,0.2,319.63,122.64,0,S,1
TXN004126,2024-05-13,2024,5,2,Monday,Clothing,Central,Mobile App,SP_018,9,84.2,0.05,719.91,384.37,0,M,1
TXN000524,2024-05-13,2024,5,2,Monday,Sports,East,Retail Store,SP_002,7,81.38,0.1,512.69,218.41,0,M,1
TXN003957,2024-05-14,2024,5,2,Tuesday,Electronics,East,Retail Store,SP_009,3,467.65,0.0,1402.95,344.61,1,L,0
TXN004985,2024-05-14,2024,5,2,Tuesday,Clothing,South,Wholesale,SP_026,9,85.54,0.0,769.86,377.21,0,M,0
TXN002418,2024-05-14,2024,5,2,Tuesday,Sports,North,Wholesale,SP_010,4,99.03,0.05,376.31,122.66,0,S,1
TXN000491,2024-05-14,2024,5,2,Tuesday,Sports,South,Online,SP_002,6,104.0,0.0,624.0,225.58,0,M,0
TXN003930,2024-05-14,2024,5,2,Tuesday,Electronics,West,Wholesale,SP_032,7,446.89,0.05,2971.82,690.66,0,L,1
TXN002804,2024-05-15,2024,5,2,Wednesday,Books,West,Wholesale,SP_015,10,22.07,0.0,220.7,125.76,0,S,0
TXN001163,2024-05-16,2024,5,2,Thursday,Home Goods,West,Retail Store,SP_001,6,137.74,0.0,826.44,332.62,0,M,0
TXN003008,2024-05-16,2024,5,2,Thursday,Books,North,Mobile App,SP_031,8,23.62,0.0,188.96,143.34,0,XS,0
TXN002056,2024-05-16,2024,5,2,Thursday,Sports,Central,Wholesale,SP_014,5,96.98,0.05,460.66,208.88,0,S,1
TXN000472,2024-05-17,2024,5,2,Friday,Clothing,North,Mobile App,SP_001,6,74.3,0.0,445.8,287.22,0,S,0
TXN001085,2024-05-17,2024,5,2,Friday,Sports,East,Wholesale,SP_026,10,93.15,0.1,838.35,334.28,1,M,1
TXN000979,2024-05-17,2024,5,2,Friday,Clothing,Central,Retail Store,SP_012,8,79.02,0.1,568.94,309.51,1,M,1
TXN004903,2024-05-18,2024,5,2,Saturday,Home Goods,East,Online,SP_029,15,123.46,0.0,1851.9,834.99,0,L,0
TXN001097,2024-05-18,2024,5,2,Saturday,Sports,South,Wholesale,SP_025,8,86.47,0.2,553.41,183.88,0,M,1
TXN003848,2024-05-18,2024,5,2,Saturday,Books,Central,Online,SP_030,8,27.35,0.0,218.8,166.97,0,S,0
TXN000238,2024-05-18,2024,5,2,Saturday,Clothing,Central,Wholesale,SP_021,4,72.7,0.0,290.8,186.78,0,S,0
TXN004674,2024-05-18,2024,5,2,Saturday,Electronics,Central,Online,SP_038,12,386.85,0.0,4642.2,1135.05,0,L,0
TXN004224,2024-05-19,2024,5,2,Sunday,Sports,North,Mobile App,SP_032,7,103.73,0.0,726.11,237.12,0,M,0
TXN004931,2024-05-19,2024,5,2,Sunday,Books,North,Wholesale,SP_031,7,24.42,0.0,170.94,110.97,0,XS,0
TXN003879,2024-05-20,2024,5,2,Monday,Clothing,Central,Online,SP_030,10,76.98,0.05,731.31,443.85,0,M,1
TXN004576,2024-05-20,2024,5,2,Monday,Sports,East,Mobile App,SP_022,4,108.86,0.05,413.67,127.68,0,S,1
TXN000078,2024-05-20,2024,5,2,Monday,Clothing,West,Retail Store,SP_018,6,78.0,0.05,444.6,220.85,1,S,1
TXN001226,2024-05-20,2024,5,2,Monday,Sports,North,Retail Store,SP_013,14,85.19,0.0,1192.66,408.53,0,L,0
TXN000643,2024-05-20,2024,5,2,Monday,Books,North,Mobile App,SP_034,3,23.36,0.05,66.58,46.19,0,XS,1
TXN001936,2024-05-21,2024,5,2,Tuesday,Sports,West,Online,SP_023,8,96.34,0.05,732.18,325.15,0,M,1
TXN003227,2024-05-21,2024,5,2,Tuesday,Clothing,South,Mobile App,SP_033,12,63.88,0.1,689.9,406.61,0,M,1
TXN002398,2024-05-21,2024,5,2,Tuesday,Electronics,North,Wholesale,SP_007,7,502.66,0.05,3342.69,863.15,0,L,1
TXN000632,2024-05-22,2024,5,2,Wednesday,Electronics,Central,Retail Store,SP_029,11,451.72,0.0,4968.92,1334.67,1,L,0
TXN001083,2024-05-22,2024,5,2,Wednesday,Home Goods,North,Mobile App,SP_035,12,133.83,0.0,1605.96,562.24,0,L,0
TXN001402,2024-05-22,2024,5,2,Wednesday,Books,South,Mobile App,SP_015,5,26.95,0.0,134.75,89.84,1,XS,0
TXN003140,2024-05-22,2024,5,2,Wednesday,Books,East,Wholesale,SP_022,7,25.39,0.05,168.84,89.57,0,XS,1
TXN004941,2024-05-23,2024,5,2,Thursday,Sports,South,Wholesale,SP_033,7,102.79,0.0,719.53,261.89,0,M,0
TXN001233,2024-05-23,2024,5,2,Thursday,Clothing,Central,Wholesale,SP_037,7,68.33,0.15,406.56,236.49,0,S,1
TXN002944,2024-05-23,2024,5,2,Thursday,Clothing,North,Wholesale,SP_037,6,68.5,0.1,369.9,169.07,1,S,1
TXN003422,2024-05-23,2024,5,2,Thursday,Sports,East,Wholesale,SP_002,4,95.14,0.05,361.53,145.82,0,S,1
TXN002799,2024-05-23,2024,5,2,Thursday,Sports,South,Mobile App,SP_013,7,90.62,0.0,634.34,216.44,1,M,0
TXN003446,2024-05-23,2024,5,2,Thursday,Home Goods,East,Wholesale,SP_015,14,127.63,0.05,1697.48,776.42,1,L,1
TXN000259,2024-05-24,2024,5,2,Friday,Home Goods,Central,Online,SP_002,10,108.79,0.0,1087.9,488.44,0,L,0
TXN004844,2024-05-24,2024,5,2,Friday,Electronics,North,Mobile App,SP_007,9,471.41,0.05,4030.56,1118.6,0,L,1
TXN002151,2024-05-24,2024,5,2,Friday,Books,North,Mobile App,SP_032,3,27.93,0.0,83.79,56.91,0,XS,0
TXN003981,2024-05-24,2024,5,2,Friday,Clothing,North,Mobile App,SP_031,5,69.34,0.05,329.37,188.27,0,S,1
TXN001136,2024-05-25,2024,5,2,Saturday,Clothing,South,Mobile App,SP_029,8,73.01,0.1,525.67,259.44,1,M,1
TXN000685,2024-05-25,2024,5,2,Saturday,Clothing,Central,Retail Store,SP_019,7,66.12,0.0,462.84,273.2,0,S,0
TXN002060,2024-05-25,2024,5,2,Saturday,Electronics,Central,Wholesale,SP_021,4,503.0,0.05,1911.4,592.81,0,L,1
TXN000306,2024-05-25,2024,5,2,Saturday,Home Goods,West,Mobile App,SP_035,10,109.47,0.1,985.23,370.45,0,M,1
TXN002414,2024-05-25,2024,5,2,Saturday,Electronics,Central,Wholesale,SP_037,10,469.01,0.05,4455.6,1434.59,1,L,1
TXN000107,2024-05-26,2024,5,2,Sunday,Books,Central,Retail Store,SP_034,5,23.07,0.0,115.35,89.57,0,XS,0
TXN000576,2024-05-26,2024,5,2,Sunday,Home Goods,Central,Mobile App,SP_027,11,130.64,0.2,1149.63,478.43,0,L,1
TXN003745,2024-05-26,2024,5,2,Sunday,Home Goods,South,Online,SP_003,14,132.25,0.0,1851.5,838.63,0,L,0
TXN001672,2024-05-26,2024,5,2,Sunday,Electronics,South,Wholesale,SP_010,10,476.44,0.0,4764.4,1575.87,0,L,0
TXN004555,2024-05-26,2024,5,2,Sunday,Home Goods,West,Wholesale,SP_031,11,104.04,0.05,1087.22,367.02,0,L,1
TXN002516,2024-05-27,2024,5,2,Monday,Clothing,North,Wholesale,SP_040,9,67.46,0.0,607.14,386.1,0,M,0
TXN000638,2024-05-27,2024,5,2,Monday,Sports,West,Retail Store,SP_015,6,108.94,0.1,588.28,193.75,0,M,1
TXN003078,2024-05-27,2024,5,2,Monday,Electronics,Central,Retail Store,SP_012,2,396.07,0.05,752.53,215.44,0,M,1
TXN001499,2024-05-27,2024,5,2,Monday,Electronics,North,Wholesale,SP_023,4,496.23,0.05,1885.67,507.13,0,L,1
TXN002354,2024-05-27,2024,5,2,Monday,Books,North,Retail Store,SP_035,6,27.5,0.05,156.75,86.06,0,XS,1
TXN004148,2024-05-28,2024,5,2,Tuesday,Home Goods,West,Mobile App,SP_033,16,108.7,0.0,1739.2,599.33,0,L,0
TXN000086,2024-05-28,2024,5,2,Tuesday,Electronics,South,Wholesale,SP_007,9,507.41,0.05,4338.36,1059.53,0,L,1
TXN004925,2024-05-29,2024,5,2,Wednesday,Books,North,Mobile App,SP_026,4,27.17,0.0,108.68,76.78,0,XS,0
TXN001540,2024-05-29,2024,5,2,Wednesday,Sports,Central,Mobile App,SP_007,4,99.6,0.1,358.56,134.55,0,S,1
TXN001346,2024-05-29,2024,5,2,Wednesday,Electronics,North,Retail Store,SP_021,9,431.45,0.15,3300.59,786.57,0,L,1
TXN002104,2024-05-29,2024,5,2,Wednesday,Home Goods,East,Retail Store,SP_021,10,132.1,0.15,1122.85,546.39,0,L,1
TXN004352,2024-05-29,2024,5,2,Wednesday,Home Goods,West,Retail Store,SP_020,14,137.22,0.0,1921.08,684.51,0,L,0
TXN002644,2024-05-30,2024,5,2,Thursday,Home Goods,South,Online,SP_001,7,129.83,0.1,817.93,405.37,0,M,1
TXN003408,2024-05-30,2024,5,2,Thursday,Electronics,West,Online,SP_036,10,510.32,0.15,4337.72,989.96,0,L,1
TXN002991,2024-05-30,2024,5,2,Thursday,Books,East,Online,SP_027,8,23.01,0.05,174.88,122.24,0,XS,1
TXN003047,2024-05-31,2024,5,2,Friday,Sports,North,Mobile App,SP_001,9,87.7,0.15,670.91,231.18,0,M,1
TXN003327,2024-06-01,2024,6,2,Saturday,Books,North,Online,SP_010,14,26.24,0.05,348.99,262.51,0,S,1
TXN002211,2024-06-01,2024,6,2,Saturday,Home Goods,Central,Wholesale,SP_030,23,128.74,0.0,2961.02,1243.15,1,L,0
TXN004988,2024-06-01,2024,6,2,Saturday,Home Goods,South,Online,SP_036,7,108.17,0.2,605.75,229.81,0,M,1
TXN001800,2024-06-01,2024,6,2,Saturday,Sports,Central,Mobile App,SP_039,11,104.11,0.0,1145.21,463.18,0,L,0
TXN001270,2024-06-02,2024,6,2,Sunday,Sports,South,Mobile App,SP_002,22,97.86,0.1,1937.63,664.9,0,L,1
TXN004591,2024-06-02,2024,6,2,Sunday,Books,East,Retail Store,SP_011,9,25.37,0.0,228.33,143.99,0,S,0
TXN004544,2024-06-02,2024,6,2,Sunday,Clothing,North,Online,SP_022,4,65.33,0.0,261.32,122.15,0,S,0
TXN004439,2024-06-02,2024,6,2,Sunday,Books,North,Mobile App,SP_030,9,24.39,0.05,208.53,131.24,1,S,1
TXN003575,2024-06-02,2024,6,2,Sunday,Electronics,West,Online,SP_029,10,391.8,0.0,3918.0,962.37,1,L,0
TXN003809,2024-06-02,2024,6,2,Sunday,Sports,Central,Retail Store,SP_013,12,86.53,0.0,1038.36,398.33,0,L,0
TXN002471,2024-06-02,2024,6,2,Sunday,Books,Central,Online,SP_006,5,25.2,0.0,126.0,74.62,0,XS,0
TXN004449,2024-06-02,2024,6,2,Sunday,Electronics,South,Wholesale,SP_037,2,409.82,0.0,819.64,221.78,1,M,0
TXN000400,2024-06-03,2024,6,2,Monday,Sports,South,Retail Store,SP_014,7,86.16,0.1,542.81,168.23,0,M,1
TXN002914,2024-06-03,2024,6,2,Monday,Home Goods,East,Retail Store,SP_004,13,102.25,0.0,1329.25,641.48,0,L,0
TXN000855,2024-06-03,2024,6,2,Monday,Electronics,South,Mobile App,SP_005,14,461.94,0.1,5820.44,1666.85,0,XL,1
TXN004013,2024-06-04,2024,6,2,Tuesday,Sports,West,Mobile App,SP_028,9,98.67,0.05,843.63,309.47,0,M,1
TXN004604,2024-06-04,2024,6,2,Tuesday,Clothing,Central,Retail Store,SP_027,5,70.3,0.2,281.2,176.97,0,S,1
TXN002726,2024-06-04,2024,6,2,Tuesday,Sports,South,Retail Store,SP_005,15,86.82,0.05,1237.18,500.29,0,L,1
TXN002717,2024-06-04,2024,6,2,Tuesday,Clothing,West,Online,SP_006,6,66.44,0.0,398.64,256.37,0,S,0
TXN002593,2024-06-04,2024,6,2,Tuesday,Sports,North,Online,SP_017,15,106.4,0.0,1596.0,599.13,0,L,0
TXN003348,2024-06-04,2024,6,2,Tuesday,Sports,West,Online,SP_025,13,89.39,0.05,1103.97,372.75,1,L,1
TXN002531,2024-06-05,2024,6,2,Wednesday,Electronics,South,Mobile App,SP_039,6,439.07,0.1,2370.98,558.62,0,L,1
TXN002612,2024-06-06,2024,6,2,Thursday,Sports,North,Wholesale,SP_029,12,109.07,0.05,1243.4,447.03,1,L,1
TXN001093,2024-06-06,2024,6,2,Thursday,Sports,South,Online,SP_034,14,85.55,0.0,1197.7,496.61,0,L,0
TXN003511,2024-06-06,2024,6,2,Thursday,Sports,East,Online,SP_010,11,85.36,0.1,845.06,306.64,0,M,1
TXN002483,2024-06-06,2024,6,2,Thursday,Home Goods,South,Retail Store,SP_009,4,132.65,0.1,477.54,168.58,0,S,1
TXN000479,2024-06-06,2024,6,2,Thursday,Clothing,Central,Online,SP_032,5,82.04,0.0,410.2,232.72,0,S,0
TXN000247,2024-06-07,2024,6,2,Friday,Home Goods,West,Retail Store,SP_008,21,127.01,0.0,2667.21,1222.83,1,L,0
TXN001043,2024-06-07,2024,6,2,Friday,Clothing,North,Mobile App,SP_013,7,67.18,0.0,470.26,292.84,0,S,0
TXN002268,2024-06-07,2024,6,2,Friday,Clothing,West,Online,SP_030,7,70.97,0.2,397.43,220.99,0,S,1
TXN003249,2024-06-08,2024,6,2,Saturday,Books,East,Online,SP_039,5,28.57,0.0,142.85,76.66,0,XS,0
TXN003173,2024-06-08,2024,6,2,Saturday,Sports,South,Online,SP_034,2,97.26,0.0,194.52,74.08,0,XS,0
TXN000704,2024-06-09,2024,6,2,Sunday,Home Goods,East,Wholesale,SP_027,10,130.38,0.0,1303.8,494.82,1,L,0
TXN000981,2024-06-09,2024,6,2,Sunday,Clothing,Central,Online,SP_007,5,69.13,0.1,311.08,151.01,0,S,1
TXN003391,2024-06-09,2024,6,2,Sunday,Books,West,Wholesale,SP_025,6,27.77,0.0,166.62,119.04,0,XS,0
TXN002647,2024-06-09,2024,6,2,Sunday,Electronics,West,Online,SP_007,10,481.94,0.0,4819.4,1554.61,0,L,0
TXN001921,2024-06-09,2024,6,2,Sunday,Books,North,Online,SP_027,7,26.73,0.0,187.11,108.07,0,XS,0
TXN003068,2024-06-10,2024,6,2,Monday,Electronics,South,Retail Store,SP_031,12,454.4,0.05,5180.16,1505.17,0,XL,1
TXN004781,2024-06-10,2024,6,2,Monday,Books,West,Retail Store,SP_014,3,24.95,0.0,74.85,40.74,0,XS,0
TXN004620,2024-06-10,2024,6,2,Monday,Home Goods,West,Wholesale,SP_012,14,134.38,0.05,1787.25,790.03,0,L,1
TXN004610,2024-06-10,2024,6,2,Monday,Home Goods,Central,Online,SP_021,7,127.41,0.2,713.5,309.63,1,M,1
TXN003642,2024-06-10,2024,6,2,Monday,Sports,West,Online,SP_036,6,100.13,0.15,510.66,221.61,0,M,1
TXN003618,2024-06-11,2024,6,2,Tuesday,Electronics,North,Online,SP_014,7,393.65,0.0,2755.55,651.05,0,L,0
TXN003554,2024-06-11,2024,6,2,Tuesday,Sports,Central,Retail Store,SP_013,16,95.67,0.0,1530.72,554.82,0,L,0
TXN002475,2024-06-11,2024,6,2,Tuesday,Electronics,West,Mobile App,SP_040,6,417.05,0.05,2377.18,560.28,0,L,1
TXN000881,2024-06-11,2024,6,2,Tuesday,Electronics,West,Wholesale,SP_007,14,503.11,0.0,7043.54,1730.92,1,XL,0
TXN002929,2024-06-11,2024,6,2,Tuesday,Electronics,North,Mobile App,SP_004,2,412.11,0.15,700.59,186.28,0,M,1
TXN000671,2024-06-11,2024,6,2,Tuesday,Electronics,Central,Online,SP_031,4,474.38,0.0,1897.52,450.82,0,L,0
TXN001785,2024-06-12,2024,6,2,Wednesday,Sports,West,Online,SP_030,20,88.23,0.0,1764.6,773.74,1,L,0
TXN002413,2024-06-12,2024,6,2,Wednesday,Electronics,North,Online,SP_024,3,510.11,0.05,1453.81,388.38,0,L,1
TXN003209,2024-06-12,2024,6,2,Wednesday,Home Goods,South,Wholesale,SP_036,12,120.51,0.0,1446.12,541.26,1,L,0
TXN003268,2024-06-13,2024,6,2,Thursday,Clothing,North,Online,SP_010,11,70.32,0.0,773.52,377.06,0,M,0
TXN002597,2024-06-13,2024,6,2,Thursday,Books,Central,Mobile App,SP_010,10,22.97,0.15,195.24,147.82,1,XS,1
TXN000642,2024-06-13,2024,6,2,Thursday,Books,North,Online,SP_006,7,26.69,0.05,177.49,133.59,1,XS,1
TXN000658,2024-06-13,2024,6,2,Thursday,Clothing,North,Wholesale,SP_016,4,81.82,0.1,294.55,187.75,0,S,1
TXN004383,2024-06-14,2024,6,2,Friday,Clothing,East,Mobile App,SP_039,10,75.2,0.0,752.0,453.45,0,M,0
TXN003312,2024-06-14,2024,6,2,Friday,Books,South,Retail Store,SP_020,7,22.84,0.1,143.89,99.38,1,XS,1
TXN003397,2024-06-14,2024,6,2,Friday,Sports,West,Online,SP_034,16,95.57,0.05,1452.66,447.83,0,L,1
TXN000592,2024-06-14,2024,6,2,Friday,Home Goods,West,Wholesale,SP_005,5,135.43,0.1,609.44,264.13,0,M,1
TXN000159,2024-06-14,2024,6,2,Friday,Sports,East,Online,SP_024,3,86.52,0.0,259.56,116.71,0,S,0
TXN004787,2024-06-14,2024,6,2,Friday,Electronics,North,Retail Store,SP_034,5,500.87,0.0,2504.35,649.93,0,L,0
TXN001670,2024-06-14,2024,6,2,Friday,Home Goods,North,Wholesale,SP_019,9,119.98,0.0,1079.82,491.06,0,L,0
TXN000365,2024-06-16,2024,6,2,Sunday,Clothing,West,Online,SP_009,5,77.24,0.0,386.2,246.6,0,S,0
TXN002623,2024-06-16,2024,6,2,Sunday,Electronics,West,Wholesale,SP_003,10,449.62,0.15,3821.77,865.8,0,L,1
TXN004566,2024-06-17,2024,6,2,Monday,Books,East,Online,SP_034,8,26.76,0.05,203.38,119.6,0,S,1
TXN003388,2024-06-17,2024,6,2,Monday,Electronics,East,Retail Store,SP_003,6,382.75,0.15,1952.02,616.06,0,L,1
TXN001581,2024-06-17,2024,6,2,Monday,Electronics,West,Retail Store,SP_002,5,393.23,0.0,1966.15,607.79,0,L,0
TXN004129,2024-06-17,2024,6,2,Monday,Books,West,Mobile App,SP_017,5,22.63,0.0,113.15,78.98,0,XS,0
TXN003721,2024-06-18,2024,6,2,Tuesday,Books,North,Mobile App,SP_011,7,24.4,0.0,170.8,97.22,0,XS,0
TXN003306,2024-06-18,2024,6,2,Tuesday,Home Goods,East,Online,SP_028,7,135.76,0.0,950.32,362.65,0,M,0
TXN002931,2024-06-18,2024,6,2,Tuesday,Home Goods,East,Retail Store,SP_039,10,102.96,0.0,1029.6,354.62,0,L,0
TXN001374,2024-06-18,2024,6,2,Tuesday,Clothing,Central,Retail Store,SP_016,10,85.51,0.0,855.1,491.25,1,M,0
TXN003558,2024-06-19,2024,6,2,Wednesday,Books,South,Wholesale,SP_018,7,25.81,0.0,180.67,111.25,0,XS,0
TXN004090,2024-06-19,2024,6,2,Wednesday,Electronics,North,Mobile App,SP_007,11,397.76,0.15,3719.06,1174.55,0,L,1
TXN000547,2024-06-19,2024,6,2,Wednesday,Electronics,East,Online,SP_007,6,493.73,0.05,2814.26,834.49,0,L,1
TXN001641,2024-06-19,2024,6,2,Wednesday,Electronics,South,Online,SP_003,6,486.14,0.0,2916.84,870.92,0,L,0
TXN000193,2024-06-19,2024,6,2,Wednesday,Sports,East,Online,SP_028,14,104.23,0.1,1313.3,589.89,0,L,1
TXN000761,2024-06-19,2024,6,2,Wednesday,Home Goods,North,Mobile App,SP_001,11,113.28,0.0,1246.08,515.47,0,L,0
TXN000606,2024-06-20,2024,6,2,Thursday,Electronics,Central,Online,SP_005,9,476.91,0.0,4292.19,1303.3,0,L,0
TXN000007,2024-06-20,2024,6,2,Thursday,Home Goods,Central,Retail Store,SP_005,10,131.36,0.0,1313.6,597.36,1,L,0
TXN000560,2024-06-20,2024,6,2,Thursday,Electronics,West,Retail Store,SP_031,6,396.25,0.0,2377.5,726.54,0,L,0
TXN000718,2024-06-20,2024,6,2,Thursday,Home Goods,North,Online,SP_023,8,116.98,0.05,889.05,325.55,0,M,1
TXN001918,2024-06-20,2024,6,2,Thursday,Clothing,South,Mobile App,SP_013,11,81.13,0.0,892.43,446.0,0,M,0
TXN003064,2024-06-21,2024,6,2,Friday,Electronics,North,Wholesale,SP_035,6,454.36,0.0,2726.16,846.83,0,L,0
TXN003917,2024-06-21,2024,6,2,Friday,Electronics,East,Retail Store,SP_004,10,500.64,0.0,5006.4,1420.55,0,XL,0
TXN004602,2024-06-21,2024,6,2,Friday,Sports,Central,Mobile App,SP_031,20,82.43,0.0,1648.6,598.67,0,L,0
TXN001959,2024-06-21,2024,6,2,Friday,Sports,West,Mobile App,SP_005,12,95.29,0.2,914.78,337.49,1,M,1
TXN002496,2024-06-22,2024,6,2,Saturday,Clothing,West,Mobile App,SP_034,4,71.17,0.0,284.68,172.19,0,S,0
TXN003380,2024-06-23,2024,6,2,Sunday,Clothing,North,Mobile App,SP_027,7,75.43,0.0,528.01,270.11,0,M,0
TXN001454,2024-06-23,2024,6,2,Sunday,Clothing,West,Wholesale,SP_033,3,86.02,0.1,232.25,116.44,0,S,1
TXN000281,2024-06-23,2024,6,2,Sunday,Sports,South,Retail Store,SP_003,19,102.12,0.05,1843.27,814.82,0,L,1
TXN001586,2024-06-23,2024,6,2,Sunday,Sports,North,Wholesale,SP_009,7,108.4,0.05,720.86,322.52,0,M,1
TXN004999,2024-06-24,2024,6,2,Monday,Home Goods,East,Wholesale,SP_033,12,109.57,0.05,1249.1,496.95,1,L,1
TXN001183,2024-06-24,2024,6,2,Monday,Books,North,Wholesale,SP_002,7,28.54,0.05,189.79,109.29,0,XS,1
TXN003395,2024-06-24,2024,6,2,Monday,Sports,South,Online,SP_024,17,81.24,0.05,1312.03,437.99,1,L,1
TXN004936,2024-06-24,2024,6,2,Monday,Sports,North,Wholesale,SP_024,9,89.22,0.15,682.53,285.68,0,M,1
TXN004978,2024-06-24,2024,6,2,Monday,Clothing,West,Retail Store,SP_033,9,85.62,0.0,770.58,488.57,1,M,0
TXN003993,2024-06-25,2024,6,2,Tuesday,Books,Central,Online,SP_013,6,28.29,0.05,161.25,117.42,0,XS,1
TXN002205,2024-06-25,2024,6,2,Tuesday,Electronics,Central,Retail Store,SP_019,9,399.37,0.05,3414.61,1130.55,0,L,1
TXN003165,2024-06-26,2024,6,2,Wednesday,Sports,West,Mobile App,SP_033,16,97.77,0.15,1329.67,405.54,0,L,1
TXN000597,2024-06-26,2024,6,2,Wednesday,Clothing,North,Wholesale,SP_025,5,81.81,0.15,347.69,171.87,0,S,1
TXN003776,2024-06-27,2024,6,2,Thursday,Home Goods,North,Retail Store,SP_024,17,129.03,0.0,2193.51,823.17,0,L,0
TXN000554,2024-06-27,2024,6,2,Thursday,Home Goods,North,Wholesale,SP_022,12,107.2,0.0,1286.4,527.77,0,L,0
TXN001624,2024-06-27,2024,6,2,Thursday,Sports,East,Online,SP_014,11,99.72,0.15,932.38,410.31,0,M,1
TXN002746,2024-06-27,2024,6,2,Thursday,Clothing,East,Online,SP_014,6,71.78,0.1,387.61,248.18,0,S,1
TXN004047,2024-06-27,2024,6,2,Thursday,Books,North,Online,SP_003,8,21.5,0.05,163.4,86.95,0,XS,1
TXN003696,2024-06-27,2024,6,2,Thursday,Home Goods,East,Retail Store,SP_020,16,114.01,0.0,1824.16,805.28,0,L,0
TXN001545,2024-06-28,2024,6,2,Friday,Sports,East,Retail Store,SP_011,8,106.47,0.0,851.76,288.56,1,M,0
TXN002803,2024-06-29,2024,6,2,Saturday,Sports,South,Retail Store,SP_020,13,92.6,0.15,1023.23,438.81,0,L,1
TXN000226,2024-06-29,2024,6,2,Saturday,Sports,North,Online,SP_032,9,89.64,0.05,766.42,323.16,1,M,1
TXN003087,2024-06-29,2024,6,2,Saturday,Electronics,East,Retail Store,SP_033,4,429.37,0.1,1545.73,365.04,0,L,1
TXN002103,2024-06-29,2024,6,2,Saturday,Home Goods,East,Wholesale,SP_033,10,137.01,0.0,1370.1,513.98,0,L,0
TXN004074,2024-06-29,2024,6,2,Saturday,Books,North,Wholesale,SP_005,12,25.35,0.15,258.57,166.27,0,S,1
TXN000123,2024-06-29,2024,6,2,Saturday,Sports,West,Online,SP_014,17,92.35,0.0,1569.95,685.05,1,L,0
TXN002566,2024-06-29,2024,6,2,Saturday,Electronics,East,Mobile App,SP_038,5,405.41,0.1,1824.35,476.92,0,L,1
TXN003532,2024-06-29,2024,6,2,Saturday,Home Goods,South,Mobile App,SP_027,7,111.33,0.1,701.38,321.48,0,M,1
TXN004670,2024-06-30,2024,6,2,Sunday,Sports,South,Mobile App,SP_028,15,102.05,0.05,1454.21,637.61,1,L,1
TXN000136,2024-06-30,2024,6,2,Sunday,Sports,North,Wholesale,SP_035,17,108.04,0.0,1836.68,607.29,0,L,0
